old_species_id	old_name	new_species_id	new_name	reason
90a1915f-6b36-499b-b17f-1d68ae55c602	Abalistes stellaris	5f32a3b6-8c7a-4161-be3d-c3185fd3ad19	Abalistes stellatus	Catalogue of Life names it; iNaturalist resolves it to the same taxon
b1936d3d-73a2-4c64-bf9e-78208c859e89	Abramis leuckartii	2fbe801d-5724-4596-8203-f80220238089	Abramis brama	Catalogue of Life names it
8bb5fba9-45e3-4835-b791-c87779bd3392	Abramis parsa	cfb415c6-6286-47c7-9249-3cc248a9acff	Vimba vimba	Catalogue of Life names it
35877dd3-515e-4275-b384-cab5f432c579	Abudefduf bicolor	29c65bff-0593-453a-8e51-108148fcc480	Abudefduf hoefleri	Catalogue of Life names it
6baf7014-8a9d-4c58-8046-328a2b7519ec	Abudefduf luridus	4e108ad4-86a1-4e04-94b8-00e0ce4ce028	Similiparma lurida	Catalogue of Life names it; iNaturalist resolves it to the same taxon
626d8a11-5e40-4a05-bf20-2f0237213e71	Acanthocobitis mandalayensis	c106d58c-3dc5-4599-aa33-09167b4d02ab	Paracanthocobitis mandalayensis	Catalogue of Life names it
5c345e5e-d4ae-4eb0-8825-c8d1fdf99564	Acanthopagrus swinhonis	36b64f65-92d8-4d8d-af5d-db05452e69c8	Acanthopagrus schlegelii	Catalogue of Life names it
23f966e3-c8dd-4dc3-a98d-764787929f08	Acanthurus cuvierii	784d1b1f-c109-4ab4-921a-ff3ebb748220	Ctenochaetus striatus	Catalogue of Life names it
6ea8b370-b24f-45e5-8198-92dbd2b1290d	Acanthurus meta	ec624ff1-0902-4de5-b306-ebdd383b8064	Acanthurus mata	Catalogue of Life names it
c3befd8f-2947-46b1-ac23-753247f8670b	Acanthurus striatus	784d1b1f-c109-4ab4-921a-ff3ebb748220	Ctenochaetus striatus	Catalogue of Life names it
fc1536e6-544f-4479-8d0b-663b30b28b90	Acanthurus zebra	2a951a21-3dcf-4561-bc6f-d72bde1a9c59	Acanthurus triostegus	Catalogue of Life names it
e0d197c3-c599-406c-b4dc-345abb7429d4	Acentrogobius chusanensis	a7c381a5-802f-46d7-81a5-7c4764ee9bd6	Ctenogobius chusanensis	Catalogue of Life names it
44059cd4-0166-4e6a-afcd-28c842c41899	Acentrogobius insularis	51524639-de24-4c6b-aa22-af0e253ec0a3	Acanthogobius insularis	Catalogue of Life names it
96cef719-001b-411b-af84-57a1fbfa9858	Acentrogobius nebulosus	7f770e96-f8a6-45ea-afde-f0b56c7d2f50	Yongeichthys criniger	iNaturalist resolves it to the same taxon
ae1ba300-7785-49f0-ae8b-5bcaf9413f62	Acheilognathus macrodorsalis	febe5b8e-01aa-464e-818f-934176517eb5	Acheilognathus imberbis	Catalogue of Life names it
2a216886-12e5-4b15-8bf2-ee22b7a06e35	Acipenser europeus	ea31452f-918e-402c-8452-c1f68382dbee	Acipenser sturio	Catalogue of Life names it
143787ad-b6c5-4d0a-bdfa-b473efb5dabb	Acipenser rostratus	abaeaed1-08a7-45c8-9f57-a4064279193a	Acipenser stellatus	Catalogue of Life names it
2566b3ca-a3eb-44e9-a68d-c307cfbff330	Acipenser schip	0afde255-e115-47d0-88ec-995d8c38ea71	Acipenser nudiventris	Catalogue of Life names it
828e839c-f841-47d2-9af5-51256783014a	Acipenser schipa	0afde255-e115-47d0-88ec-995d8c38ea71	Acipenser nudiventris	Catalogue of Life names it
6ab21f7a-65e3-4d5f-9aa4-ce0cd9ace0c4	Acipenser schypa	0afde255-e115-47d0-88ec-995d8c38ea71	Acipenser nudiventris	Catalogue of Life names it
bf16f607-9d35-442f-a44e-7dbb787d2d04	Acipenser seuruga	abaeaed1-08a7-45c8-9f57-a4064279193a	Acipenser stellatus	Catalogue of Life names it
b70ba5e8-6d3e-4ab7-95c9-f3d00450c5e1	Acipenser sterleta	45545ae3-c4f3-43d3-a872-4245efc05538	Acipenser ruthenus	Catalogue of Life names it
4561eefd-f340-49e1-be4b-090cdcfefa6e	Akrokolioplax bicornis	57ba6aef-0001-4266-8ddf-e15c8f7fcc02	Tariqilabeo bicornis	Catalogue of Life names it
2fbb4f8c-29bb-48c7-ac83-af60a604317d	Alburnus nordmannii	cfb415c6-6286-47c7-9249-3cc248a9acff	Vimba vimba	Catalogue of Life names it
32b05978-6d1b-4eb9-94b7-dc87366a8d27	Altigena elegans	924d7da0-bbeb-4e7e-a921-256c369f6838	Bangana elegans	Catalogue of Life names it
c95cb62e-ca23-4cb7-b540-2fbaf12e651a	Ambassis gruendleri	dc06412b-a8dd-4ed6-9741-d7eb1b985098	Ambassis ambassis	Catalogue of Life names it
7a86989c-aaa0-4bfa-b3ca-90eda8d9b218	Amblyceps arunchalensis	65e88a82-a118-45d6-b96c-20006a68155f	Amblyceps arunachalense	Catalogue of Life names it
105afa95-d6b8-461f-a897-be86e17b1146	Amblydoras truncatus	6164cf50-5279-4e92-9d94-01e52742b9ed	Amblydoras affinis	Catalogue of Life names it
f311a368-d552-4bf9-8e7f-cf03f7974350	Amblygobius perpusillus	3bec3b97-f353-45b6-a5aa-98e06b81d5ae	Amblygobius decussatus	Catalogue of Life names it
b89a2268-900c-4e10-9b53-4161553d64e7	Amblyraja badia	ad82ecc9-6825-4eb5-a4b9-68ccbec67a03	Amblyraja hyperborea	Catalogue of Life names it
fd7b583c-b50a-48a4-9ca1-b27032b0821a	Amblyraja robertsi	ad82ecc9-6825-4eb5-a4b9-68ccbec67a03	Amblyraja hyperborea	Catalogue of Life names it
02af3d0e-24c0-425d-a859-74270598a61a	Amblyrhynchotes honckenii	ca67d908-78f3-4f0e-93bb-154f11dc9a8d	Amblyrhynchote honckenii	Catalogue of Life names it; iNaturalist resolves it to the same taxon
40e7e061-5db4-49b0-99f8-f4cbd91883c7	Anostomoides laticeps	2fb62003-6d00-4744-a86f-79373af0231f	Anostomoides atrianalis	Catalogue of Life names it
cfa90b10-ceed-4109-a2b8-3646ebc8e7be	Anostomoides passionis	32dd5544-bafd-43cc-a632-bf76f3cac2d6	Insperanos nattereri	Catalogue of Life names it
63c5cb31-0dfe-4a1d-aeed-bce7ba3bab00	Antennarius argus	c181fbf7-7aef-4e75-869c-e18e03cb76eb	Antennarius pictus	Catalogue of Life names it
19e03136-2e8b-48de-bbc9-251c0c912ee2	Antennarius laysanius	c181fbf7-7aef-4e75-869c-e18e03cb76eb	Antennarius pictus	Catalogue of Life names it
0599038f-94a0-4028-9c59-77a141e93ac2	Antennarius leucosoma	c181fbf7-7aef-4e75-869c-e18e03cb76eb	Antennarius pictus	Catalogue of Life names it
45621971-c24f-44e8-8ab7-f91bfbfd23b0	Antennarius nigromaculatus	c181fbf7-7aef-4e75-869c-e18e03cb76eb	Antennarius pictus	Catalogue of Life names it
3236301d-89e6-4d8a-95dc-ac273290f3c8	Antennarius pinniceps	3672079b-8a9a-4aac-8da7-30196a407b0b	Antennarius striatus	Catalogue of Life names it
489e71db-530e-42a5-ad89-54e0895529ba	Antennarius reticularis	ea7da09a-5915-40d5-ba11-90a5aad596f5	Antennatus strigatus	Catalogue of Life names it
fb2ceabf-3b03-4854-8436-40a20c81615a	Anthias altus	bbfa3823-ac44-4b5e-8151-d43ec02638c8	Pseudanthias cooperi	Catalogue of Life names it
bdb353f9-719b-493f-84b7-be59cc3613af	Anthias formosus	c660b141-e6c1-4085-aa85-97dc7a3d4946	Haemulon sciurus	Catalogue of Life names it
582f0366-1301-4ad9-8f86-792928f02cf3	Anthias grunniens	7f5850c3-0f4e-48fb-868a-f05c23815d47	Pomadasys grunniens	Catalogue of Life names it
456d147e-37fb-4d3e-9c27-dfe4665d3451	Aphanius anatoliae	5bfeb50d-d5dd-4cf2-b2f7-a10035fb1c2d	Anatolichthys anatoliae	Catalogue of Life names it
fdf30ba7-dd96-4dd8-b1e7-f651b8711435	Aphanius arakensis	5b057959-94b1-47ff-9cbb-b0f2c65eba74	Esmaeilius sophiae	Catalogue of Life names it
54f57429-9868-4801-823a-4498888ec3e2	Aphanius baeticus	f81de750-5f08-4957-ba9a-98c60dfdbc84	Apricaphanius baeticus	Catalogue of Life names it; iNaturalist resolves it to the same taxon
f1d55f60-0011-4892-99f9-c8fdc315dfd1	Aphanius burdurensis	488c2752-359d-40a5-b44b-7337bf878975	Anatolichthys sureyanus	Catalogue of Life names it
6c0110c6-573e-4126-a2f2-2efa1ebd9041	Aphanius chantrei	f7f77149-bea7-4070-a79a-f511b2f280a6	Crenimugil seheli	Catalogue of Life names it
b5d25236-fae4-4cff-8305-cab8a40abaa9	Aphanius danfordii	e83ccb73-9d1a-483a-922f-d5ab78dc8f64	Anatolichthys danfordii	Catalogue of Life names it
75cfc7f7-8b5c-49c2-acc6-e262d4797238	Aphanius darabensis	72656d5d-e3e1-495e-957d-61ec36a811aa	Esmaeilius darabensis	Catalogue of Life names it
db1948b1-f6b6-4c85-bd2f-60626cd11454	Aphanius farsicus	1aaea3e3-b9d3-4650-9b84-6530059ee47c	Esmaeilius persicus	Catalogue of Life names it
f84c43b3-11e0-4cdb-a9f6-43ffd3f22eec	Aphanius iberus	759f3aa3-1965-4ccb-8720-c3b24acadd0c	Apricaphanius iberus	Catalogue of Life names it; iNaturalist resolves it to the same taxon
4590e34e-e618-453f-9f90-0c7646f8365b	Aphanius isfahanensis	5fc929a2-c1fe-466c-a262-6dda03352b99	Esmaeilius isfahanensis	Catalogue of Life names it
4304a447-bd27-4569-9ac5-24d3ac1ce474	Aphanius kavirensis	5b057959-94b1-47ff-9cbb-b0f2c65eba74	Esmaeilius sophiae	Catalogue of Life names it
859f63d8-91e6-4813-b52f-4e3787d99609	Aphanius marassantensis	703c45e2-6db9-4403-99fe-67228cda0641	Anatolichthys marassantensis	Catalogue of Life names it
ddb3814e-551b-44c3-a472-b6d079259793	Aphanius mento	9c5923b8-80f4-4313-9454-1f51ada2a0fd	Paraphanius mento	Catalogue of Life names it
0c08d659-bffa-4cbe-8f7d-b605e8a958f9	Aphanius mesopotamicus	5b057959-94b1-47ff-9cbb-b0f2c65eba74	Esmaeilius sophiae	Catalogue of Life names it
498bff4e-44e1-4cee-9397-2869ce15bed1	Aphanius pluristriatus	5b057959-94b1-47ff-9cbb-b0f2c65eba74	Esmaeilius sophiae	Catalogue of Life names it
c3541d86-c553-423d-9cd3-0392204e53c3	Aphanius saourensis	98dd2f56-1d32-4e3c-bb68-1a06c7352b12	Apricaphanius saourensis	Catalogue of Life names it
8a8caad9-953b-4f27-be96-660acdae85ec	Aphanius shirini	aec59f77-1d10-4539-a6ad-62567ae3c71c	Esmaeilius shirini	Catalogue of Life names it
b2354632-8ee6-4bb0-8558-dda5b193dce4	Aphanius sophiae	5b057959-94b1-47ff-9cbb-b0f2c65eba74	Esmaeilius sophiae	Catalogue of Life names it
e4dd9747-5371-4b91-9f6b-74a4e7510b40	Aphanius sureyanus	488c2752-359d-40a5-b44b-7337bf878975	Anatolichthys sureyanus	Catalogue of Life names it
f4c38b4f-4301-4f85-8561-ef72cc180ace	Aphanius transgrediens	69a27346-a4d5-48e9-b255-951996dfb2ff	Anatolichthys transgrediens	Catalogue of Life names it
2b5ec3eb-8789-4e6c-9c3c-bdabd63d02ec	Aphanius villwocki	f3c56214-f439-4634-b2cc-8a07f80840f5	Anatolichthys villwocki	Catalogue of Life names it
f5a0816e-2c4c-4e8b-9869-32608e1a5c32	Aphanius vladykovi	158b28b6-bf18-47de-8cfb-179b6f13358b	Esmaeilius vladykovi	Catalogue of Life names it
a7829adf-538a-4f2a-9d26-22a83a5ae9ea	Aphareus manillae	89c00232-3751-42e9-a1c1-67974429a57c	Aphareus furca	Catalogue of Life names it
050cab74-48ec-4cee-bdcc-6f4cb251124e	Aphyonus bolini	4f01fc13-5c61-4eb6-a744-bfe1e438d493	Paraphyonus bolini	Catalogue of Life names it
217f324d-cc6a-48e5-bc8b-d0048f1367a1	Aphyonus brevidorsalis	51ac141e-20b2-44b1-a5f7-000e3e91352b	Paraphyonus brevidorsalis	Catalogue of Life names it
8a6ddef2-161d-4f78-9b27-f424fa5670c9	Apistogramma reitzigi	9088460d-4f19-4738-ae99-239456bdddf1	Apistogramma borellii	Catalogue of Life names it
edbdafc1-19bd-42e5-9a64-b804e9a3473c	Apistoloricaria ommation	9becd7d3-4e84-49e4-8aa2-2ade9437d8da	Rhadinoloricaria ommation	Catalogue of Life names it
db7053ed-5cdf-4f4d-ba5a-68a190553dda	Aplocheilichthys meyburghi	40aed521-e4f9-4e95-9d50-364dceedf565	Lacustricola bukobanus	Catalogue of Life names it
461e0e5e-ba54-4f22-8c1d-20add6211177	Aplodactylus regina	5a0d654c-10c5-4c67-885f-b9aa4b54045d	Aplodactylus punctatus	Catalogue of Life names it
949b24f1-bcc9-4dc4-ac46-30043558f485	Apogon lineolatus	d7cb3c04-eb68-4b8d-8f18-51c0ef09f83d	Taeniamia lineolata	Catalogue of Life names it
cb7dfb09-423e-40ce-849f-f623ad77163b	Apogon popur	fd4be3db-94a3-4cf9-b4bf-e87d7a3adf22	Cheilodipterus quinquelineatus	Catalogue of Life names it
ec59ef7f-992a-48f7-9b6e-56af00be1264	Archamia macropteroides	f1b9c687-e870-4103-a4d1-fc886d92f917	Taeniamia fucata	Catalogue of Life names it
81ffa197-bd3a-44ba-a47c-8c28bd3066b9	Archamia zeylonicus	685ff72a-16df-48f5-ac4a-912abffb1fc6	Taeniamia macroptera	Catalogue of Life names it
691c838f-9f3f-4cb7-8624-1aa09aa85e6f	Ariosoma major	1d9ca922-9d38-4bdf-ba96-4e06f0822746	Ariosoma majus	Catalogue of Life names it
f60a7fb7-ea5a-4081-beb7-268e153fd77f	Arothron leopardus	402f640a-698d-4635-9482-309fb04c4918	Chelonodontops leopardus	Catalogue of Life names it
9f08ef6d-2e99-4669-ba77-9560508a3dae	Aspidontus tractus	ee697016-9801-4352-a512-d4ebfe37710b	Aspidontus taeniatus	Catalogue of Life names it; iNaturalist resolves it to the same taxon
56d8ccc9-81af-4c3b-be66-c2004bb65f97	Astatoreochromis vanderhorsti	d2af0e53-785c-4f04-82df-b3acf528d38e	Astatoreochromis straeleni	Catalogue of Life names it
118dcf59-dd6e-42f1-98b8-60b85a1aa06c	Astyanacinus multidens	194e2d72-3123-415f-bee0-abf90b4c4f8a	Astyanax multidens	Catalogue of Life names it
e390436a-781a-4247-9644-5324477b74fd	Astyanax daguae	f0884e48-fbee-4755-8789-c2eff0af13d6	Tetragonopterus daguae	Catalogue of Life names it
3586ea02-16c7-4d0b-bfa8-34d0e306ae12	Astyanax intermedius	7c0073ee-1f55-42ce-9987-58904975a99c	Deuterodon intermedius	Catalogue of Life names it
dc694dc1-bac8-4fc1-a4c2-f5d467aa9e75	Astyanax parahybae	62a421f1-60d3-4bed-aab2-d205467059bf	Psalidodon parahybae	Catalogue of Life names it
78496807-f9c3-4853-825f-ed0d14750bb0	Astyanax paranae	0d2ff748-8322-410a-add9-30154eaa5116	Psalidodon paranae	Catalogue of Life names it; iNaturalist resolves it to the same taxon
255290f6-b5b8-4d46-bca5-e67450a7b07e	Ateleopus natalensis	69c73736-9667-4bf9-9835-37b1d0f7481c	Ateleopus japonicus	Catalogue of Life names it
28749049-f40e-41ad-9fe4-6384617fea3c	Atherina japonica	c63ee555-7018-4125-b786-8234a708752d	Engraulis japonicus	Catalogue of Life names it
9435a15c-72ce-4bec-b5bb-1c0a270cfe1f	Atherina punctata	f47af7a4-0a92-4bc2-8e83-65bba325fa59	Atherinomorus lacunosus	Catalogue of Life names it
8bf8ec21-6273-4a92-89d6-a39b98778a2f	Atherina regia	f2f5b915-8589-48e8-ae51-67e6e814b71d	Odontesthes regia	Catalogue of Life names it
83425d58-a3b0-4a5b-8e83-59364530a473	Atherinomorus lineatus	40cdb006-5b2f-49f9-af7f-2f690ce14c08	Atherinomorus endrachtensis	Catalogue of Life names it
35fd9be5-4dc5-43ca-b522-a1bf16bda7b3	Atinga atinga	0a2066e9-acc0-4f1c-bb1e-334334329637	Chilomycterus reticulatus	Catalogue of Life names it
8cf25d69-d333-4684-bab9-fb431f5b9915	Atinga orbicularis	17218db2-10b3-46d8-9338-d9fc39970eab	Cyclichthys orbicularis	Catalogue of Life names it
adb5a48d-1f90-48cb-89f8-72966830afbe	Atropus ciliaris	e1e3fbd1-e8bf-45f4-8324-eb340763c791	Atropus atropos	Catalogue of Life names it
e1235afb-ecca-4584-9ff4-43f785c0a442	Azygopus flemingi	f3b0f982-44ea-4234-827a-ae38c3c38484	Azygopus pinnifasciatus	Catalogue of Life names it
515fb4fb-cfea-4aea-892c-47297c550b6d	Bagrus arioides	d0f599e0-6315-4343-bb30-ea30efea2c23	Cathorops multiradiatus	Catalogue of Life names it
3db1444a-6ecd-4070-b66f-ffb9b2cbbc2b	Bagrus punctulatus	be569086-f260-4c67-bcb6-b00685974cd2	Platynematichthys notatus	Catalogue of Life names it
901434dc-3c2c-47f3-8d5d-7c9184ff3eb0	Balistes angulosus	af73d3ce-6742-405d-a739-959569f6afc9	Canthidermis maculata	Catalogue of Life names it
8416652e-61f9-49d5-bbe0-c5d2a4ba39ba	Balistes fuscus	2613e27d-d820-4c8e-888a-df5617edadce	Pseudobalistes fuscus	Catalogue of Life names it
68caabcf-22ed-40d9-9f49-e9252be707ba	Balistes geographicus	9cf374dc-a82b-4dab-9c6a-e977c42b2401	Monacanthus chinensis	Catalogue of Life names it
811fe228-d5ca-42d8-96be-137cfb882d06	Balistes guttatus	68522ba4-ea71-4c61-adef-a59bfd5728ae	Balistes punctatus	Catalogue of Life names it
8cf1c712-890e-4a7d-9ca1-dcda71e2bf37	Balistes niger	4d14c7b1-28a2-4467-954d-2e861f0c4aea	Xanthichthys ringens	Catalogue of Life names it
4216ee58-ff6b-48a3-b303-1a322460d4c2	Balistes ornatissimus	6857e798-c0b5-4670-b0d4-d3083d464180	Rhinecanthus aculeatus	Catalogue of Life names it
207c94b8-aad5-497c-b883-0172798eb31b	Barathronus solomonensis	746e7595-c1bd-4ec8-a3c7-929e1cea282d	Paraphyonus solomonensis	Catalogue of Life names it
79c76ad3-ffb6-444e-bcaf-bfdfdd62b5ea	Barbatula vardarensis	7ec9324e-f403-4b51-8c80-5973a2372f92	Barbatula barbatula	Catalogue of Life names it
43a6e88b-64f1-4ba1-960e-49bb5de72ee9	Barbonymus schwanenfeldii	48dce31a-ba34-41c8-a267-ba73e3129dda	Barbonymus schwanefeldii	Catalogue of Life names it; iNaturalist resolves it to the same taxon
34745fd8-0de7-4e26-912f-d23d2405a0e4	Barbus leptopogon	3d4f2c46-f0ad-4589-9a6d-06f036a1c37e	Luciobarbus leptopogon	Catalogue of Life names it
cdefcc6b-5625-462f-85b3-ac22ed7e8ee4	Barbus luazomelae	e4e7ca10-e94a-42f4-ab5d-5dc618c522c6	Enteromius neumayeri	Catalogue of Life names it
830d550d-ca7d-4534-834d-bb0aff9634b4	Barbus macrophthalmus	849c5cee-9824-4199-9da7-3691e9f5016c	Labeobarbus macrophtalmus	Catalogue of Life names it
bf75bd3b-2274-4eae-a655-f6ca21d06c0b	Barbus melanypopterus	fbbc7a7d-b6fb-453b-85cf-b7b3f09975e3	Prolabeops melanhypopterus	Catalogue of Life names it
a35203b7-29f9-485e-b4dd-e02e4050cd30	Barbus platyrostris	62b63deb-0fba-4a7f-9589-2011451bd383	Luciobarbus brachycephalus	Catalogue of Life names it
a8967d64-fead-4b35-aab9-ff0026f61811	Barbus rionicus	01917edf-6354-47c2-8630-2d1b56232a1e	Luciobarbus escherichii	Catalogue of Life names it
f6700198-1233-4e3f-b927-43c3899106ae	Barbus tambra	5c530489-917a-438e-96ff-6a5f2097569d	Tor tambra	Catalogue of Life names it
c3b4b7dd-b461-4986-994d-9a99b314b5cb	Barbus vulgaris	91b11afa-a8bd-48df-abb5-80686d4d8d7b	Barbus barbus	Catalogue of Life names it
239571f5-4fb0-42c7-8f4c-2acade033399	Barilius bonarensis	f093c681-4008-49c7-9bde-ba9c7f966854	Barilius barila	Catalogue of Life names it
af1a8a4a-4798-43af-9be3-1709a356fbd9	Batasio elongatus	48fc4790-7470-4f61-93ca-32930bd4a946	Hemibagrus guttatus	Catalogue of Life names it
86eeacf5-50be-4dd4-b1e5-ae55a8155133	Bathyclupea malayana	5f7476a7-eac0-4713-bd20-f692fedf3f28	Neobathyclupea malayana	Catalogue of Life names it
16684208-f7ef-49cd-acbd-83a56f505c27	Bathycongrus megalops	84408bff-0ddd-4e1e-a9b3-8379521fb2dd	Ariosoma megalops	Catalogue of Life names it
d8070e01-6a42-415a-9979-c7fb2c1c7a4b	Bathyraja parmifera	331b9b6b-85dd-4ac1-be1a-7f17c0cefbbd	Arctoraja parmifera	Catalogue of Life names it
a68f3249-231b-4f03-8de0-99b50a571dcd	Blennius alauda	c8b488fe-23f2-42c1-8ee7-9d60b835ad62	Salaria pavo	Catalogue of Life names it
b5d72f51-c6a4-4933-993b-debda895249c	Blennius canescens	85b7f8a0-cb3d-4f36-8f7e-c4f6eb658848	Cirripectes polyzona	Catalogue of Life names it
8a90b9e0-cda5-400c-b4dd-f3c81d2e18b3	Blennius cinereus	8fa902a6-1573-400b-80c5-524e5e05d1fd	Istiblennius edentulus	Catalogue of Life names it
3b65cc4e-9486-44f8-bed1-08a682934a5b	Blennius fasciatus	ddecd498-3078-442b-ae72-e650279cae80	Salarias fasciatus	Catalogue of Life names it
52512b18-7100-4637-8ac7-7eb6690f7e31	Blennius fuscus	a9f87188-2808-4eb0-b469-462a101aa139	Raniceps raninus	Catalogue of Life names it
da3f6a1f-d598-444d-8fed-415184d0baab	Blennius mustellaris	4782d459-f135-4dfc-8adc-1f1190988796	Clinus superciliosus	Catalogue of Life names it
fbe25dd7-515b-49e8-a9c4-78decac96ef2	Blennius palmicornis	1caeabf9-7fab-4533-903f-a8da2c6dbb96	Parablennius sanguinolentus	Catalogue of Life names it
ef673dff-a6a7-4720-9849-14f67e11e3d4	Blennius pholis	efe2895b-3936-4fd7-94ad-6a110a3a6689	Lipophrys pholis	Catalogue of Life names it
9aa8cab1-c29c-482f-931d-ec4e3b9fe6cd	Blennius punctatus	f579b847-4f25-4dc5-9636-90774b9159ec	Hypsoblennius hentz	Catalogue of Life names it
36f947e9-65ec-4eee-a8ae-dab8dd24483c	Blennius punctulatus	4782d459-f135-4dfc-8adc-1f1190988796	Clinus superciliosus	Catalogue of Life names it
65e07cdc-e725-43cb-9a22-b94da991dd63	Blennius truncatus	8fa902a6-1573-400b-80c5-524e5e05d1fd	Istiblennius edentulus	Catalogue of Life names it
279133d3-9202-4b5d-834a-f4bcb20ba8ba	Brachirus dicholepis	44f67bb0-17d6-4ff1-9e79-c21ced737795	Brachirus aspilos	Catalogue of Life names it
1f6e0cc1-5649-43c2-8914-e0233955bebf	Brachirus heterolepis	44f67bb0-17d6-4ff1-9e79-c21ced737795	Brachirus aspilos	Catalogue of Life names it
e961c10e-d1fe-46d5-a373-6c485d992fa5	Brachirus marmoratus	44f67bb0-17d6-4ff1-9e79-c21ced737795	Brachirus aspilos	Catalogue of Life names it
b411e997-5f85-490f-8cf7-36995aa4560e	Brachirus sorsogonensis	44f67bb0-17d6-4ff1-9e79-c21ced737795	Brachirus aspilos	Catalogue of Life names it
f8eea37c-206b-428d-828d-9b68098c2596	Bramocharax dorioni	442c97e3-8f1f-4794-ade8-95be8c59efb8	Astyanax dorioni	Catalogue of Life names it
d07b51fd-9b17-4c21-965c-4e3d46da64c3	Breviraja marklei	203e0702-53f9-4e51-822d-ffee61d26eae	Rajella fyllae	Catalogue of Life names it
d528d9e6-a1af-44af-b608-2fbae05272a7	Brinkmannella elongata	acb26d65-c14f-42ad-b1fd-de5c7b8cc374	Brephostoma carpenteri	Catalogue of Life names it
47a0f2f7-1b10-4c52-8d0c-e76ab6e8151a	Bryconalestes tholloni	6549571a-5501-4dcc-9e42-e0b97ac11bd6	Brycinus tholloni	Catalogue of Life names it
4ab59d48-66df-42c0-82f1-25b5e5063c12	Cabillus anchialinae	40a3e9ba-6fda-4f6a-a70d-326ba4be893c	Coryogalops ocheticus	Catalogue of Life names it
a5f592db-c84b-4d2d-97f3-24e12505fd56	Callichthys thoracatus	06110b9b-41e2-43fc-bd25-fcbfd089c261	Megalechis thoracata	Catalogue of Life names it
be7ee4cb-dcd4-4a88-b2a1-b2e540ef18a6	Callionymus cookii	10a97c95-0533-4571-b969-7d1abd252313	Diplogrammus goramensis	Catalogue of Life names it
9ef3d470-9a37-43b8-844c-cea80612f781	Callionymus elegans	9b1e2b90-da13-46e4-afb6-eb8fce2c7023	Callionymus lyra	Catalogue of Life names it
682b2e36-4322-4088-80ee-99727ef2888f	Callionymus lateralis	34d11610-4f44-4258-a055-1a67a96335df	Eocallionymus papilio	Catalogue of Life names it
e9cac370-a8c7-4d08-81f1-44255b782e4a	Callionymus longecaudatus	7152f9c2-f2f2-44c6-a257-aa34e6f05407	Callionymus japonicus	Catalogue of Life names it
4a739d4e-b1b3-42fc-9e20-600c3d66cf28	Callionymus macleayi	34d11610-4f44-4258-a055-1a67a96335df	Eocallionymus papilio	Catalogue of Life names it
bb2389f5-76bc-4e04-b62e-552ab4cb4ef3	Callionymus ocellifer	34d11610-4f44-4258-a055-1a67a96335df	Eocallionymus papilio	Catalogue of Life names it
9dafa634-9840-4739-a870-b55da7c7581a	Callionymus punctatus	4b8112ec-00cd-46a7-97a2-3a18336cb78e	Callionymus curvicornis	Catalogue of Life names it
883517f5-1670-43de-9ad4-87796b478471	Callionymus reevesii	7152f9c2-f2f2-44c6-a257-aa34e6f05407	Callionymus japonicus	Catalogue of Life names it
5dedaf61-68ec-444f-91cd-59bba63a9bee	Callionymus zaspilus	078566ca-adb4-48a6-8205-18c9995340a3	Synchiropus picturatus	Catalogue of Life names it
4d0ced32-49ab-4cce-9d5e-e23974b0f0dc	Capoeta fundulus	b4cdf986-1441-4965-80c7-25005b2bda87	Onychostoma simum	Catalogue of Life names it
aaa2b148-2a2b-431b-9b4e-c0f8a670067a	Capoeta macrolepis	285f5118-9035-4870-af18-f873946dc6dc	Capoeta capoeta	Catalogue of Life names it
3504d00a-1aaa-4fe8-8063-ea53d5e21dfe	Capoeta trutta	f6556eb3-a452-4638-8928-ded61d5369c6	Paracapoeta trutta	
9325552c-6c1b-495c-9a29-3c751392100a	Carangoides armatus	4c6c13b9-0c9c-4fb9-992f-2ea002f58160	Atropus armatus	Catalogue of Life names it; iNaturalist resolves it to the same taxon
ce69ba73-7f97-47f4-b392-b74491d92e9c	Carangoides bajad	f389cac5-374b-4967-9b6d-df4b3b35b18e	Flavocaranx bajad	Catalogue of Life names it; iNaturalist resolves it to the same taxon
9f4d1786-e09c-47f4-a409-467ca39c4c67	Carangoides chrysophrys	55679b93-d221-4793-85a6-9653b6814a03	Platycaranx chrysophrys	Catalogue of Life names it; iNaturalist resolves it to the same taxon
d3b11d83-eb4b-4ed2-8b1a-e26f6e2ba8b5	Carangoides ciliarius	4c6c13b9-0c9c-4fb9-992f-2ea002f58160	Atropus armatus	Catalogue of Life names it
d32d1ef0-ec7c-4fd9-a45f-50f705b5afd1	Carangoides hedlandensis	121d1eb6-172a-42b3-aa97-c7a54c45809e	Atropus hedlandensis	Catalogue of Life names it; iNaturalist resolves it to the same taxon
9e45c57e-a839-4b4f-9f52-b2000b731d97	Carangoides malabaricus	d1176e68-fb3d-47ac-8441-16a0c2749e3f	Platycaranx malabaricus	Catalogue of Life names it; iNaturalist resolves it to the same taxon
22c021de-3891-4735-ae14-e738843dfbba	Carangoides plagiotaenia	a32ffc00-6f3b-464e-b588-849159e198bb	Craterognathus plagiotaenia	Catalogue of Life names it; iNaturalist resolves it to the same taxon
06a346a9-e6bf-4614-a202-06916eb8f685	Carangoides talamparoides	86f60b02-f2f9-43a8-a4b8-7b90a83ba382	Platycaranx talamparoides	Catalogue of Life names it
461ec334-011a-46bb-9474-e88ae136de16	Caranx amblyrhynchus	c5202b68-7bae-4179-a875-78ea7b4b5e67	Hemicaranx amblyrhynchus	Catalogue of Life names it
3968e16d-1426-459d-bbe4-85132f4ff441	Caranx ature	9905c26d-6408-4700-b72d-d20e4521d4f6	Selar crumenophthalmus	Catalogue of Life names it
cd036557-244c-41ee-b629-06933ca693ba	Caranx auriga	ccfd676f-5a1f-42f8-b7f5-0e7e87f8e18b	Caranx tille	Catalogue of Life names it
809278c5-f0d6-4e81-aaba-c14c239778ff	Caranx bixanthopterus	15f3f0c0-f782-4cc0-91b3-91e8a901a491	Caranx melampygus	Catalogue of Life names it
70c259b4-1d37-4b85-9b02-e68d2fd2bcbf	Caranx calla	73452b60-2478-495b-95d7-e0ebe284cceb	Alectis alexandrina	Catalogue of Life names it
cd36125c-cfaa-4421-81f4-6251db317429	Caranx falcatus	c5202b68-7bae-4179-a875-78ea7b4b5e67	Hemicaranx amblyrhynchus	Catalogue of Life names it
82b51287-be9f-4e50-9c78-76ab4e27bcf3	Caranx fasciatus	4fcc3fae-3ba3-4fe8-98cf-2b100c981175	Seriola fasciata	Catalogue of Life names it
4838378e-052b-4fd0-b1a1-96ae0f86fca8	Caranx fuerthii	2f2864a7-3aed-40b2-8981-48d04a60bdbd	Hemicaranx leucurus	Catalogue of Life names it
2a8fc50c-3ea7-4a6f-8fca-9c79f14de170	Caranx gallus	73452b60-2478-495b-95d7-e0ebe284cceb	Alectis alexandrina	Catalogue of Life names it
3331d0c3-d24e-4815-9394-31027c03b5f7	Caranx heteropygus	c5202b68-7bae-4179-a875-78ea7b4b5e67	Hemicaranx amblyrhynchus	Catalogue of Life names it
ba316601-4650-41c2-8ec1-6b46c5677893	Caranx iridinus	d38108cc-72b0-4edd-a5f1-6d5a568807b8	Caranx ruber	Catalogue of Life names it
af60f440-04cd-4efb-932e-51b72192070b	Caranx janthinospilos	15f3f0c0-f782-4cc0-91b3-91e8a901a491	Caranx melampygus	Catalogue of Life names it
31d4f308-646e-4845-9551-136f2e4c9fc5	Caranx kurra	75700be2-189a-48c8-b3cc-99ca50dceefe	Decapterus russelli	Catalogue of Life names it
c974019b-52ee-4c96-9015-569cd191908b	Caranx longipes	46f14685-644a-455b-a466-c4fd6953d1d3	Carangoides dinema	Catalogue of Life names it
a1110870-652d-4921-9f00-03af60629970	Caranx manilensis	ccfd676f-5a1f-42f8-b7f5-0e7e87f8e18b	Caranx tille	Catalogue of Life names it
5eda247b-fc10-423d-9ddf-0e3601f49929	Caranx moresbyensis	15f3f0c0-f782-4cc0-91b3-91e8a901a491	Caranx melampygus	Catalogue of Life names it
14694d5f-ff31-46c8-9ad2-615c175c42d9	Caranx novaeguineae	9905c26d-6408-4700-b72d-d20e4521d4f6	Selar crumenophthalmus	Catalogue of Life names it
c1615cfe-6e8a-416c-bc35-f6ef66a275c3	Caranx punctatus	c6eeb9a6-3cd3-4421-81cc-29d6530c0d58	Decapterus punctatus	Catalogue of Life names it
1367596a-8a50-4dca-bd18-3f3ad7676114	Caranx semisomnus	ccfd676f-5a1f-42f8-b7f5-0e7e87f8e18b	Caranx tille	Catalogue of Life names it
69f98caf-1df6-4673-95bc-19d1744da4df	Caranx semispinosus	f0b7bf29-f79f-4592-a9ed-7be93c83a3bc	Trachurus trachurus	Catalogue of Life names it
130ab962-91ee-4709-ba34-fb611e463f04	Carcharias brachyrrhynchus	271a16f4-17b9-46f9-b3ba-ef87a17f83f0	Carcharhinus amboinensis	Catalogue of Life names it
56659217-91a1-4664-a5ce-c942c4d48dcf	Carcharias brevipinna	3a4cda8b-d426-4233-81c9-eec915117b4f	Carcharhinus brevipinna	Catalogue of Life names it
0e55953f-bac9-420d-9fd6-87c3fcf50c23	Carcharias javanicus	ff700087-630a-4412-8ec8-eb39f0afa71e	Carcharhinus tjutjot	Catalogue of Life names it
d8b4495d-3794-4952-abd2-38d1a233108e	Carcharias lamia	8cd5d360-e763-4dac-9726-b78f08962da0	Carcharhinus longimanus	Catalogue of Life names it
2f62d6c3-e678-4fa6-bd84-e4ad09083b35	Carpio carpio	78f7d67a-fb9a-45d4-9262-eb8094bbe431	Cyprinus carpio	Catalogue of Life names it
fabfacf3-5403-440b-9c2a-87d0090ecab1	Catostomus elegans	9c4051cd-36b1-47a9-9113-86ade5ea006a	Erimyzon oblongus	Catalogue of Life names it
c9a62294-ec11-4bf7-9482-2e19cb69380c	Catostomus macropterus	6a77484c-93b7-4004-b664-fc790ba0d6d7	Hypentelium nigricans	Catalogue of Life names it
52ab27e2-3c8e-41bb-b5b8-a453ec77b871	Catostomus mniotiltus	f0f4b163-f96c-479e-a88a-685596115aa4	Catostomus occidentalis	Catalogue of Life names it
aa9f1444-9626-4aae-90dc-779a07d1f0f1	Centrophorus zeehaani	1ec12fda-dc67-4b2c-acf8-37e3a933687a	Centrophorus uyato	iNaturalist resolves it to the same taxon
75f1c66c-d9ef-4ab9-b10b-e872969ab593	Centropomus cuvieri	4331b8fe-41fc-4611-ad84-d382d7ca6cef	Centropomus pectinatus	Catalogue of Life names it
0689a229-b080-4523-9fff-65e79b8b41d1	Cepola marginata	c572b0e9-e922-4d56-aaba-12e5e9e66b82	Cepola macrophthalma	Catalogue of Life names it
e473b7a6-ffa0-4086-bc3b-9bdb99194520	Chaetodon argenteus	43034758-17c8-40f7-a2c4-0887887d068b	Monodactylus argenteus	Catalogue of Life names it
26d256ac-af0a-4c1c-8969-51e77c083322	Chaetodon argo	7f79c7d8-a7b3-4906-89a8-64733992159b	Scatophagus argus	Catalogue of Life names it
2b734a70-88e7-4a48-9aeb-a24faadeccb8	Chaetodon bifasciatus	e8b3453d-d26c-49dc-a45a-aceeb75ee5c4	Acanthopagrus bifasciatus	Catalogue of Life names it
508b2a87-559a-475e-a1da-4893efde9ab9	Chaetodon chrysurus	05d0627f-2b2a-4e17-b62c-5da6257d5554	Chaetodon madagaskariensis	Catalogue of Life names it
ed5c8a2b-1740-441d-8c4d-7798e158a87a	Chaetodon couagga	2a951a21-3dcf-4561-bc6f-d72bde1a9c59	Acanthurus triostegus	Catalogue of Life names it
acd4c047-5704-4a3c-b621-6e558f54f0cb	Chaetodon leachii	3914c444-07ad-40be-b3a6-529f43a64736	Chaetodon trifascialis	Catalogue of Life names it
82a703ca-5300-4e11-ad8f-3026b86b2f7d	Chaetodon maculatus	b51e53bc-f2eb-4fbc-aada-0f6767ab051a	Chaetodon guttatissimus	Catalogue of Life names it
4955f885-dd0a-491b-912e-a42d2a143f9f	Chaetodon marginatus	617b415f-c7ec-416d-896e-40e5dba8c043	Abudefduf saxatilis	Catalogue of Life names it
0e433630-5488-43cb-955c-550a65aaa478	Chaetodon papek	f3509c7a-7bc9-4e76-82c3-2601f6c2eabe	Chaetodon trifasciatus	Catalogue of Life names it
2d43ede3-df7e-4e4f-a4b2-d4605b58e601	Chaetodon paru	0dc0b789-6b2f-474a-bf19-9cf7b6edf9a5	Pomacanthus paru	Catalogue of Life names it
99c39cd9-f02a-403c-b4f5-b9be88b90615	Chaetodon punctatus	e110347f-175a-4751-a5c3-b34468be1184	Drepane punctata	Catalogue of Life names it
b46a8ccc-1b32-4d14-9acf-d037e7ba5ec3	Chaetodon quadrifasciatus	d0fc85e5-57da-41a8-91fe-f0fbbc2b1341	Datnioides polota	Catalogue of Life names it
02fc4afe-8985-40df-89f0-d8935e97f4b9	Chaetodon truncatum	573d1fda-606e-49c8-87e7-0450317745e3	Chelmonops truncatus	Catalogue of Life names it
fd96501b-6804-43ec-8577-7a36df5a71a2	Chaetodon vittatus	f3509c7a-7bc9-4e76-82c3-2601f6c2eabe	Chaetodon trifasciatus	Catalogue of Life names it
b32acdf7-a4ae-492e-8fdd-c4b5339588bd	Chaetostoma setosus	f020e089-586b-4959-96a9-5afff4302c8f	Dolichancistrus setosus	Catalogue of Life names it
ccb5bdf0-b31e-47f6-9d20-7dd675044c4c	Chalceus labrosus	76f13c71-bd3c-4c45-88cd-bdc4e18d402c	Brycon falcatus	Catalogue of Life names it
012aafac-6c21-4f1a-83ce-08f1ff1ebdcf	Chanodichthys stenzii	ac4f65e2-69fc-4ffd-802e-005d724d0f20	Parabramis pekinensis	Catalogue of Life names it
7091044d-2828-45a5-8531-177dab2f670c	Chanodichthys wui	8fd0bd11-304d-4122-98cc-536200804a48	Sinibrama wui	Catalogue of Life names it
6c5563fa-e3f6-4c12-947b-b37c344bc622	Cheilodactylus ephippium	b5233e9f-3de7-4c44-97fa-ee756f7f3a6e	Morwong ephippium	Catalogue of Life names it; iNaturalist resolves it to the same taxon
655e1051-a761-480c-a01c-a82267edf828	Cheilodactylus fuscus	9b41f9db-4037-4581-ae34-fe1d5323a6d9	Morwong fuscus	Catalogue of Life names it; iNaturalist resolves it to the same taxon
f153331c-0d29-479e-858f-e96fcc8b6382	Cheilodactylus nigripes	cde3fcfc-1032-4038-984a-a22a3692a6df	Pseudogoniistius nigripes	Catalogue of Life names it; iNaturalist resolves it to the same taxon
56226712-7933-4ffc-8a49-d173729e9472	Cheilopogon fisunovi	da97403a-ba34-4e56-bb3d-499d3e37f548	Cheilopogon furcatus	Catalogue of Life names it
2d785b37-9588-4ff3-b4b7-9bc733ace1b7	Chela siamensis	0cb85e78-2061-4487-997a-2e83e4d23d2c	Parachela siamensis	Catalogue of Life names it
a9047df5-423c-4498-85e1-639930b17303	Chelonodontops patoca	d02a84a7-ec70-4793-b3c4-4216faace36c	Chelonodon patoca	Catalogue of Life names it; iNaturalist resolves it to the same taxon
0a159fb8-236e-4acd-8c6b-d7fc45e3b839	Chilorhinus brocki	5eea4cbe-f0ca-4077-b372-9476d90e8ece	Chilorhinus platyrhynchus	Catalogue of Life names it
b8951a59-9b3c-49b2-aba8-579f47ea7d6d	Chimaera australis	5b0369df-b243-438c-a6d0-b31018175665	Hydrolagus novaezealandiae	Catalogue of Life names it
a5e610c5-3c3a-4cbc-8f4e-7ad324cab44f	Choerodon melanostigma	494a8fb3-03e8-499d-bd9a-962f4325fcdd	Choerodon zamboangae	Catalogue of Life names it
87e603f2-f488-4974-af3b-032ce74a7c62	Chromaphyosemion koungueense	e773bc6f-41d7-47e0-bf59-883e2d923193	Aphyosemion koungueense	Catalogue of Life names it
3a804aec-1866-43fb-be33-fcc71f860e01	Chromaphyosemion melinoeides	197675d4-92ca-426d-865a-283ac3cd148b	Aphyosemion melinoeides	Catalogue of Life names it
7718f4a1-3013-431e-9d01-e420f98b3621	Chromaphyosemion omega	f7d2edc6-c1bc-44eb-84ef-c75102acc67f	Aphyosemion omega	Catalogue of Life names it
5aa5813f-484c-4767-8518-f4f31c737d29	Chromis castaneus	c8d00190-7d05-4323-9528-ce3b1caa9283	Chromis chromis	Catalogue of Life names it
6250a6a6-6e17-4342-b469-b58db9ff3193	Chromis flavipectoralis	fb596ede-6e4a-4ce5-a8a7-3e85d980d00d	Pycnochromis flavipectoralis	Catalogue of Life names it
a2dedc17-dc02-498c-bd35-8d6a59097f0f	Chromis margaritifer	d1997f78-17fb-4237-936e-56efd3b18a6f	Pycnochromis margaritifer	Catalogue of Life names it; iNaturalist resolves it to the same taxon
a95f483b-3bdc-4d64-bf62-532523cb1839	Chrysophrys rubroptera	1df7b2e0-8c97-489d-96a7-3cf3a5fb24a6	Acanthopagrus latus	Catalogue of Life names it
3c11026a-9e97-4228-b38f-d8e3b380ccec	Cirrhinus affinis	eefc93f9-798b-4fc0-b747-4c0fe1ee6bcb	Salmostoma balookee	Catalogue of Life names it
d2b309d6-f51a-4288-8de3-e185f5b6d97f	Cirrhinus macrops	dc10265f-866b-4125-a1da-63dd9eeb2b2c	Cirrhinus mrigala	Catalogue of Life names it
ea48eafa-afab-4480-b484-fe52535fca82	Cirrhitus maculosus	a27e31d2-f1c1-426c-b2f1-541f104bbb49	Cirrhitus pinnulatus	Catalogue of Life names it
0424e936-fabe-42c1-817c-9f549402cc68	Clinus dorsalis	45445c35-7371-4330-9ee4-a836cd366d34	Muraenoclinus dorsalis	Catalogue of Life names it
0a02a7bd-4f8b-47a0-9a0d-a1ca6a360144	Clupea fimbriata	6dd6f8f1-205b-47de-baf0-c236f86f0079	Ethmalosa fimbriata	Catalogue of Life names it
a87b2d5a-54b7-49ac-b43b-d9ba067bf418	Clupea inermis	f2f1345c-bdb9-40de-9e65-3060f5ad1933	Clupea pallasii	Catalogue of Life names it
f72ab7fe-cabc-4ce5-93c1-53e5dfa196b7	Clupea macrocephala	35ee0020-cf45-4d2d-a0fc-4de97342b017	Albula vulpes	Catalogue of Life names it
dec469a1-9d62-4aa8-b79e-32ec94e6213c	Clupea melastoma	fabbd4c2-1a10-4fb8-b760-23767c936230	Ilisha melastoma	Catalogue of Life names it
1969d6ad-abce-4a5a-a3a1-56d15d3f0e2b	Clupea membras	ae104905-6cd3-4b77-a42e-f8ea51f4b319	Clupea harengus	Catalogue of Life names it
cc86e852-5580-4524-9fa6-b56d3abf663e	Clupea papalina	431f7803-7dfc-42db-a385-2d0f04b6617b	Sprattus sprattus	Catalogue of Life names it
8654763d-209b-4dad-99c1-6748323ccb0e	Cobitis guttata	b674645a-4a65-4792-95e1-d0dd81882e50	Lepidocephalichthys guntea	Catalogue of Life names it
a1dff934-ec8c-4961-8fd0-6acd4077bd45	Cobitis haematopterus	b48a29c9-3aae-425b-be00-d3d982b7ebfe	Misgurnus anguillicaudatus	Catalogue of Life names it
2a6605a7-fdf9-421c-bd66-34217f8f13a4	Cobitis hangkugensis	edfac80c-3509-4da1-8d11-13e5b5c938ca	Cobitis hankugensis	Catalogue of Life names it
41dc1980-b2b8-4dad-8694-a2cd5319de15	Cobitis montanus	cae8120c-6de6-402f-81e3-ee7d07eb5883	Sabanejewia balcanica	Catalogue of Life names it
52c1f51f-ca28-43f8-8052-0ec0847d3596	Cobitis ocellata	a67858b6-f36e-4e59-a244-3813cd0571a4	Canthophrys gongota	Catalogue of Life names it
21bdfd01-04cd-4d66-bffa-5b37a062d7bd	Cobitis rhodopensis	eaa3574c-def7-496f-a903-62b9bca4eb73	Cobitis strumicae	Catalogue of Life names it
13032b3c-b7f2-4366-bd21-88c5388f29b7	Colistium guntheri	40504fff-df1d-4710-ae7b-ed6418d6991b	Colistium guentheri	Catalogue of Life names it
6d2885ec-7bff-4a15-8673-3dcae1fe4268	Conger communis	403e5fd8-8d87-4860-ad9f-7b724efd70e4	Conger conger	Catalogue of Life names it
abda47af-2320-406a-a64c-a7eacbc59f9c	Conger microstomus	5a08c39a-5816-4245-a5aa-88a9b9c2244a	Pisodonophis boro	Catalogue of Life names it
bb38c595-9b71-4f82-be5f-38bb368502e7	Conger vulgaris	403e5fd8-8d87-4860-ad9f-7b724efd70e4	Conger conger	Catalogue of Life names it
c158ef63-a5c1-497d-81ae-3817db1998bc	Conniella apterygia	f401c80b-008a-4d4b-a261-5421c6d3a112	Cirrhilabrus apterygia	Catalogue of Life names it
8bef9c2c-5f15-4d42-95f8-7586e1542e5e	Cordylancistrus setosus	f020e089-586b-4959-96a9-5afff4302c8f	Dolichancistrus setosus	Catalogue of Life names it
57e23f4a-6cbe-4e64-ae02-7eb64520a1c1	Coregonus chadavy	4bad40d6-2f6c-4deb-9003-d9675763a698	Coregonus chadary	Catalogue of Life names it
469caf93-bb27-4550-ab82-55aa122a75d4	Coregonus lepechini	3b9b437a-61ff-41c7-bd64-1cf38f720b86	Coregonus autumnalis	Catalogue of Life names it
16abae72-e8cc-427f-bdc4-8f4a2eac53f5	Coregonus lucius	79fa7fb8-69ad-4d4f-8017-83ccc60b5c00	Stenodus nelma	Catalogue of Life names it
b7038ab1-e3dc-46d4-9652-c2ced22b1669	Coregonus nasutus	779fa256-064c-4837-a3df-a55ec3fdcb55	Coregonus pallasii	Catalogue of Life names it
02cd3644-e870-420d-8342-7715b6efde1c	Coregonus omul	3b9b437a-61ff-41c7-bd64-1cf38f720b86	Coregonus autumnalis	Catalogue of Life names it
25b41c41-81ce-4c67-bae2-eadc6c3f73b9	Coregonus palea	1093e46d-8cb1-4b65-b96b-aa9871eb6bbc	Coregonus lavaretus	Catalogue of Life names it
82d874a2-065c-45e7-9e1e-d494d831ebd7	Coregonus preblei	70e43a8f-1d69-4b1d-8982-87ebaa6a4320	Prosopium cylindraceum	Catalogue of Life names it
c2742c96-4e75-4066-81b3-54e98ca4a9ad	Coreoperca yunkiansensis	1478e9b8-ad88-4c0a-8f94-15edb6f7984e	Siniperca obscura	Catalogue of Life names it
b966cb71-b857-4fe1-9b85-8fa25eff7c11	Corydoras taeniatus	19591672-03f4-4703-b82d-4bdd3137d916	Corydoras hastatus	Catalogue of Life names it
c1aab9bd-9f19-4c33-99bd-cfb559487cd7	Coryphaena immaculata	20b6792e-4985-4f48-b45d-3412f2eebca6	Coryphaena hippurus	Catalogue of Life names it
13a51059-2a15-4188-a67e-ff130689f550	Coryphaena lineata	cfbc5b6e-ddf3-43e7-85f8-93946c77b0a7	Xyrichtys novacula	Catalogue of Life names it
0792f427-aa0f-4d51-915b-151ca22c4af2	Coryphaena scomberoides	20b6792e-4985-4f48-b45d-3412f2eebca6	Coryphaena hippurus	Catalogue of Life names it
f078433d-2375-4e06-9336-2bd61c851666	Corythoichthys grayi	f258edee-0ed0-420d-a0fa-9178bdc206d7	Halicampus grayi	Catalogue of Life names it
1288f992-77c8-4064-b548-ce939b09db60	Cottus hilgendorfii	b4056997-9818-4da7-968e-656570767160	Cottus pollux	Catalogue of Life names it
3ec5a977-e2dc-447f-93ab-3eabf45cbcf9	Cottus indus	718364a6-1b8a-4fe8-b40c-00f9f67a422f	Allenbatrachus grunniens	Catalogue of Life names it
62dfb473-14ab-40f2-8fb2-3be8284968be	Cottus japonicus	f686cb15-e8ff-47a9-9515-d77536035f1d	Percis japonica	Catalogue of Life names it
634a524e-8695-4bd9-af29-8b6ec6aacd71	Cottus jaxartensis	f8790f0f-561e-49f4-aba8-e54966d9ba42	Cottus gobio	Catalogue of Life names it
f2b38705-1a5d-4348-9de5-6b73fe0099d8	Cottus niger	144dbc84-6384-4676-af7d-af753e8b266f	Myoxocephalus niger	Catalogue of Life names it
f41113e7-7ed6-4601-8591-0dc0b3d85a20	Cottus polaris	1523132f-ff1f-46b5-8d31-1384713c8c32	Myoxocephalus quadricornis	Catalogue of Life names it
12ddbffb-a3db-40e8-be0b-100f88ac038c	Cottus uncinatus	e8b5f758-15c1-46ac-aadf-4eec260d20e1	Artediellus uncinatus	Catalogue of Life names it
a12ab162-299e-43b8-8462-365445248c45	Cteniloricaria maculata	252d5b1c-3031-4943-8c2e-c5d237729fad	Cteniloricaria platystoma	Catalogue of Life names it
87954518-1d81-446f-8c09-8f4090754f8a	Ctenogobius transparentus	f0746d31-b96a-488a-93f3-71af8b717e53	Coryphopterus tortugae	Catalogue of Life names it
fa524b38-96d7-4615-9b7d-6d43cd3a66c5	Culter tientsinensis	dddd1eae-eb31-4cd3-a5cf-8a16eafd7b88	Culter alburnus	Catalogue of Life names it
7c63fb1e-43f9-4f71-8af2-7370e15b130c	Cyanocharax alegretensis	8c0cce95-1477-4ce6-b72a-f97bb4f18dc1	Diapoma alegretense	Catalogue of Life names it
c4ff9a42-0b79-413e-b458-f67992e10afa	Cyanocharax alegretesis	8c0cce95-1477-4ce6-b72a-f97bb4f18dc1	Diapoma alegretense	Catalogue of Life names it
1418abe4-8d89-4b09-90a2-9157bdb9037a	Cyanocharax uruguayensis	d69b714a-a00a-4dda-9e6f-04e85b7ce61d	Diapoma uruguayense	Catalogue of Life names it
1325661f-d67d-4d7a-9db0-6cbd298be902	Cynolebias mabelis	6fda01a8-ce02-47e8-8ebc-3059576dd6c8	Austrolebias affinis	Catalogue of Life names it
caa1e5a1-11de-4769-8891-f2e35a07551c	Cynolebias schreitmuelleri	0a3f51a8-2104-4831-8d3c-4442d3514882	Austrolebias wolterstorffi	Catalogue of Life names it
8e610f2c-7e5c-4426-a74d-0e172e05f1b3	Cynopotamus zettii	1f7fdf2f-94b4-4a20-aa28-74c9ba6c74c5	Cynopotamus kincaidi	Catalogue of Life names it
ea750874-2837-4cfc-b570-a6f11e9ceee0	Cyphocharax albula	1a2e5bc8-5477-43f6-8dc4-3a2a93310a71	Cyphocharax gilbert	Catalogue of Life names it
5d8162c7-1f6c-415d-8e6f-9cb1de8e9feb	Cyphocharax nagelii	a48b0533-39d4-467c-a826-a88221da7244	Cyphocharax naegelii	Catalogue of Life names it
059ee2f2-6e8e-427b-9a5d-d2665d81d9e5	Cyprinodon amazona	be6c3ae8-d904-4861-ae33-957f06ee23e4	Nannostomus trifasciatus	Catalogue of Life names it
8e9a873d-e536-4ceb-b9b3-499b0bb33d0a	Cyprinus agonus	ecec3a2f-41b3-46e2-b4fc-b0a0a31dec0e	Alosa agone	Catalogue of Life names it
32028e4a-0c2d-4399-bc1b-a52b3778d199	Cyprinus balteatus	3b104a1c-45fb-42c0-b4e0-e1b627278169	Richardsonius balteatus	Catalogue of Life names it
dfd4cc17-0d14-4504-aac0-0e60d8881095	Cyprinus bioerkna	efb87f40-3f6a-4991-82ae-55fbd7e9a271	Blicca bjoerkna	Catalogue of Life names it
5885e7b2-41d6-4e9d-98cb-fa6ab22b3db5	Cyprinus bulatmai	ca50fb9c-d7f0-473f-8129-acb241d49d7f	Luciobarbus capito	Catalogue of Life names it
111504ff-5e99-41f7-a726-085316a35224	Cyprinus chalybeus	ca50fb9c-d7f0-473f-8129-acb241d49d7f	Luciobarbus capito	Catalogue of Life names it
bcc67f09-e45f-4d30-8e1b-9a634f3813c6	Cyprinus compressus	2f9a2e95-2352-4b0d-8c1c-7a9ac43d2531	Scardinius erythrophthalmus	Catalogue of Life names it
36d29274-b58d-4a6b-b883-0c49087ccfbc	Cyprinus esca	ae104905-6cd3-4b77-a42e-f8ea51f4b319	Clupea harengus	Catalogue of Life names it
6154136a-93da-4850-b25f-8598f8456859	Cyprinus falcata	b32a3a42-5e6f-40e1-a447-ecc94e3d73ac	Labeo boga	Catalogue of Life names it
f2f215b0-8a90-4f0d-b1bd-a078ea8b8f46	Cyprinus kittaibeli	59e2a381-dc0c-4bf1-b4bd-de9b58d8e9b8	Squalius cephalus	Catalogue of Life names it
35fbbb87-cf66-4be5-bb62-e395a3acf60c	Cyprinus lacustris	9d6a1933-31f8-41df-aaaa-3f3e88efc7f3	Rutilus rutilus	Catalogue of Life names it
51ecb30f-3a67-47b1-b5d2-e41a75dd2099	Cyprinus lati	efb87f40-3f6a-4991-82ae-55fbd7e9a271	Blicca bjoerkna	Catalogue of Life names it
c5ebf3ba-fe1b-4322-9f6a-c622c0f1f288	Cyprinus phula	3495d490-4ec2-42a3-9b00-2723b630715f	Salmostoma phulo	Catalogue of Life names it
90faf715-807d-4a63-a737-e9b7afda0aeb	Cyprinus regius	78f7d67a-fb9a-45d4-9262-eb8094bbe431	Cyprinus carpio	Catalogue of Life names it
67f4e9e5-d537-441c-8342-9d67074cf94b	Cyprinus specularis	78f7d67a-fb9a-45d4-9262-eb8094bbe431	Cyprinus carpio	Catalogue of Life names it
1e37b3c0-af7e-454a-b06d-56b01d6a8413	Cypselurus vitiazi	80618adf-11bf-4471-b4fc-98d0a49fc77f	Cheilopogon suttoni	Catalogue of Life names it
a8b7ba3f-1b97-4dcd-97bd-1c2adbff3549	Dactylopterus japonicus	3e863425-0594-45ee-90df-07d91ee04e04	Dactyloptena orientalis	Catalogue of Life names it
7c88732e-dc0e-44de-a33e-5745d65fe1b2	Dactylopus bennetti	65bedd1d-cf8a-4c7d-b783-f95c08841b5e	Dactylopus dactylopus	Catalogue of Life names it
ee2ddecc-e9d5-4175-9aa3-79fdf1d59320	Dascyllus auropinnis	2fb274a6-0ec2-4768-9103-676188225af3	Dascyllus auripinnis	Catalogue of Life names it
e25252fc-7344-49db-a037-0ea6ab863e8b	Dasyatis brevis	3419c4f4-f415-4d35-9864-7abea71210ff	Hypanus dipterurus	iNaturalist resolves it to the same taxon
48b49590-2e36-4186-998b-deab1641071c	Dasyatis matsubarai	6f2491ce-fc79-4e12-91e1-0b750a200e3d	Bathytoshia brevicaudata	Catalogue of Life names it
6011ccbe-0102-450a-824e-6b81c0dd230c	Dasyatis thetidis	f60e0dbf-b024-4b64-b888-8c0b5c74f3df	Bathytoshia lata	Catalogue of Life names it; iNaturalist resolves it to the same taxon
144b645f-9199-4b14-b659-f1b30e622c24	Dasyatis ushiei	f60e0dbf-b024-4b64-b888-8c0b5c74f3df	Bathytoshia lata	Catalogue of Life names it
25374dee-6888-462e-b252-b55a3c1e443b	Deania calcea	975aa593-c267-47df-aaff-88812b81c150	Deania hystricosa	iNaturalist resolves it to the same taxon
cdbb2d2e-3b60-4ae8-9c0f-b0a42e06dd7e	Dentex microdon	7072db6a-fa02-44a6-9aab-edd8a6908a91	Gymnocranius microdon	Catalogue of Life names it
e711888e-ae9e-49f0-a9be-8f4043d1d2d8	Dentex rivulatus	8d7a6b79-6f3f-4680-8f55-0a36b40b0f8b	Gymnocranius grandoculis	Catalogue of Life names it
522780a7-2db3-4673-ae10-823bc134a27e	Dentex vulgaris	3cada1fb-c849-43e8-9aea-374d56e572cc	Dentex dentex	Catalogue of Life names it
41564199-e265-4114-87f7-99a8137d6ba3	Dermosteira dorotheae	10a97c95-0533-4571-b969-7d1abd252313	Diplogrammus goramensis	Catalogue of Life names it
552b7ee8-679e-4487-b4c5-8e8a416f77c9	Diagramma aporognathus	ba7f526c-0f4d-41aa-b929-5fe6e0b022a5	Parapristipoma trilineatum	Catalogue of Life names it
b4661fe0-3815-4a65-9fd6-159b81ecf822	Diagramma centurio	b953d21f-c488-4f79-ac48-10e52b333b42	Plectorhinchus centurio	Catalogue of Life names it
c48ebbda-d569-485b-8f1e-56722cdb7c6a	Diagramma japonicum	ba7f526c-0f4d-41aa-b929-5fe6e0b022a5	Parapristipoma trilineatum	Catalogue of Life names it
c0ce9fe7-c165-4e7d-bb57-079b08f59212	Diagramma obscurus	9f79ad50-52ea-42bf-9bb1-c723947c6e8c	Plectorhinchus obscurus	Catalogue of Life names it
e1a9f447-eb43-442d-b35c-5d7aa7670c2f	Diagramma ornatum	a9532a40-099d-4a26-b2a2-6954302487bb	Plectorhinchus flavomaculatus	Catalogue of Life names it
f3d13b9e-bc9f-4ac2-8f80-eb5fcdb08115	Diancistrus antollorum	a686b9d3-3000-42f1-bce2-c71ac2b740ca	Diancistrus atollorum	Catalogue of Life names it
7a945454-bfef-44df-aa01-e82efd040de1	Diodon maculatus	bd52fba2-2eee-4a37-a0f5-afeb3f6fbb6d	Diodon holocanthus	Catalogue of Life names it
932e4e40-4700-49ed-8280-e88e66b00cbe	Diplostomias indicus	23262381-17bf-4893-8bd2-e8a7e98c182a	Eustomias bifilis	Catalogue of Life names it
83f0150e-6b9a-4d27-9437-e60b2ff6aa46	Dipturus brevicaudatus	7ad15d70-ee31-41a9-8cdd-61fe70867a58	Zearaja brevicaudata	Catalogue of Life names it
bb7f089e-96f9-4599-bfb6-cd6d163c9f4a	Distichodus fasciatus	6f1ea2e6-187a-4c5c-b1a2-93b362be30b4	Distichodus fasciolatus	Catalogue of Life names it
a8cb562c-2019-4a68-a42e-3591f3a3cee6	Echeneis naucratoides	bcd64be2-4ea7-41ad-b817-7f76df09f9b4	Echeneis neucratoides	Catalogue of Life names it
5d658eaa-72a9-49ee-afc9-acc2d6818ecc	Echeneis pallida	c826e27f-b252-49ba-930d-0dd4b92a9c03	Remora brachyptera	Catalogue of Life names it
e4d51b1d-51c4-440a-9f96-b45f63e5aba4	Echeneis vittata	f80da29d-3955-4636-972c-abc642e19071	Echeneis naucrates	Catalogue of Life names it
fd31ed37-8bd5-47e9-9a16-6e206bb12fd3	Echidna trossula	76363725-7260-4a0c-875e-c04794111bd7	Echidna delicatula	Catalogue of Life names it
0358b9b0-a97f-4611-8c9c-0e39f892eb96	Eleotris cavifrons	1644cc16-a9ab-4da7-99c0-d52ae8925036	Eleotris fusca	Catalogue of Life names it
05ebfe96-aac9-409e-9cd9-6bfd4470333d	Eleotris compressus	10c1b399-05b7-427c-98e2-ed0114703b63	Hypseleotris compressa	Catalogue of Life names it
6922c5fe-c973-4463-ae23-3edfe7eb2311	Eleotris melanura	6759885f-a3fa-4678-b83e-45c002fc0969	Eleotris melanosoma	Catalogue of Life names it
06d1e651-5e5f-45c6-9992-f87b4dbf2b29	Eleotris porocephaloides	7d68e905-4459-473f-9c49-a85688e382b0	Ophiocara porocephala	Catalogue of Life names it
7a2d7b11-df4f-4861-a590-f7d6b85fc9b5	Eleotris pseudacanthopomus	6759885f-a3fa-4678-b83e-45c002fc0969	Eleotris melanosoma	Catalogue of Life names it
154ca476-d347-433c-902c-c17204094895	Eleotris siculus	f15aab80-fccd-4d20-9df2-316868b5ee69	Odondebuenia balearica	Catalogue of Life names it
825127bc-d529-4603-9c3e-eceab654d4a8	Eleutherochir mccaddeni	18fb0a95-c03e-47b8-bf9d-c4bc8bb3e900	Eleutherochir opercularis	Catalogue of Life names it
57f4da2a-5c64-4528-bc2d-0e7db207dc70	Elops javanicus	c3384d4c-1eab-4bd7-b951-88c582300f80	Dussumieria acuta	Catalogue of Life names it
6f1c4e3f-912b-4693-a839-4740492c71ea	Enchelynassa bleekeri	8366cd28-4587-4810-bdd8-df382e3de2b9	Enchelynassa canina	Catalogue of Life names it
37c67c49-6932-4651-9dcf-69592498856e	Enchelyopus cimbricus	65c4c716-4770-47f7-87d7-f3a96d944e53	Enchelyopus cimbrius	Catalogue of Life names it
1b07679e-2be3-4022-8c6e-3602ef0aae19	Engraulis albidus	effd5d7d-0f10-4795-89cc-eb252f0cfbb0	Engraulis maeoticus	Catalogue of Life names it
5be6f22c-030e-44cd-9d9d-99c95803f681	Engyprosopon maldivensis	ff259749-bfb4-4989-bb70-6b7c3c0caa6c	Engyprosopon maldivense	
1629e974-3586-42e9-b276-78360fe15ec7	Enneanectes pectoralis	7d557445-eeb8-466c-93c1-8f2b38daa32b	Enneanectes jordani	Catalogue of Life names it; iNaturalist resolves it to the same taxon
ebf78ee6-a4e4-4405-be1d-bffa219bc902	Enneapterygius personatus	91dd01fc-4859-412e-90e3-7ce40a1bd0d2	Helcogramma obtusirostris	Catalogue of Life names it
f3c00a0e-5480-41b3-9958-9fe09a964354	Enneapterygius quadrimaculatus	91dd01fc-4859-412e-90e3-7ce40a1bd0d2	Helcogramma obtusirostris	Catalogue of Life names it
a7d9f750-35cf-40c7-b29b-038308b631a6	Enteromius rapax	5194b47a-604c-422f-a32d-e1ccdb09a97a	Enteromius mattozi	Catalogue of Life names it
cfd1f763-4359-4b74-a896-62b83a97b0bc	Epinnula pacifica	6ebc759c-c8ee-4f49-abbf-778b83ebb73e	Epinnula rex	Catalogue of Life names it
93764dac-a21d-428d-aa9b-e67d5ad4a887	Eretmobrycon guaytarae	a5e51057-1457-467c-b810-ddc76c89dcd6	Bryconamericus guaytarae	Catalogue of Life names it
4a28485b-8e09-401f-a824-c8607320b8da	Erythrinus trahira	f27f0e3e-3cd5-4c76-bf8e-a8d5fdaa3b4e	Hoplias malabaricus	Catalogue of Life names it
f2d6a039-5f29-44ba-a396-e9b4d7b5c9b8	Esox alepidotus	260138b0-4943-4bea-acf3-17bf91dd676f	Galaxias argenteus	Catalogue of Life names it
88035cb1-f196-416c-bd63-92a3605cbcc1	Esox australis	e55f4a5d-3b40-44d3-8760-957800eee48f	Esox lucius	Catalogue of Life names it
4f655f9a-aa16-4a4f-9281-c102802ab6df	Esox depraudus	e55f4a5d-3b40-44d3-8760-957800eee48f	Esox lucius	Catalogue of Life names it
fb0c5373-2379-4557-9aa6-64bd00658e54	Esox lugubrosus	e55f4a5d-3b40-44d3-8760-957800eee48f	Esox lucius	Catalogue of Life names it
c7094cde-bfb6-4d6d-990b-c90fdca22029	Esox reticulatus	18e61923-42de-453f-84c0-00ecdf7ab58a	Esox niger	Catalogue of Life names it
784d2a0f-6f31-43dd-a0e8-1c8950858fd0	Esox saurus	a9c2b763-06ab-4a0d-8133-ad5928665cd7	Scomberesox saurus	Catalogue of Life names it
8cb60c2b-6d20-494a-b65f-a07c0ba46961	Esox viridis	4816929d-7748-4048-8cd1-a7c2c21a780e	Lepisosteus osseus	Catalogue of Life names it
a7719267-fa89-4e47-8182-436bd6127f9b	Etheostoma squamosum	32327d81-233b-4d70-9fc0-570cc5948627	Etheostoma spectabile	Catalogue of Life names it
fbe6fbe4-3f56-4331-9caa-bfa493a789c3	Etheostoma tennesseense	391eeed2-9e37-4482-b1ca-8c0591cbb80b	Etheostoma simoterum	iNaturalist resolves it to the same taxon
55aa6593-df1e-4932-8191-ba6127f907f0	Etmopterus baxteri	7d66e23a-1007-4893-90a7-71f3ba8160b9	Etmopterus granulosus	Catalogue of Life names it; iNaturalist resolves it to the same taxon
0e94419e-312a-4229-b60b-07c49b6854bf	Etmopterus tasmaniensis	7d66e23a-1007-4893-90a7-71f3ba8160b9	Etmopterus granulosus	Catalogue of Life names it
46b6dd07-f5d8-4da8-b09a-102f762b2aa4	Euchiloglanis kishinouyei	61af2ae2-b209-47f0-9860-ff70998f6935	Euchiloglanis longibarbatus	Catalogue of Life names it
60b8859b-a35b-4a19-a047-370724cec8e7	Eviota sealei	686bfa6b-b572-4dc9-9891-91cef76edb88	Apocryptodon madurensis	Catalogue of Life names it
567ac19c-7c02-4ef9-aafd-7ef65eb2760d	Exocoetus appendiculatus	8efb0a09-0476-4397-943e-fe0e3ca88eb9	Cypselurus comatus	Catalogue of Life names it
df5fd1f3-7ef7-4952-a777-9ca280d2d70c	Exocoetus chiliensis	9e347e75-ac4d-4e27-bdbc-50bd4237296a	Exocoetus volitans	Catalogue of Life names it
88748c65-4af5-4ff4-80ff-c62f030c47ed	Farlowella platorynchus	9ef0efe7-1cdb-45fa-a069-b603fb28fa8e	Farlowella amazonum	Catalogue of Life names it
f802f540-7a7f-40ab-878d-1bc8aaafec2e	Fowleria punctulata	40ae15ec-03b7-48af-80e0-36d0d5207728	Fowleria variegata	Catalogue of Life names it
e58984a8-0687-486b-a1e1-b4cfae0ce058	Gadus blennoides	0075dc91-7f81-4b45-b1b1-4d06ec7c4685	Phycis blennoides	Catalogue of Life names it
e55bb757-d218-4210-b75f-34eda22b058f	Gadus dipterygius	7be3a0cd-c313-47a1-90a8-46332451b852	Molva dypterygia	Catalogue of Life names it
ecaaa8b0-595a-47d2-87ac-e4118a0ffa0d	Gadus fischeri	865293d4-ec4d-4549-8533-200248446d73	Lota lota	Catalogue of Life names it
74e9a71b-5a4d-4078-852d-89f8d11f989f	Gadus fuscus	de8cfa52-8a5f-4746-b699-178bf69d556d	Gaidropsarus mediterraneus	Catalogue of Life names it
aca93a99-02b3-43a0-ad29-bea1168852c0	Gadus punctatus	55d606b8-9efd-433c-a68f-5c4cc473fcc6	Urophycis regia	Catalogue of Life names it
2d47bebd-5e5e-4f8a-b96a-ec593a124923	Gadus tomcodus	d9b9596c-532e-4fdb-9852-daf76bf26643	Microgadus tomcod	Catalogue of Life names it
649fdf1c-c989-459d-865c-b73f32041e8c	Gaidropsarus biscayensis	64b0d25e-ed2c-4d39-a7f4-99a25a143b18	Gaidropsarus macrophthalmus	Catalogue of Life names it; iNaturalist resolves it to the same taxon
901ecad4-5434-40b7-b8b9-61bc121efe11	Gaidropsarus guttatus	de8cfa52-8a5f-4746-b699-178bf69d556d	Gaidropsarus mediterraneus	Catalogue of Life names it
a2c5ff68-c250-4087-afdc-6bbcdd3d3ef9	Garra gymnothorax	702499b2-b1f8-480f-b562-f30e63dd113b	Garra rufa	Catalogue of Life names it
40185928-0d69-4712-9d1e-e9f604ce079e	Gasterosteus apeltes	d1c60cd4-979b-42ca-9fb6-8784cebf8195	Apeltes quadracus	Catalogue of Life names it
94aeb285-850d-43c2-9937-acf41935cdf8	Gasterosteus biaculeatus	479b9298-0c0e-4f7e-9e69-038a716ebb59	Gasterosteus aculeatus	Catalogue of Life names it
fe109f34-3f61-4b01-9655-1a02f585c783	Gasterosteus carolinensis	f8acb41b-4f11-4440-b26d-250837e37104	Trachinotus carolinus	Catalogue of Life names it
9b1cf46d-8be4-42c9-be01-c42797a70875	Gasterosteus glaucus	eea35b4f-ab10-47de-bbad-ab658ac107ca	Trachinotus goodei	Catalogue of Life names it
6c5889f9-82c2-450b-b98d-b516bebd0aae	Gasterosteus gymnurus	479b9298-0c0e-4f7e-9e69-038a716ebb59	Gasterosteus aculeatus	Catalogue of Life names it; iNaturalist resolves it to the same taxon
4a1aeee0-62c2-4818-a539-c6f25e20f1ab	Gasterosteus occidentalis	ad4d9415-b0fa-48a8-9cfd-2245931d8bae	Oligoplites saurus	Catalogue of Life names it
22b16155-3742-4067-9561-a31df17b4b89	Gasterosteus serratus	479b9298-0c0e-4f7e-9e69-038a716ebb59	Gasterosteus aculeatus	Catalogue of Life names it
19aade6b-fc34-49ab-b48d-db1937729402	Genyatremus interruptus	5cc6430e-14e8-4785-bd7a-1fc03b4b276f	Anisotremus interruptus	Catalogue of Life names it
a2b98700-049d-4fa3-a8a1-6dc3b87b8d1b	Gila intermedia	08528614-dfd6-4a0a-a461-ad4fa5eb8e8a	Gila robusta	iNaturalist resolves it to the same taxon
bed1b4b5-6284-4b89-bff7-6c8dff643cb0	Gila nigra	08528614-dfd6-4a0a-a461-ad4fa5eb8e8a	Gila robusta	iNaturalist resolves it to the same taxon
e807759d-2327-4bd1-ae26-879603cd3c36	Glyphidodon javanicus	06c2963b-ff46-4017-9a0a-e4197b07158f	Chromis cinerascens	Catalogue of Life names it
7eec8127-21f2-4c53-9025-bd520000b496	Gobiomorus dormitator	e4c9f5e3-c2c7-4330-b018-f7eaf818409c	Gobiomorus dormitor	Catalogue of Life names it
00e039f3-ed1e-4be8-a8c8-24386be92326	Gobius albus	5a99e39c-983f-4a58-aa5f-01ff6011fff4	Aphia minuta	Catalogue of Life names it
81f3a5c1-8d75-40f4-8c07-4aa25bb81861	Gobius anguillaris	fe0598f0-d4fe-4e5f-8c57-006acee02b06	Taenioides anguillaris	Catalogue of Life names it
16138a90-80a3-4b3d-a27d-c8f5cd28aedb	Gobius aterrimus	6cf63428-b88b-49c0-b0be-fbd99ebd95d9	Gobius niger	Catalogue of Life names it
75e35021-b49a-4328-a251-79007bd2bf12	Gobius biocellatus	97200113-e71a-4a2e-8236-a095413f5309	Psammogobius biocellatus	Catalogue of Life names it
e07f834f-841c-4773-8721-46360623d9f8	Gobius boscii	4c2535a9-45b6-4cf5-b2d7-1a6ee8f8aa46	Gobiosoma bosc	Catalogue of Life names it
2a13b21e-49a4-4aa6-8694-a80082a14517	Gobius capito	65876da6-542b-423b-9173-871f1fb459f7	Gobius paganellus	Catalogue of Life names it
899d0fa8-109a-4998-a0e2-19872b786a25	Gobius flavescens	74899fff-757e-4ade-a91e-1b357d82ca5a	Redigobius bikolanus	Catalogue of Life names it
e536b122-d671-4d97-9382-5dea7a303937	Gobius gracilis	89de23cb-7129-4b9d-a215-094603d3891d	Pomatoschistus microps	Catalogue of Life names it
34c6632a-6c7a-4478-b142-c3d96ffa8bea	Gobius gymnauchen	2b1592f3-2fcc-44bf-8117-e51754142625	Favonigobius gymnauchen	Catalogue of Life names it
9cebf7f0-4511-4d7b-a801-d6121a90cdbb	Gobius hoepplii	fb873083-43fe-476f-94f9-ec452f332ab2	Awaous melanocephalus	Catalogue of Life names it
673638b6-0eb2-4b91-afa4-1fa8a56f3734	Gobius lanceolatus	58f0908c-c8dc-4b8b-80ed-9f5df973326b	Gobionellus oceanicus	Catalogue of Life names it
b8c80882-7c6f-4f85-8356-3eb9605190a3	Gobius lichensteinii	7b770a5f-9c95-4f31-9b7c-5b5da41c166e	Deltentosteus collonianus	Catalogue of Life names it
6c5dd079-2d31-46be-a880-ebb4d98fcd75	Gobius lota	476fb553-b4e4-422a-b827-38de2a2f6787	Zosterisessor ophiocephalus	Catalogue of Life names it
8ad722e4-b197-48c0-af64-e727d8be9c80	Gobius maxillaris	fe1dc163-ee95-4048-a490-34b94baea99b	Redigobius dewaali	Catalogue of Life names it
687ad2bb-94cf-46e8-9f46-8da621dff304	Gobius mediterraneus	6cf63428-b88b-49c0-b0be-fbd99ebd95d9	Gobius niger	Catalogue of Life names it
1af8e2e3-1162-47b9-8538-28dea18e3914	Gobius melanuro	ab4036ce-808e-4200-8aeb-2c8f1ecb095a	Hemigobius mingi	Catalogue of Life names it
15d4e618-3cfc-4042-93a3-36232c9f9e1a	Gobius melanuros	ab4036ce-808e-4200-8aeb-2c8f1ecb095a	Hemigobius mingi	Catalogue of Life names it
3616213a-5bbc-4262-be9c-0031957d4369	Gobius neglectus	dd19b876-c768-403f-b9f4-ea5919ec5ab5	Gobius bucchichi	Catalogue of Life names it
e6149667-f5ec-48a0-aa32-bd2ac68d45fb	Gobius ophthalmicus	a42179e7-7016-42ac-ae90-96755a8efcb1	Bathygobius cocosensis	Catalogue of Life names it
5bca8d91-daf8-4245-a10c-0499a6e1d94d	Gobius ornatus	4c0a2e8f-09dc-486b-adab-3984381f98d4	Istigobius ornatus	Catalogue of Life names it
4af6ee97-fc36-4bf2-92bb-544b639e1ac8	Gobius parvus	1a111a52-6052-4bcf-b52a-d2813bb3a7dc	Evorthodus lyricus	Catalogue of Life names it
60738831-a28b-4290-a76f-54b6a9244d92	Gobius pellucidus	5a99e39c-983f-4a58-aa5f-01ff6011fff4	Aphia minuta	Catalogue of Life names it
6ce56c2a-4d66-4ecd-a80b-d065ea610817	Gobius pictus	c3308da2-08d8-4f48-b559-e0c0f70e22bb	Pomatoschistus pictus	Catalogue of Life names it
164292ad-c0b0-4465-9b12-47444994cd83	Gobius planiceps	c6815793-ddb8-4f37-bf29-0dd8599b0a98	Chromogobius quadrivittatus	Catalogue of Life names it
9231e681-c52d-459f-9542-aa1e3c5fc7a2	Gobius pretiosus	446faa52-342d-4c2f-81fe-031aa3a9acaa	Cryptocentrus pretiosus	Catalogue of Life names it
db6cbbe0-1362-4cde-bd9f-6551c108d592	Gobius pusillus	89de23cb-7129-4b9d-a215-094603d3891d	Pomatoschistus microps	Catalogue of Life names it
f7eee4c7-6882-45ec-9c3b-19e71b6dc92e	Gobius rubrotaeniatus	6295b1ca-fa95-4a88-9c78-5c2f493b393e	Amblygobius sphynx	Catalogue of Life names it
dfcc9171-54f9-4251-8f79-02d52b115eca	Gobius townsendi	4febde74-b994-44c6-b313-a17b1ef95dea	Trimma winterbottomi	Catalogue of Life names it
dd78bf26-ca01-46b9-a0d4-8c0d62f6c6c6	Gobius triangularis	d6b67319-b171-43e2-9e16-fcf9b8aa3697	Drombus triangularis	Catalogue of Life names it
a67cb67e-ad28-4c7a-857b-211184800fae	Gobius trimaculatus	79e75c82-0fd2-4090-aca7-663f306910ba	Deltentosteus quadrimaculatus	Catalogue of Life names it
705bb9aa-d497-4202-bdfd-a08ed389c02e	Gobius villosus	51883fa9-fba3-4487-8351-79288484ba50	Bathygobius petrophilus	Catalogue of Life names it
e914165b-8e6b-45e4-aa5c-d0e151544f0e	Grammistes thunbergii	ba7f526c-0f4d-41aa-b929-5fe6e0b022a5	Parapristipoma trilineatum	Catalogue of Life names it
0eddd4a8-406b-4e2a-9dad-68382637b3ea	Gymnelus esipovi	c2613ffd-7d55-4211-b314-0445fed4aeba	Gymnelus retrodorsalis	Catalogue of Life names it
48aa4e4d-41b7-4d79-828b-2b71c58105d7	Gymnocranius olivaceus	8d7a6b79-6f3f-4680-8f55-0a36b40b0f8b	Gymnocranius grandoculis	Catalogue of Life names it
44ae1105-f6f5-4d2f-8218-a9911cfbee0e	Gymnocypris depressus	2f4c1d52-0f1e-4216-a350-24c990ea29a6	Gymnocypris przewalskii	Catalogue of Life names it
1a80f090-01f7-46f4-9620-8fa073c810bd	Gymnothorax echidna	c91d2ece-0861-48c9-8828-bf3dbd5ad568	Echidna nebulosa	Catalogue of Life names it
63a0360b-4cbe-4760-b8f9-87e3076a87ac	Gymnothorax efatensis	76363725-7260-4a0c-875e-c04794111bd7	Echidna delicatula	Catalogue of Life names it
4d144473-076d-452d-8017-69a2f904ef0e	Gymnothorax feyhonnieni	8366cd28-4587-4810-bdd8-df382e3de2b9	Enchelynassa canina	Catalogue of Life names it
a573d2de-054d-4345-a26b-2d776ef7eed1	Gymnothorax scriptus	98ab4638-7df6-4104-8a50-992987a9a211	Gymnothorax miliaris	Catalogue of Life names it
14ddb05f-bcd7-490d-a4f4-36a93731c43a	Gymnothorax vinolentus	8366cd28-4587-4810-bdd8-df382e3de2b9	Enchelynassa canina	Catalogue of Life names it
30a4663d-f81e-411c-9316-69fcb8941602	Gymnotichthys hildae	6506ae79-cbb5-496a-9de4-01341e74c7d0	Moenkhausia lepidura	Catalogue of Life names it
ce6a0895-8795-4ee7-8c5b-7ea7e93b5060	Gymnotus eleciricus	a1f96c17-cb8c-44e6-b419-220f67869674	Electrophorus electricus	Catalogue of Life names it
68aa3562-d05a-4b9b-a232-b8db1e667a66	Haemulon canna	0a0ec714-2bc7-4f9b-b73c-6a21735597e3	Haemulon parra	Catalogue of Life names it
9a0db7a2-e948-46eb-8fb4-fabb0c8da49b	Halosaurus jonhsonianus	812ec5fd-011e-41fd-935b-41873fe4aeb4	Halosaurus johnsonianus	Catalogue of Life names it
e7270bf3-e754-4e38-99a5-f9f03d81451b	Haplochromis serranoides	3f078ea1-ba3d-4ca8-92b1-3b621c182dff	Haplochromis spekii	Catalogue of Life names it
d66495d2-da5a-4f5d-a626-fcabe0f7e83b	Harriotta haeckeli	4ccadb62-6a89-471d-aaba-277fa472ae3c	Harriotta raleighana	Catalogue of Life names it
1f5405c0-ba88-43d6-80b6-29e2e8236932	Hemiarius biffi	4b4c4413-8007-4ff2-ad08-9c9921cce3a9	Notarius biffi	Catalogue of Life names it
894e0c52-6950-4a62-936a-90bf3ef45fa9	Hemibrycon galvisi	79521cdc-6cad-4e07-b454-f5a7844b85cf	Bryconamericus galvisi	Catalogue of Life names it
76d9fb14-4961-430a-8ec9-9b3ef494dd82	Hemibrycon plutarcoi	85db376d-785a-49f9-845b-8ef4a79f981d	Bryconamericus plutarcoi	Catalogue of Life names it
bfab7031-3714-438f-85bf-f88b24757d5b	Hemigrammus cayennensis	d7e9bbc9-a3df-4d59-8c37-5bb47d54736c	Hemigrammus unilineatus	Catalogue of Life names it
c8f4fd2e-318a-4a5a-850f-54baebe6456e	Hemigrammus melazonatus	2c4f52f6-f61f-4b2c-a62a-bbe3147c2ab4	Hyphessobrycon melazonatus	Catalogue of Life names it
d66bde25-608d-4ef3-a40e-4d864f7940ad	Hemigrammus riddlei	ea449da1-685d-4cff-8849-59a77a647d59	Pristella maxillaris	Catalogue of Life names it
b4044b03-8d9e-4345-97c3-92c0e871a003	Hemiramphus georgii	95374937-2685-4f57-9033-17decb796c7e	Rhynchorhamphus georgii	Catalogue of Life names it
5ad4e7c9-d72e-49b8-af88-362dfd4768ab	Hemiramphus russelii	95374937-2685-4f57-9033-17decb796c7e	Rhynchorhamphus georgii	Catalogue of Life names it
9607fbdb-2872-466e-b80f-31c51250cfdb	Henicorhynchus lobatus	1eb38748-ad8b-47dd-ae66-b41d24972b9d	Henicorhynchus entmema	Catalogue of Life names it
6d15a5b5-9977-417b-ac9f-6c77c6e94ec4	Herpetoichthys ornatissimus	6f536c9f-dfa7-4991-9744-49866e707bd1	Herpetoichthys regius	Catalogue of Life names it
e5631d4d-5b6e-4e14-a84b-456452a51df3	Himantura pacifica	f3f5c489-24e4-446d-8e07-6fe786401996	Styracura pacifica	Catalogue of Life names it
53390d2e-c43c-42f9-ab5e-6e1909148017	Himantura schmardae	8349e12a-1b73-46fb-89ef-bbaa4d6bbb7b	Styracura schmardae	Catalogue of Life names it
6ca171fc-cbfa-4d71-b3cc-d3096218a742	Hippocampus alatus	afe65c69-aec7-4e19-b7ec-fb9fbb8ecd09	Hippocampus spinosissimus	Catalogue of Life names it
dc9a4b15-9959-4935-9302-0772bd7f60ec	Hippocampus atrichus	be9232c3-ccaa-4a2d-a4c2-7bbe2c4973ae	Hippocampus hippocampus	Catalogue of Life names it
63a5e1e8-c412-4e5e-85e7-54d5ca960cc6	Hippocampus curvicuspis	463654d7-aee4-46c5-9b37-e089aa4e580a	Hippocampus histrix	Catalogue of Life names it
993cce28-b37d-4d20-a4ce-0a2a359ac828	Hippocampus fasciatus	b6f9ab35-39c7-43cf-a58d-0c3a01f9e082	Hippocampus mohnikei	Catalogue of Life names it
a0b3dd0d-23d5-49c1-b7a5-b70804ba982f	Hippocampus grandiceps	417dafc8-83d7-4456-95f0-5983bf45aae2	Hippocampus angustus	Catalogue of Life names it
300eb67e-cda9-442b-aed1-9cc5d58fa5a0	Hippocampus hendriki	417dafc8-83d7-4456-95f0-5983bf45aae2	Hippocampus angustus	Catalogue of Life names it
02bcbf46-1cf1-4cfe-a013-4f6f2fcb6262	Hippocampus jubatus	be9232c3-ccaa-4a2d-a4c2-7bbe2c4973ae	Hippocampus hippocampus	Catalogue of Life names it
3bcd3121-bc06-4cc2-b165-cefbaaa25ef4	Hippocampus montebelloensis	3b2aded4-8b1b-4343-b9c6-5686a472a717	Hippocampus zebra	Catalogue of Life names it
deca3051-40c0-4209-865d-d5a94bf25708	Hippocampus multispinus	417dafc8-83d7-4456-95f0-5983bf45aae2	Hippocampus angustus	Catalogue of Life names it
d5aed42f-11c8-4dab-9f70-55863371341b	Hippocampus pentagonus	be9232c3-ccaa-4a2d-a4c2-7bbe2c4973ae	Hippocampus hippocampus	Catalogue of Life names it
e30b82af-7268-42f1-b891-c127b8855d96	Hippocampus procerus	621b85b0-e388-4c70-9617-509fd5964b31	Hippocampus whitei	Catalogue of Life names it
ffa87983-9c12-4450-8ab8-2e8adc648c2c	Hippocampus queenslandicus	afe65c69-aec7-4e19-b7ec-fb9fbb8ecd09	Hippocampus spinosissimus	Catalogue of Life names it
92b935fc-fde3-41e4-b4c2-3ce770e20cdc	Hippocampus ringens	0271dd5f-687e-497b-978d-bf25ba414954	Hippocampus ingens	Catalogue of Life names it
f6f97b70-85bc-4a68-ae42-b9a2ab5f24a9	Hippocampus semispinosus	afe65c69-aec7-4e19-b7ec-fb9fbb8ecd09	Hippocampus spinosissimus	Catalogue of Life names it
ff8b7baf-b8e0-4101-9df9-736ac2b480e1	Hippocampus sexmaculatus	9ff8e025-56d7-4fa2-811f-819a74f2c7f4	Hippocampus trimaculatus	Catalogue of Life names it
a6e36ac8-8c43-458f-adb1-91df35078e8b	Hippocampus suezensis	b13e648d-51cd-45a4-8224-f0e5e4e5be04	Hippocampus kelloggi	Catalogue of Life names it
442ade3f-846d-4628-ae6d-2693c9a2b0c7	Hippopotamyrus pappenheimi	9d13a008-7025-481d-8410-ecb64d709f8f	Heteromormyrus pappenheimi	Catalogue of Life names it
6d078803-1be2-4aa7-940e-555e2354ef9e	Holacanthus lamarckii	8b9602bc-1f33-4fba-bd76-bb7bc80f3140	Genicanthus lamarck	Catalogue of Life names it
c5202166-8699-4bf8-a49a-0df7bbe26075	Holacanthus lasti	68588aad-518f-4086-8500-642114133a28	Pomacanthus semicirculatus	Catalogue of Life names it
fdc1f424-918c-4324-ad8f-56beb5b53c4a	Holacanthus rodriquesi	ee8ccbcd-71de-4d63-b322-e1a6844d81cc	Pomacanthus chrysurus	Catalogue of Life names it
5c55d166-6c01-45b2-9cc9-51114999f067	Holacanthus somervillii	ba3a7458-c5c1-44e2-9bf2-f84113f17d85	Centropyge multispinis	Catalogue of Life names it
0022a013-27d6-456a-a1d9-f0fac4187f0e	Holacanthus uniocellatus	178a1854-8d57-4410-b8f8-9868a8d37b1f	Centropyge flavissima	Catalogue of Life names it
d7613afe-c140-4ce3-a1e2-69ee7819960b	Homaloptera taiwanica	7989112a-0aed-4660-9b5a-5b80958ec336	Hemimyzon formosanus	Catalogue of Life names it
b1e7b9e9-92a7-472c-accd-4151ae07dab3	Hydrolagus lemures	aa6b75e4-08fd-4453-b264-f1c1a99a57e9	Hydrolagus ogilbyi	iNaturalist resolves it to the same taxon; via a synonym
3f400672-2f76-417b-91c2-e4fa29f457e6	Hymenocephalus iwamatoi	f9d16936-5a43-4c70-979a-6989ed269d4b	Hymenocephalus iwamotoi	Catalogue of Life names it
6fe6cd68-971c-4e29-b3cd-0d242acacc54	Hypophthalmichthys simoni	00c76dde-9995-4b68-95aa-a3974fa55478	Hypophthalmichthys nobilis	Catalogue of Life names it
ff7e9187-48b5-49d7-a356-3c864b4f1d3b	Hypophthalmus perporosus	14a01251-585d-4b28-be86-5cc141b44fab	Hypophthalmus edentatus	Catalogue of Life names it
a16d04e1-f7f0-42ee-88be-12a470a3f067	Hypoplectrus maculiferus	9a3e5851-7bd6-4012-8a98-b52e0e4f10be	Hypoplectrus aberrans	Catalogue of Life names it
0dc8be21-bebe-4672-84a0-1f4ef08de275	Hypostomus commersonoides	1f98a474-c797-4fa7-8f66-35a0aa0f822d	Hypostomus laplatae	Catalogue of Life names it
a3804f1f-0e9e-4f4f-8364-4379f90eb0da	Hypostomus stannii	7802ff16-3d9a-49ad-9461-a9fb3bafcf45	Chaetostoma stannii	Catalogue of Life names it
b3996f71-ea69-40b1-b0ab-8038f5f99ed7	Idiacanthus panamensis	52eb285f-ea7d-4838-b86c-9c4fa6ee590f	Borostomias panamensis	Catalogue of Life names it
19f57903-3cf4-43ac-94c5-bea389f7560d	Ilisha sirishai	069fd129-72aa-4fc8-ba13-5d7f7b9dd77a	Ilisha sirishae	Catalogue of Life names it
864e4b62-b87a-4425-acc9-32c4f776b9b4	Imparales panamensis	068ab0f2-2831-4ef1-a148-19b5c65880cc	Nemuroglanis panamensis	Catalogue of Life names it
398862f7-a731-4141-a9bc-18d2dd0b3975	Imparfinis longicaudus	eb9f7221-4110-422b-9b24-fbc6625a19ec	Imparfinis borodini	Catalogue of Life names it
6b713b44-1006-42f7-b451-8a3a5b652e3c	Istiophorus albicans	42d193a2-0906-49c1-ae74-36c9ce2851e4	Istiophorus platypterus	iNaturalist resolves it to the same taxon
fb810ab1-ef65-4a6f-b838-0b7ffbd3a8db	Isurus desori	61986065-c5b9-4eb1-bddc-97130b826a5d	Glyphis pagoda	Catalogue of Life names it
714dbd00-a7b9-47f8-80ce-f2929ebc69ce	Isurus praecursor	4cd81835-3e9a-4fc9-9b5c-1520b8d115c0	Macrorhizodus praecursor	Catalogue of Life names it
ddc803e5-583f-432a-bd5c-e6fe14dd6ba4	Jaydia hungi	e3d84559-db67-4b82-a2ab-3a40da860c20	Jaydia smithi	Catalogue of Life names it
7d9cf08d-581f-45c7-9041-3fd29226d8b7	Knipowitschia caucasia	b1b56224-10aa-4ce1-8263-151a7e1aa71b	Knipowitschia caucasica	Catalogue of Life names it
52340485-e7b6-46bd-98a7-0670d5ebfb95	Knodus albolineatus	032d65c6-fd7e-4dd7-af31-fb32f1a579a7	Moenkhausia cotinho	Catalogue of Life names it
c0c85b8e-cdcd-4320-9788-172b90b1629a	Knodus cinarucoensis	c07c621d-6028-42f5-a918-9407d64580c3	Bryconamericus cinarucoense	Catalogue of Life names it
a97ba6dd-40a1-4e8f-bf52-e4e0982ec81e	Kronoheros umbriferus	1024170d-f44a-40e9-9a1e-e5546c0038b0	Kronoheros umbrifer	iNaturalist resolves it to the same taxon
96361b28-cd6f-4bd8-8878-8aa5d41e2a11	Kuhlia boninensis	f44890cc-d764-4ea6-a571-a1083bfade83	Kuhlia munda	Catalogue of Life names it
a753dba1-a5ae-4ebb-a2c2-96cf3bd1a80c	Kyphosus analogus	787bf543-554b-45c4-98f8-aea4b1a6c518	Kyphosus vaigiensis	Catalogue of Life names it; iNaturalist resolves it to the same taxon
e5603d27-0662-4662-907c-94c655523caa	Kyphosus atlanticus	7e15e1cc-ab1c-4bb7-b53a-f9919e7dcfe4	Kyphosus sectatrix	Catalogue of Life names it
8ae92894-9e57-48a1-8ce9-4fd826dc264d	Kyphosus bosquii	0a8361ca-7469-4e56-8734-8b981035bbc4	Kyphosus bigibbus	Catalogue of Life names it
4aae7543-0a2f-4ce9-80e6-351866e137b9	Labeo falcifer	6aef05a1-7011-4b96-88b1-dd13b88acdaf	Lobocheilos falcifer	Catalogue of Life names it
5b93ab2d-4478-4371-ac19-1ac2e380bacf	Labeo reynauldi	f9d325ff-3ff4-4cf9-882e-d8ede62072a0	Labeo calbasu	Catalogue of Life names it
491fbc2b-c8d0-425c-bcc9-1c81f68c7bd0	Labeo weeksii	3b8c6a5c-7369-4124-9014-73637e8f8d99	Labeo altivelis	iNaturalist resolves it to the same taxon
bb7eefb6-5b33-4478-9cbe-d90b2f40770b	Labrus caeruleus	5d801c14-0a7f-43b9-a693-77b332bb9b82	Gomphosus caeruleus	Catalogue of Life names it
05659bc0-aba1-48b7-9b09-b9c3fe793757	Labrus cyprineus	9ce2f832-fcd3-43ab-a579-6ef7c8a32cb0	Notolabrus gymnogenis	Catalogue of Life names it
1f277de4-9503-427a-b04c-75ca36742fcf	Labrus fasciatus	01e939f9-4228-4746-97cc-d25931771347	Badis badis	Catalogue of Life names it
a76361cb-e445-479e-9afa-e8e0dec4b77c	Labrus hiatula	0543cff9-db85-4385-90b5-0beef1b1fc9d	Tautoga onitis	Catalogue of Life names it
82f52dd9-3eba-40f7-9d63-fe354df4db54	Labrus lineatus	e27e4dd5-8fda-477d-b5ed-fd150dbc05ee	Labrus mixtus	Catalogue of Life names it
9302e6eb-9687-41b3-99ed-371ac4aa6e89	Labrus macrolepidotus	f3bf3dc7-814a-4de9-b3e3-8b430d5b5240	Novaculoides macrolepidotus	Catalogue of Life names it
72c3f174-4345-44ec-af5a-6c6464788a06	Labrus olivaceus	119d8031-015c-48d9-8a22-61c1b5f66fd5	Symphodus ocellatus	Catalogue of Life names it
052e74a2-a657-4a72-bc0f-2276ee215187	Labrus ornatus	7700acd4-14d0-4636-8dd0-6f92d73f619d	Thalassoma bifasciatum	Catalogue of Life names it
9a0b2d4a-ebbc-403b-af2c-282291489a52	Labrus pictus	9104d798-a0b6-4870-96dd-f21adb979c6b	Coris picta	Catalogue of Life names it
57742aa4-5606-4a82-8148-5750d0697943	Labrus radiatus	96c0c89c-0899-4eec-88e6-ca5fb3d3a119	Halichoeres radiatus	Catalogue of Life names it
a7702f94-6650-485b-b8d7-d1bb499fec7f	Labrus reticulatus	edc7af7d-31ee-4966-a262-c38f9621b7f5	Labrus bergylta	Catalogue of Life names it
6a3f48b9-d79b-4389-bb6a-0b06925091c1	Labrus rubiginosus	7eb15555-dfd9-4fbb-8dc1-0c7f17788a9a	Pseudolabrus japonicus	Catalogue of Life names it
a9e6daf1-f09e-4daf-8202-9a3640f106e6	Labrus sanguineus	f8b4917f-0500-4130-b1db-1213188ad396	Symphodus tinca	Catalogue of Life names it
d44aae05-fa73-4bd8-be2f-07710a9e93d4	Labrus spinosus	ed6fb4ea-3f7c-4952-89b4-3c9d8d53e8f6	Trachinotus falcatus	Catalogue of Life names it
6a22d935-80fb-48d6-8395-411be99693ba	Labrus variegatus	e27e4dd5-8fda-477d-b5ed-fd150dbc05ee	Labrus mixtus	Catalogue of Life names it
942713da-0ff1-4b89-a164-5ca0a6eb2e35	Labrus venosus	bd1f8b22-8e46-4f8c-9bb9-4c8d12343cea	Symphodus melops	Catalogue of Life names it
481bfe73-5671-4318-a356-4028737a172a	Labrus vittatus	58b050cf-0745-48e5-b5db-14c4680e37d0	Malacanthus latovittatus	Catalogue of Life names it
cfe2d975-3e48-4296-aff8-5b83f1f4738b	Labrus yagonensis	3b7ea2d3-374f-4d1c-a384-08eb7381f01e	Bodianus speciosus	Catalogue of Life names it
7f3eff24-a276-472a-9a31-8a23fd2bbf12	Laeops sinusarabici	e61d551b-61e7-4204-aa5f-f1c17aeadbac	Laeops natalensis	Catalogue of Life names it
ddc06493-15ea-4e9b-b0bc-d9425c050d6c	Lagocephalus gloveri	5b166c05-5206-458f-ae49-352ae0c56276	Lagocephalus cheesemanii	iNaturalist resolves it to the same taxon
c3be3457-d53a-4179-aa53-214020bf5a52	Lamna oxyrhina	e578f74d-67f2-4a10-bd0f-ba9e69259144	Isurus oxyrinchus	Catalogue of Life names it
0ec3aed1-e5dd-4407-b49d-bfd1538a2c5e	Lampanyctus reinhardti	2b4a1bc4-066d-476e-a28c-8cb641991d6b	Hygophum reinhardtii	Catalogue of Life names it
5c49d022-7bf4-4033-8928-7997834af87b	Lampetra ayresii	b98040a2-9657-4753-8331-f9244725ff15	Lampetra richardsoni	iNaturalist resolves it to the same taxon; via a synonym
bc1037a7-4288-43a1-9aa5-9ab2eb21e3ad	Leiognathus berbis	4c3e3ccc-e319-4dbc-85e6-24f2554d9fa9	Equulites klunzingeri	iNaturalist resolves it to the same taxon
a473243f-463a-44e2-8330-328a1cb0db0e	Leiognathus hastatus	6d73e196-5b4f-4d6f-84b7-b45c3e47d959	Equulites leuciscus	Catalogue of Life names it
78ab312b-f47d-4b8c-a731-bcac3963b9bd	Lepadogaster goueani	e380780a-ae21-438b-a221-0baec673d677	Lepadogaster lepadogaster	Catalogue of Life names it
7dc47f75-6e82-45c6-837a-88ef5cd389a0	Lepidion eques	861745ad-fe97-4d40-a0ce-e4050e824eb5	Lepidion lepidion	Catalogue of Life names it; iNaturalist resolves it to the same taxon
351b8b1b-9b67-447d-985a-526ce0cec225	Lepidopus argenteus	7345aeb7-693f-477e-abc8-0230ff0058a8	Lepidopus caudatus	Catalogue of Life names it
fecca6b5-a457-4b2e-b944-01b346b096d7	Lepidotrigla kishinouyi	30529457-c153-49e2-806e-8652de50261e	Lepidotrigla smithii	
b6c0d771-837a-4229-975c-4c80113755ef	Leporinus nattereri	32dd5544-bafd-43cc-a632-bf76f3cac2d6	Insperanos nattereri	Catalogue of Life names it
d694d7e5-6c14-4612-96c7-55f4a4fba70a	Lethotremus awae	414ff39c-f124-46b8-80d8-f283f156ef76	Eumicrotremus uenoi	Catalogue of Life names it
d3f85fb8-64a0-4d88-b3b1-96905e6ad788	Lethrinus aurolineatus	13b50c3b-5c64-4cf0-bf2f-23afb82ab789	Lethrinus nebulosus	Catalogue of Life names it
829d9f2d-f668-41a1-80bb-452366b21a72	Leuciscus affinis	2f9a2e95-2352-4b0d-8c1c-7a9ac43d2531	Scardinius erythrophthalmus	Catalogue of Life names it
9f462d5d-54df-4091-b86d-63e1c910e114	Leuciscus apiatus	0ba3b177-d32f-432c-8a2e-ea117fefaadc	Opsarius bendelisis	Catalogue of Life names it
9c2e3c14-66c2-457c-99ca-471c13f6fec7	Leuciscus argenteus	1b8b1fe4-ee2c-4a4c-b392-1e92c0a7ebf1	Semotilus corporalis	Catalogue of Life names it
7aa63c06-070c-4664-ad68-c68f2f8e601e	Leuciscus hegeri	4310bc0f-3deb-4bbe-8d26-137b44a66892	Scardinius scardafa	Catalogue of Life names it
550e7e8c-b378-4b7b-a22e-f3190b739c9a	Leuciscus pusillus	39dbe082-c420-40b4-b2b0-0007c365ddd5	Pseudorasbora parva	Catalogue of Life names it
49a5e74c-804d-4073-92eb-c10897b3b7ec	Leuciscus selysii	9d6a1933-31f8-41df-aaaa-3f3e88efc7f3	Rutilus rutilus	Catalogue of Life names it
963ae883-66a9-44a6-81f6-05a227b4c6ae	Lichia carolina	f8acb41b-4f11-4440-b26d-250837e37104	Trachinotus carolinus	Catalogue of Life names it
dc940fcf-0de3-4f8f-ba91-51bdadbf960b	Lichia sinuosa	912e7c6d-68ca-4282-af56-2461d7397fc7	Campogramma glaycos	Catalogue of Life names it
305c55ad-54ea-4633-b2eb-12a9467600a9	Lindemanella iota	7d68e905-4459-473f-9c49-a85688e382b0	Ophiocara porocephala	Catalogue of Life names it
7d5c799c-8f73-4f3c-a637-bffa71885318	Liparis lindbergi	3b950d67-43f7-4e6b-9baf-ef1ad89a99e5	Liparis latifrons	Catalogue of Life names it
103fbe00-f708-41cc-acd3-c1d9fddc3d37	Liparis quasimodo	3b950d67-43f7-4e6b-9baf-ef1ad89a99e5	Liparis latifrons	Catalogue of Life names it
93846dc9-4817-4e61-ba34-c61e25a06ad8	Liza engeli	2296ff45-3019-4f8a-974a-236323a1a809	Osteomugil engeli	Catalogue of Life names it
5664a94b-b52e-4758-881b-75a17a8166ab	Liza ramsayi	e6419af3-9ffb-43ea-beed-0af67d74ddba	Gracilimugil argenteus	Catalogue of Life names it
c22ad8e9-37f3-4cc1-af60-daca2582672f	Lobocheilos rohitoides	f2183446-70d0-42c8-878a-8f4b78c8c433	Diplocheilichthys pleurotaenia	Catalogue of Life names it
3f615158-30ea-43fa-b304-a4f7697b89da	Lophocampus ocellatus	e3b14464-fc96-488d-9f37-8131cc00ce98	Microphis ocellatus	Catalogue of Life names it
7633b752-fea2-4fcb-8ed5-69baf339d4f2	Loricaria maculatus	af1eebf0-186e-4917-86de-f4adb275f1b1	Loricariichthys maculatus	Catalogue of Life names it
5a47d2b2-656d-432a-b164-b212c4b5b292	Loricaria punctata	82821008-38ff-4337-b69d-de181792ef2c	Pterygoplichthys punctatus	Catalogue of Life names it
cbf04e69-3f8e-46de-9c17-28eeae316050	Lota vulgaris	865293d4-ec4d-4549-8533-200248446d73	Lota lota	Catalogue of Life names it
34fa8e24-8554-4383-a26a-7fd45800101b	Luciobarbus figuigensis	0ceb1cae-f10a-469f-94d6-30bd61d6f440	Luciobarbus callensis	Catalogue of Life names it
69383445-11fd-48df-9c00-0e685acc199c	Lutianus aya	8ade6409-422c-4538-895d-d7e4c3c824c9	Lutjanus campechanus	Catalogue of Life names it
676c11e5-5400-430f-945b-22fa80379e54	Lutjanus aya	cd554dc1-f765-4779-869c-13195ceb17df	Lutjanus purpureus	Catalogue of Life names it
6eec49a2-e8ac-425d-b412-7839f1d6a426	Macrognathus perakensis	cace5a7c-7518-4d2b-9dcf-f8bb2403a705	Macrognathus maculatus	Catalogue of Life names it
125f2a92-81af-4fbc-9a1b-2030cf98d57a	Macrurus fasciatus	ea622c22-2863-4011-965b-484dacd2ce35	Coelorinchus fasciatus	Catalogue of Life names it
415ff518-f337-455f-9e9e-f3b9b2893099	Macrurus longirostris	5dc54fab-b104-4909-8a1b-89990edbc473	Trachyrincus longirostris	Catalogue of Life names it
e422e3bf-909d-4a37-9b7d-9120de7cf4e3	Mallotus elongatus	b81283f6-089e-4cad-82a0-fb83c461fc35	Mallotus villosus	Catalogue of Life names it
4bb814d7-49b5-4809-8c2d-8653550b4ef2	Malthopsis asparata	b211d7d0-b532-43bd-b468-860b33d0684d	Malthopsis asperata	Catalogue of Life names it
ef16f626-159d-4019-9d31-bf7c650abbaa	Marcusenius brachistius	a2255acf-b7bf-4124-8ccd-7f83c3157b47	Brienomyrus brachyistius	Catalogue of Life names it
2e5b323e-9520-4eb1-aa4c-23a3bfdf6a20	Mayaheros gephyrus	c3e3d9db-70ea-4f89-8286-b8890e81482c	Mesoheros gephyrus	Catalogue of Life names it
25cb80c2-b947-4c8f-b46e-b707d4ef6500	Mayaheros ornatus	f586c431-1060-42d6-ba56-834e7e32abe6	Mesoheros ornatus	Catalogue of Life names it
196b2136-b24b-4a2f-a144-83d922aebc75	Maylandia melabranchion	aea7984b-e048-4ccd-bcf6-cf35cbbcc7e7	Maylandia zebra	Catalogue of Life names it
448737ce-f6df-4316-8707-a3685b5bf1bb	Maylandia pursa	4e24df4a-68e0-4cb2-82ac-c52070308c0f	Maylandia lanisticola	Catalogue of Life names it
1469dc6a-8b52-491c-bd57-74a47740e905	Maylandia sandaracinos	a18bd2d3-091e-45cd-a352-39b1182183ef	Maylandia pyrsonotos	Catalogue of Life names it
9f7a09bb-ba95-4a4c-9491-e5e7eec8dc18	Maylandia thapsinogen	a18bd2d3-091e-45cd-a352-39b1182183ef	Maylandia pyrsonotos	Catalogue of Life names it
d6e517e0-ac0b-4667-be25-65c31bf1a3cb	Megalops thrissoides	5540ebbf-283e-4c3a-a3b4-3aef65c27927	Megalops atlanticus	Catalogue of Life names it
19d3ec79-dc53-4841-9e3d-f1ae9bb58366	Melamphaes anthrax	241e263c-a6a1-47bf-aec8-24f9061e84bb	Poromitra capito	Catalogue of Life names it
35d36859-95be-4309-b1d3-a2a3468833ce	Melanotaenia maculata	8031b659-84c8-45eb-91b9-038f1bb27a04	Melanotaenia rubrostriata	Catalogue of Life names it
9ea27f05-b485-4b71-a8d7-e3a36d6c91aa	Merluccius argentatus	9618d831-32b5-4f1b-a14b-fbe1982df2bc	Merluccius merluccius	Catalogue of Life names it
0ac43e38-a4fc-4de4-8b44-b21cd3154f55	Mesonoemacheilus remadevii	a2a4661c-22b9-4006-b787-b60cdfdc9c14	Mesonoemacheilus remadeviae	Catalogue of Life names it
50796dee-41b9-497c-b5db-bd8d70244ed3	Metriaclima nkhunguense	df693181-2066-445d-b4b6-63f771f675a4	Maylandia nkhunguensis	Catalogue of Life names it
305355ab-fbd6-4d9c-90b1-5243f8021090	Metynnis snethlageae	ade63fbb-9251-44cf-918c-1cc868435ddf	Metynnis lippincottianus	Catalogue of Life names it
b57e3248-8716-4cb3-8681-c659817bff86	Micrognathus magdamoi	293cfde0-3fdb-4357-b3ef-64109d0eb04a	Halicampus dunckeri	Catalogue of Life names it
6254066f-b2ba-45af-ac67-202b1591f322	Micropanchax scheeli	fa480205-a9cd-4111-87ab-3b38921e6de5	Poropanchax scheeli	Catalogue of Life names it
41e66b93-bd4d-4576-826d-98319433dc02	Microspathodon frontalis	143e9502-a8be-40f4-82ca-fdf6907d7eb2	Microspathodon frontatus	Catalogue of Life names it
932448f0-3913-4841-b843-a259986ed52a	Misgurnus oligolepos	7a1ec0a4-b166-453d-8b63-d7de74e15a49	Paramisgurnus dabryanus	Catalogue of Life names it
6b72fe5b-3c38-4cd1-80b7-95c37223ab30	Moapa coriacea	54434183-7d12-4a93-a950-a6ca2ec61329	Gila coriacea	Catalogue of Life names it
f028101b-77f4-4afc-ac8b-701136fae557	Mobula eregoodoo	1f899482-8ee0-4a92-bd2d-75b14f60bc26	Mobula eregoodootenkee	Catalogue of Life names it
13edeab3-0661-4fa3-a190-0675c36ef304	Mobula japanica	a104c7b7-c1b3-4f9b-ada6-ad43c159cee2	Mobula mobular	Catalogue of Life names it; iNaturalist resolves it to the same taxon
103bf738-4884-430f-9d5e-a17cd7f5644b	Mobula rochebrunei	2c988c98-7bac-470c-a4ff-2f31c87e32e4	Mobula hypostoma	Catalogue of Life names it; iNaturalist resolves it to the same taxon
440c2d98-f364-455f-8766-71dd43cc619a	Molva huntia	865293d4-ec4d-4549-8533-200248446d73	Lota lota	Catalogue of Life names it
48661df1-1059-49fc-bf7a-86a8d472d4c0	Monacanthus hystrix	37a23558-f925-43a2-892e-a8e6524b2b13	Amanses scopas	Catalogue of Life names it
93133526-5178-4dff-85f6-1892faf75f0c	Monacanthus peronii	b7518419-7f3e-4840-a2ca-affe1ae6e247	Pseudomonacanthus peroni	Catalogue of Life names it
61f63ce7-9d23-4209-925b-d8a8b024705a	Mormyrus herse	5abea262-ce25-48f5-87c0-53c64cee15af	Mormyrus hasselquistii	Catalogue of Life names it
85c4c412-7612-4e67-921b-61f9c801374b	Mormyrus longipinnis	c9b82938-0a5d-438d-a8e2-38cc2124bfbb	Mormyrus caschive	Catalogue of Life names it
4e9e1eb3-ed19-4552-ae97-0c3d2a86121a	Moroco variegatus	053c0d40-ee4f-4a5b-b8c0-040a40e2155b	Sarcocheilichthys variegatus	Catalogue of Life names it
fac89003-9fea-4c36-a53d-bac3d0688e8e	Mugil brasiliensis	4cd30229-20e3-47b0-bdf8-c7c9a66f252c	Chelon dumerili	Catalogue of Life names it
06d9efa6-771c-48e8-aa3c-2f78ed7e214c	Mugil gaimardianus	b1f24a98-6b22-4cd2-90fd-7148547003ed	Mugil rubrioculus	Catalogue of Life names it
984f9ff2-8e7a-4b22-85c1-8671420b5918	Mugil macrolepis	5b34b270-d4ff-4b5f-87b4-36ff6f33637c	Planiliza macrolepis	Catalogue of Life names it
a9ef640a-d229-4f51-98ae-76e81a9c3e4d	Mugil plumierii	dd3cc870-4785-4f18-be38-17d48559d3e1	Mugil cephalus	Catalogue of Life names it
4375aa7d-2a34-4fd3-9b6f-c5ece1e920ae	Mugil saliens	e31331e2-605b-4a93-9ed9-3b4e8a90394d	Chelon saliens	Catalogue of Life names it
7090fcf5-9c45-4e90-841c-308296df518d	Mullus maculatus	9fbfa18f-7013-446f-a21e-f61cb86aad79	Pseudupeneus maculatus	Catalogue of Life names it
5a96f751-2ec7-4ccf-9dd7-7279c635fc01	Mullus phillipsi	e8133394-4106-4731-90ff-020d540b0c72	Mullus auratus	Catalogue of Life names it
ae188e26-6123-4794-8c96-b622f8d0ed1f	Mullus ponticus	37d3dec3-0611-4487-8391-0edf2df12bf8	Mullus barbatus	Catalogue of Life names it
a1d475e7-40d0-4244-9a45-bb5b86da5f09	Mullus ruber	37d3dec3-0611-4487-8391-0edf2df12bf8	Mullus barbatus	Catalogue of Life names it
f17fa004-cadb-47be-b6d6-3273e29fd83a	Muraena cinerea	9b13f4c6-0088-4e7f-9164-321998f8d2a7	Ophisternon afrum	Catalogue of Life names it
dbc88f8d-704d-4f1a-9e5e-466c07bf8751	Muraena nigra	403e5fd8-8d87-4860-ad9f-7b724efd70e4	Conger conger	Catalogue of Life names it
c60ac61f-8e7d-43d2-b855-b585f582b6bc	Muraena quaesita	500c5ec9-6956-47bf-ac90-4603f7422c33	Rhinomuraena quaesita	Catalogue of Life names it
de892560-5fce-454b-a34a-12699c267d08	Muraena umbrofasciata	9824353d-1697-4053-bf31-e845365c721f	Gymnothorax rueppelliae	Catalogue of Life names it
7f6f0e10-bca7-46e9-8982-17e23b53d73c	Muraena unicolor	29ea6534-c237-4c4e-9ac1-7e9649558a3f	Uropterygius concolor	Catalogue of Life names it
df74d226-371a-4c96-8d0a-3f6d9d131760	Muraena variegata	c91d2ece-0861-48c9-8828-bf3dbd5ad568	Echidna nebulosa	Catalogue of Life names it
ba12227c-2c93-4bd0-9330-779dcdeb218c	Muraenichthys malaita	943e9df2-9a12-438e-920a-18795a936da1	Schultzidia retropinnis	Catalogue of Life names it
c587e319-2c88-4bde-b26d-aa67e312ad00	Mustelus laevis	d9249735-cce1-40f0-8670-f4bde6f5e5f0	Mustelus mustelus	Catalogue of Life names it
37a5efb6-01d4-40a4-a6d6-3c4619f343c8	Mustelus vulgaris	d9249735-cce1-40f0-8670-f4bde6f5e5f0	Mustelus mustelus	Catalogue of Life names it
5a06c1c2-1340-4c2c-862f-45f0da08e56d	Mustelus walkeri	d6eaeaaa-7253-45eb-bee5-946a7187b250	Mustelus antarcticus	Catalogue of Life names it
92385262-af07-47de-bbba-f1bd68f64a14	Myctophum obtusirostre	cbc3c7f6-890e-4672-a83b-1eb030e9633a	Dasyscopelus obtusirostris	Catalogue of Life names it
9fad3d9b-6737-4588-bfae-4c49856b8ac4	Myctophum oculeum	f0a1e98e-5edc-4908-bb5a-ba76a362e99f	Triphoturus oculeum	Catalogue of Life names it
67c0652f-b1a7-4c86-b254-5be036be054d	Mystacoleucus marginatus	f756cb14-3f85-4bc9-acc2-9bd4df9f6e97	Mystacoleucus obtusirostris	Catalogue of Life names it; iNaturalist resolves it to the same taxon
5636db6d-ab69-463b-931b-387edef949ef	Mystus ascita	42970efc-fae2-43b4-a9c3-f10506022d9f	Platydoras costatus	Catalogue of Life names it
0a5e493c-1b44-44f9-a07f-05b475a80c64	Myxine dorsum	92fc09c4-82e7-4f1d-a270-dc2cf04fbbeb	Myxine knappi	Catalogue of Life names it
b1972479-41e2-4735-b744-e1820243b02c	Nansenia rissoanum	317fe395-b754-4ba3-a5a9-f4a1a659068c	Nansenia oblita	Catalogue of Life names it
b92c2633-be9b-4dd5-9d37-c3acb42d8595	Naucrates indicus	8c585623-6ac7-4f4f-ae81-101b31fadb3e	Naucrates ductor	Catalogue of Life names it
36a1bce5-e8d4-41b9-98e2-df73f971acd1	Nemacheilus wuweiensis	af0c2ae7-f0fe-4412-a59c-0335be9726cb	Triplophysa wuweiensis	Catalogue of Life names it
46651aec-e646-4b96-9220-ca39400ef718	Nemacheilus zamegacephalus	39947e85-e307-49b9-b890-56d650276141	Triplophysa zamegacephala	Catalogue of Life names it
c679003b-8667-4432-802c-029e4d6247a2	Neocyttus rhomboides	d92dbe77-5494-4419-8acf-d023bd8d1aa8	Neocyttus rhomboidalis	Catalogue of Life names it
e64c20a7-aa6b-4acf-b0e6-dc9e4406d08e	Neogobius nigricans	c864f255-a287-4b5b-8d2e-49e9db52abca	Padogobius nigricans	Catalogue of Life names it
1f87812c-1d86-4c03-935a-f53206a796f9	Neoniphon hasta	f98eb176-6c58-4986-ace8-816b78e9f039	Neoniphon sammara	Catalogue of Life names it
1b286839-a4bd-4c23-ae61-6d312d86c38c	Neophrynichthys marmoratus	24392591-f33a-4600-bde1-f5ee2a210bdc	Psychrolutes marmoratus	Catalogue of Life names it
09481dc2-35fc-46bd-b29d-f99e5a96670e	Neopomacentrus fallax	f1167941-788e-4231-b91b-06b2375bffd7	Neopomacentrus taeniurus	Catalogue of Life names it
cf48968e-446e-4313-b7f4-b8f442aa05a0	Neosynchiropus bacescui	49d96c6f-e94b-43de-a27c-9c4d72493f8c	Synchiropus marmoratus	Catalogue of Life names it
ceaee1e5-f36a-4fb8-a55d-9edbb99a17bb	Neozoarces steindachneri	a1b25d1f-a2dc-45f4-84d6-5b16ebca618c	Neozoarces pulcher	
a2acdeda-89e7-4d7f-826b-743feb2806a1	Nothobranchius kuhntae	d4918746-05f1-4e84-9298-80cb180c617a	Nothobranchius orthonotus	Catalogue of Life names it
5ed82c27-5e9f-4440-a24d-d312d014b835	Notothenia canina	4d9be4ad-762e-495c-99b6-137aab9ef33f	Patagonotothen canina	Catalogue of Life names it
e94fa173-f582-4d6f-ac6d-fb0123465d05	Notropis aztecus	bf3ed111-f964-47fe-aa5e-8531acdbaf55	Aztecula sallaei	Catalogue of Life names it
f51acef8-b868-4e61-8117-18b1e3de169e	Ompok taytayensis	49bca591-34d1-4366-9235-7a0251dd1806	Pterocryptis taytayensis	Catalogue of Life names it
a7b8aab7-e8fe-4da2-b925-654e89900025	Onychostoma microcorpus	fb63d865-2f60-4254-9b45-cc5bf8f32dc6	Scaphiodonichthys acanthopterus	Catalogue of Life names it
79736a62-97ef-49c7-8cfb-effec0494e7b	Ophichthus habereri	a761832c-b7cd-40e9-837b-4be51cb0d00b	Ophichthus asakusae	Catalogue of Life names it
c3366572-8126-4805-bd5e-9d3214157973	Ophicthys naja	3ea36fad-b743-4a6a-b0e1-a80cc8e900be	Myrichthys colubrinus	Catalogue of Life names it
cb807cf9-5064-47ad-896d-2de569931484	Ophidium mastacembelus	3a020b27-edb9-47ce-a59d-8027fa8288f8	Mastacembelus mastacembelus	Catalogue of Life names it
dbf32a67-dec3-4906-85ce-f25614114548	Ophioblennius pinchoti	b5431e35-4ac7-41f9-9efd-f81265a14af3	Ophioblennius steindachneri	Catalogue of Life names it
058a2627-cd30-4180-81f6-137405403f33	Ophisurus brasiliensis	779dde1b-9a15-499a-b035-889405cee2cf	Ophichthus brasiliensis	Catalogue of Life names it
c694faa0-ad4d-493c-9f10-bd32e1391169	Ophisurus lacepedii	e9a72c4e-c2d4-4e80-85e9-fe59be4ca1b9	Leiuranus semicinctus	Catalogue of Life names it
8e3098f8-000b-48da-8577-cc664eec4bc7	Ophisurus maculatus	7cc5cc42-37e6-4244-b465-da21c0f1af92	Callechelys marmorata	Catalogue of Life names it
adb8088b-117f-4238-bf6c-764343f541eb	Ophisurus vimineus	e9a72c4e-c2d4-4e80-85e9-fe59be4ca1b9	Leiuranus semicinctus	Catalogue of Life names it
8626b3d2-751c-44e7-836f-1e709817a8f0	Ophthalmolebias constanciae	86e5e0f6-b4de-48f5-8801-8ae5cecc06a8	Simpsonichthys constanciae	Catalogue of Life names it
6ea2414f-c027-4481-84e8-b431a88c7874	Opisthognathus fasciatus	9383fb76-9fa8-4e9a-a069-5000b2e8d513	Opistognathus macrognathus	Catalogue of Life names it
90a35fd2-8f67-4293-841a-58b6977fa4f7	Opisthognathus ommata	a849900e-bc82-4e8b-9ab6-6d0dfaea3e06	Opistognathus scops	Catalogue of Life names it
a81ab1de-c399-4163-835f-81dd3148db6e	Opisthognathus rex	8188e65b-9220-4a4a-ad56-351627f24035	Opistognathus macrolepis	Catalogue of Life names it
21fbf145-53ee-4890-95d7-39f39349bed5	Oplopomus vergens	70638453-b5fa-4f01-87a2-1396e46ac131	Oplopomus caninoides	Catalogue of Life names it
6141279e-7701-490b-913c-f2670e88bae9	Orthopristis poeyi	5645ecf8-a200-4939-b82c-6da8fa1c5c6d	Orthopristis chrysoptera	Catalogue of Life names it
2a2e863e-bc66-4582-8362-f1eddf9be6a7	Osmerus attenuatus	49ee907f-c155-476e-9e0f-3cde685b4e1a	Allosmerus elongatus	Catalogue of Life names it
f8d0d06a-eac3-41a6-8be9-12c5ec5c43ed	Osmerus microdon	b81283f6-089e-4cad-82a0-fb83c461fc35	Mallotus villosus	Catalogue of Life names it
6d773388-d351-4a67-806f-af2305dff895	Oxynoemacheilus kermanshahensis	db5e96ed-8077-4850-9f04-193c8a0d82a2	Sasanidus kermanshahensis	Catalogue of Life names it
c91c8c48-c706-4213-99e7-3e78a66f97e2	Oxyurichthys amabalis	390f3225-0a2e-486b-9c0c-9930ffb048a0	Oxyurichthys auchenolepis	Catalogue of Life names it
7c23e801-e387-4681-8fcc-f64354f3bbac	Oxyurichthys petersenii	390f3225-0a2e-486b-9c0c-9930ffb048a0	Oxyurichthys auchenolepis	Catalogue of Life names it
10b4bc69-444f-4ce3-943b-45dfb2b57577	Oxyurichthys rumbia	6d7661ff-b5ca-4c87-9303-bda27556877e	Oxyurichthys cornutus	Catalogue of Life names it
0aade7c8-1696-40a9-bec3-ec224e214f12	Oxyurichthys saru	390f3225-0a2e-486b-9c0c-9930ffb048a0	Oxyurichthys auchenolepis	Catalogue of Life names it
e8894943-399e-4b84-9e8a-af67caba621d	Oxyurichthys talwari	b5909ef0-bca4-475c-bc23-40ba55f6197c	Oxyurichthys ophthalmonema	Catalogue of Life names it
13805b55-d08c-4db2-a7fa-e5c88e31ef8a	Pachyurus squamipinnis	f5849b17-c18b-4813-b20c-8eb16a31bcd9	Pachyurus squamipennis	Catalogue of Life names it
d320a51e-a80d-407b-a515-7dfaf9c17729	Pagrus vulgaris	35a2dc2d-3375-4947-b979-4bfe14a9d24a	Pagrus pagrus	Catalogue of Life names it
9a9c9da7-8036-4ff1-a0ef-b9130dc49783	Pampus echinogaster	7c4c954c-b543-474b-9014-3d7e444ba540	Pampus argenteus	Catalogue of Life names it; iNaturalist resolves it to the same taxon
7962f48c-9323-439c-b7ab-d9c84f3e187a	Pangasius hoeksi	7152c29b-121b-4c99-9418-ffdf2578125c	Pseudolais micronemus	Catalogue of Life names it
481e45f8-6dac-4f89-b55f-3835036545da	Pao palustris	8894457e-3628-4f49-a145-8c43ea386fe0	Pao brevirostris	Catalogue of Life names it
7b3bc2fe-6dab-46ad-b03c-1ab894b4bc11	Paracottus insularis	29cf94ea-c395-4d7a-bae4-dac0cd64cd6d	Paracottus knerii	Catalogue of Life names it
45167d65-e610-417b-add2-9f138fc0ce59	Paragaleus randalli	65884638-efdc-4881-a6f4-e5dab3b662ce	Paragaleus longicaudatus	Catalogue of Life names it
edb5c006-3590-414d-8c70-8b8578be0d46	Paraliparis megalopu	5c03678d-c149-4986-bb67-d8c419e75a3b	Paraliparis megalopus	Catalogue of Life names it
4eba7290-5220-4ffd-bf13-ab3d210ba6ac	Paraplagusia blochii	f39420dc-d6ab-4020-8ef8-6cd3c6435f83	Paraplagusia bleekeri	Catalogue of Life names it
a69a8282-54da-4d58-8ec0-d281ef7c1d00	Paraprocypris papillosolabiatus	4e41bed9-c282-4d82-8d0a-8559172d7265	Procypris rabaudi	Catalogue of Life names it
04e7b04b-e68b-4a52-b7d9-6e5dff47a573	Parmaturus melanobranchus	0f8a611d-bc9f-4bc6-bc44-e75c9c7d8e73	Parmaturus lanatus	Catalogue of Life names it
aaae014a-5cff-4990-a5ab-d7bc59c029c9	Pellona panamensis	a15ea3bf-8d2e-416b-b13e-296dbfc7ad8c	Odontognathus panamensis	Catalogue of Life names it
2e6da907-e099-478f-893d-3d81c9ae0679	Pentapodus milli	3e9bd2f3-9ba8-4c73-8791-4cd9a6d05fac	Scaevius milii	Catalogue of Life names it
9f9e8db0-ed03-4929-97cc-42b412f686bf	Perca dorso	6b00c00d-a574-4fb8-b822-714d7be3c28e	Lutjanus sebae	Catalogue of Life names it
7874add2-8a9f-4e49-bb53-ed60bd9428fa	Perca fasciata	d65d26bc-e602-4f3f-9839-78af1b5b4521	Epinephelus fasciatus	Catalogue of Life names it
481aa5db-72e5-4698-937e-13458c015845	Perca guttata	4fb57e9d-8086-414f-99eb-636a0e8bb4b7	Epinephelus guttatus	Catalogue of Life names it
939b2719-3147-4992-95b2-e39248807951	Perca luth	708bf728-c92c-4fc2-96e7-9db2b26ae521	Argyrosomus regius	Catalogue of Life names it
377620df-c16b-47df-949f-3a9354592027	Perca maculata	d65d26bc-e602-4f3f-9839-78af1b5b4521	Epinephelus fasciatus	Catalogue of Life names it
9585f0ed-ee3a-483c-8583-469e3b412aca	Perca maculosa	bd1f8b22-8e46-4f8c-9bb9-4c8d12343cea	Symphodus melops	Catalogue of Life names it
d0e2c119-c022-4ca4-b108-cef651c167f7	Perca mitchilli	951ca75a-48bc-4277-8eea-5a10db4a033a	Morone saxatilis	Catalogue of Life names it
b1ae9945-1811-4b04-999f-8e69ce7514de	Perca nebulosa	baa954d3-85b0-458e-af48-65909ba78301	Percina caprodes	Catalogue of Life names it
ca4cb0eb-60e7-4931-82d4-e1775cfa6e74	Perca norwegica	4fcbb399-4fbd-42d0-b75e-87b37a9c923d	Sebastes norvegicus	Catalogue of Life names it
90ab94c0-45be-4e3d-82f6-87c60ebb00e8	Perca notata	14fc08c1-9159-4f0e-80c0-cf59231badb2	Perca flavescens	Catalogue of Life names it
5153b398-1adf-4158-a16d-5468687b2f5e	Perca schraetfer	bed1b535-6c45-4ec6-ad97-7d4f3a5202b0	Gymnocephalus schraetser	Catalogue of Life names it
b3f205f7-8e83-409e-a157-6d99a959e0b1	Perca vittata	0f529da1-a227-4f53-91e9-eb00f926fa90	Plectorhinchus vittatus	Catalogue of Life names it
25318b10-47ca-4767-954b-a17b7823cbbf	Percina tanasi	014d7af0-f00e-4dc2-92f8-b9ef9523535a	Percina uranidea	iNaturalist resolves it to the same taxon
6c3a90ed-6c62-4235-b6b5-955504d0f0fd	Persparsia taaningi	2c318631-33fd-445e-b952-5843e76f723b	Mirorictus taningi	Catalogue of Life names it
7f22b909-d676-4eac-a3cc-008968e08c38	Perulibatarchus aquilonarius	92053726-6344-49f5-9c25-bfbd6d722087	Perulibatrachus aquilonarius	Catalogue of Life names it
8f501783-a341-4f53-aef7-01b9fccfae13	Petrocephalus marchii	8a726dc0-d944-4651-bdc7-a7153c00cbb3	Ivindomyrus marchei	Catalogue of Life names it
7646a2eb-3d50-408e-b232-117b7be438e8	Petromyzon lampetra	5b1853a0-7cbb-44bd-a7e7-fef47ec9d437	Petromyzon marinus	Catalogue of Life names it
bee84c66-b289-4740-9094-ebe65dcc62d7	Petromyzon variegata	5f207f6a-3122-4407-a5b0-62ccb84c880f	Lethenteron camtschaticum	Catalogue of Life names it
1b703806-83ee-4fd7-95b3-b8fafc963897	Petroscirtes azureus	8fa902a6-1573-400b-80c5-524e5e05d1fd	Istiblennius edentulus	Catalogue of Life names it
aa3a190f-7834-499f-9908-83e93d782e48	Petroscirtes cristiceps	a75bd4f1-f118-41b2-a1a9-8f51546dedee	Istiblennius dussumieri	Catalogue of Life names it
b23cb833-a931-4a62-8940-a09784d0340d	Phallocottus obtusu	6a1fbd38-31f4-4fbe-8edc-27747d2026f0	Phallocottus obtusus	Catalogue of Life names it
2f8c67b0-d797-47da-9a8c-073c6b27e40f	Phoxinus jouyi	84e1ff92-87eb-4ddf-9bf0-cd727a7650e1	Rhynchocypris oxycephalus	iNaturalist resolves it to the same taxon
50e08112-b1c9-4e14-9941-f945b11560d7	Phoxinus steindachneri	e2ea464d-7f49-4270-ab9d-5430f73978e8	Rhynchocypris steindachneri	Catalogue of Life names it; iNaturalist resolves it to the same taxon
f52a621e-d092-4583-8e0a-3cbba7bea84d	Phreatichthys andruzzii	b761391c-ab97-46c0-ac9c-b5825ba993f8	Garra andruzzii	Catalogue of Life names it
07891688-23a3-447b-9ca5-1157ea72d990	Phycis tenuis	bb96be89-c7c0-4c36-b962-5337b164502f	Urophycis tenuis	Catalogue of Life names it
5bbcd214-dc59-438d-902a-50ecafdb97eb	Phyllichthys munroi	02fbd1b4-8e24-4b19-8629-a038dd65072d	Zebrias munroi	Catalogue of Life names it
6d1bb149-b696-4ea4-b62a-0940df40983f	Piabina thomasi	9c209174-209f-45f7-8666-39033a115624	Bryconamericus thomasi	Catalogue of Life names it
523a72bc-cb9a-49d0-aebd-6e8814d654ec	Pimelodus agassizii	7aca159f-c718-4646-b676-3027a29f1caf	Pinirampus pirinampu	Catalogue of Life names it
1b8302c4-49bd-42dd-9c2f-e4a1f06980d7	Pimelodus clarias	773ade5d-b039-44d4-989f-9dea306fe243	Synodontis schall	Catalogue of Life names it
8c004de6-0283-4b25-bc5e-af3e42704ef3	Placocheilus dulongensis	df465d1b-690e-4330-9118-93f2edf52217	Garra dulongensis	Catalogue of Life names it
4333ef98-5306-49b1-a9c0-31563c046b85	Plectranthias pallidus	3b7090c3-0322-4291-94dd-daf41234537c	Plectranthias retrofasciatus	Catalogue of Life names it
ef8f18fb-88cb-43d4-b094-a822b8028f3e	Pleuronectes achirus	816ecc73-2656-4c8b-8955-f58d949c73ed	Achirus achirus	Catalogue of Life names it
cb0466c3-9b45-4540-b148-75c13e1b795a	Pleuronectes aramaca	541b87fe-a779-44e2-ac53-e718f0556edc	Syacium papillosum	Catalogue of Life names it
8292160f-3bdc-4e9d-b708-d52a4c68c633	Pleuronectes cynoglossus	6c6c3e10-11a4-44b5-ac66-24a66731fef4	Glyptocephalus cynoglossus	Catalogue of Life names it
0efad5f3-020f-4df0-b241-1e8f8eeac513	Pleuronectes fasciatus	eb3d763b-7c19-4074-bd32-6ded9f1bfcd8	Microchirus variegatus	Catalogue of Life names it
e78586e9-deb3-423f-ab87-c4f01d11cb26	Pleuronectes maximus	c7c6284e-c049-4cc4-bcb6-4203029878d0	Scophthalmus maximus	Catalogue of Life names it
f833fe9c-8860-4993-8914-26c593de9f8b	Pleuronectes papillosus	541b87fe-a779-44e2-ac53-e718f0556edc	Syacium papillosum	Catalogue of Life names it
c49d7366-d0a3-49bf-8d33-9891358ef8a8	Pleuronectes passerus	c46815b0-74c5-4e91-9387-3aecc7351c0e	Platichthys flesus	Catalogue of Life names it
1a65d46b-ad53-4c18-a501-9b69203b7a3d	Pleuronichthys japonicus	01072db7-4d84-417b-9a44-d0ef870b5f1e	Pleuronichthys cornutus	Catalogue of Life names it
e1314066-25b0-4b19-a62c-8bf3983e24b9	Poecilia dominicensis	271c6d7c-0c7d-4413-b38d-dff1f64f553c	Limia dominicensis	Catalogue of Life names it
f0d40bfc-091d-4528-964f-6d36eb44e1c2	Poecilia kempkesi	67960e12-e05b-4aaf-962b-f57a5d10c498	Poecilia reticulata	Catalogue of Life names it
e98252be-6e38-4f2c-b5bc-ed630f2f0f1b	Poecilocharax bovalii	145b0b2e-221f-4b69-a733-9a78612e2012	Poecilocharax bovaliorum	Catalogue of Life names it
478391de-86dc-4006-a292-633b475dced4	Pollimyrus nigripinnis	73195437-7973-458d-8ccc-daccaf074b39	Pollimyrus pulverulentus	
01a75334-d6ea-4fd8-a127-f4ab8647bf94	Pomacentrus analis	4d572631-5b38-4c4c-b8f8-954a7bdee858	Stegastes leucostictus	Catalogue of Life names it
e84c4274-6d24-4bce-8fc8-47c0afac5ce1	Pomacentrus marginatus	55af23ba-8861-4be6-b0ea-2b5cee76d4a3	Dascyllus marginatus	Catalogue of Life names it
361f188a-7f40-46f7-9f4f-211c078597c6	Pomacentrus punctatus	d1f3458d-7d25-4feb-8eda-826470686964	Stegastes punctatus	Catalogue of Life names it
3a125c39-9f46-433d-8e12-c1e97aa86aaa	Pomadasys bayanus	2687369c-6d62-45c6-93e0-bf2df427df7d	Rhonciscus bayanus	Catalogue of Life names it; iNaturalist resolves it to the same taxon
c35a9cb8-84b3-4b35-aefc-b4df30dd73f1	Pomatoschistus canestrinii	dc772009-6af0-419b-9e40-875205b0d276	Ninnigobius canestrinii	Catalogue of Life names it; iNaturalist resolves it to the same taxon
65d93931-7812-4542-bd36-814dfa84b580	Porichthys myriaste	e12ca1bf-b362-4c79-81e8-20aaeee410f5	Porichthys myriaster	Catalogue of Life names it
e2d14a59-d294-440b-ad65-1d32a3e34432	Porogadus subarmatus	c5f72266-587e-4296-aa78-34232e5e4a51	Porogadus catena	Catalogue of Life names it
b755dd82-2759-4831-bea6-14e9c0966ea0	Potamalosa novaehollandiae	7506e5c0-60db-428f-acba-30e97b3380c5	Potamalosa richmondia	Catalogue of Life names it
374eca77-67e1-423b-bfc5-9e78499cc7a9	Potamotrygon roulini	dbbe13e9-5227-43a2-88f0-2b8195f91cca	Potamotrygon orbignyi	Catalogue of Life names it
c034d9ab-31be-41e4-ae87-4cf0fe1eed08	Premnas trifasciatus	6a39f6f0-fcfb-44f1-b771-39ba98e56e93	Amphiprion polymnus	Catalogue of Life names it
e9b54be1-0d7f-4d99-8659-e03b345a5bb9	Prionotus birostratu	1fb2f288-24f9-48fd-a288-21ed26960169	Prionotus birostratus	Catalogue of Life names it
1ced8599-db54-4417-bba4-c57402643759	Profundulus mixtlanesis	d2e8debe-7ad5-49af-adae-407523fc073a	Profundulus mixtlanensis	Catalogue of Life names it
dac9ae31-447b-4650-a249-fd99e030081b	Protomyctophum kolaevi	2d35c104-0556-46c7-b1c4-19d4a775b123	Protomyctophum choriodon	Catalogue of Life names it
e251d5f9-3279-4604-8f5e-5ab238ccb94f	Pseudanthias vizagensis	4984f257-d1a6-4799-863b-09b149b11970	Pseudanthias pillai	Catalogue of Life names it
239b3a55-8211-4a53-8a7c-559ca9b30553	Pseudobarbus capensis	84a11d09-8456-4562-aea8-9d3b52080492	Cheilobarbus capensis	Catalogue of Life names it; iNaturalist resolves it to the same taxon
1d80e83e-6cef-4972-9da3-239738494acf	Pseudogobius javanicus	4477de18-9f6f-4642-bd92-8c7d318580df	Pseudogobius poicilosoma	Catalogue of Life names it; iNaturalist resolves it to the same taxon
fbf56250-cb34-4aa5-be5b-a39f0f5cf430	Pseudotocinclus jaquiae	3990c83a-e955-4b73-a541-ad4fa8112d9f	Pseudotocinclus juquiae	Catalogue of Life names it
d3c63c0f-7cf4-428d-893a-53e158e6d78d	Pterygoplichthys juvens	f34551e6-ef4b-41e9-8ec0-5e6458c935a6	Pterygoplichthys ambrosettii	Catalogue of Life names it
68cc9853-016e-4f18-91e7-0e25e9407ac1	Ptychochromis madagascariensis	a20b8c37-a42c-468a-977e-5500f00d89af	Ptychochromis grandidieri	Catalogue of Life names it
0d4d6386-f069-407e-8595-cc4588be140b	Pygidium paquequerensis	b87459ba-425b-4050-bff8-ae65165c3a66	Trichomycterus paquequerense	Catalogue of Life names it
30f92a27-2569-4406-8fe6-1abb177a987b	Raia ornata	ed513542-271e-41c0-ad5d-aa88f3e35ec4	Leucoraja garmani	Catalogue of Life names it
b477527d-6fe3-4fba-baa8-dd3ccccd51e5	Raia plutonia	d6c7b0ec-89c8-49ec-ae6e-dd136f98f660	Neoraja stehmanni	Catalogue of Life names it
f4a9f815-7203-4f31-8b2b-06d06904beee	Raja africana	5db5c883-fb4e-4a32-82c9-bfb50729e37e	Urogymnus asperrimus	Catalogue of Life names it
23efe8c1-a13c-4bb3-ac79-0f5da313eb71	Raja asperrima	5db5c883-fb4e-4a32-82c9-bfb50729e37e	Urogymnus asperrimus	Catalogue of Life names it
5bc085a7-c997-4df0-950d-fe388e3ede2d	Raja chinensis	78020c86-0c64-443a-8d33-78735e2cc2c1	Dipturus chinensis	Catalogue of Life names it
7e56a5bd-2e30-482c-a433-6a975029ab28	Raja fasciata	61b1d322-577a-4a8e-bb98-164c590c54ee	Aetomylaeus nichofii	Catalogue of Life names it
2ec1fb7b-a08c-4b65-8bc8-6ed04b6b07aa	Raja fullonica	ec615f10-63d3-4217-9a6d-50914794d7ba	Leucoraja fullonica	Catalogue of Life names it
7f170581-2d6a-49d0-8aed-6fde7773e5a2	Raja inornata	b790a838-c55c-4252-b0d8-9a3e8fdb9296	Beringraja inornata	Catalogue of Life names it; iNaturalist resolves it to the same taxon
524f2805-35f1-4647-b80c-bb6c4415d230	Raja magellanica	f9967141-7757-4ab2-85dd-dfe397ca6160	Bathyraja magellanica	Catalogue of Life names it
51555ccc-1ee7-4314-af76-e1a7658e07fa	Raja orbicularis	8db77283-a879-4de1-bcb0-ba9e876aa747	Paratrygon aiereba	Catalogue of Life names it
70d9818c-8e61-4b77-ba15-17f6410f9d8e	Raja ornata	ed513542-271e-41c0-ad5d-aa88f3e35ec4	Leucoraja garmani	Catalogue of Life names it
bdfd8d9c-00cc-459e-9cbd-9e3ceb616f46	Raja rhina	7d71a4f2-8d9e-4d57-b21d-a1858d2ce64c	Beringraja rhina	Catalogue of Life names it; iNaturalist resolves it to the same taxon
1cbab8a6-63cd-470e-8ef5-dd30c41902dd	Raja rostrata	6a8d2fbf-7d62-462a-bb89-489ecd28103c	Aptychotrema rostrata	Catalogue of Life names it
132af794-fd1f-43ad-9278-abb7b3052894	Raja texana	2ab04ef1-2f99-40eb-bb49-54cdb7b58473	Rostroraja texana	Catalogue of Life names it; iNaturalist resolves it to the same taxon
0ec6f029-97af-4675-ba16-33613542e770	Rasbora elberti	f37fe5cb-d04e-45aa-9357-9a2a1ed3efb7	Rasbora lateristriata	Catalogue of Life names it
1c68df32-ebda-4033-8e82-c325b1ceb035	Rhexipanchax schioetzi	0bed5221-5c0f-4f23-9144-246a565c875a	Rhexipanchax schiotzi	Catalogue of Life names it
276e8e0e-6979-46a7-94ff-440a7d281b61	Rhinichthys klamathensis	d70583f1-834f-4741-acc0-28ef3c991946	Rhinichthys osculus	Catalogue of Life names it
1305cdb7-52f8-4199-847f-eec3d5cfe171	Rhinobatos spinosus	4c191330-4ab5-4f25-8e74-93e11ba23159	Glaucostegus spinosus	Catalogue of Life names it
0c0836b2-cd42-436f-89ca-b7394b31746f	Rhinogobius changtingensis	3c2eb705-59da-47fa-899a-6289ae54db9a	Rhinogobius changtinensis	Catalogue of Life names it
fcee8f24-207f-4bf9-9214-a9f04d42b1bd	Rhinogobius maculafascistus	57d464d3-d4d5-4118-9fed-f5cd51173907	Rhinogobius maculafasciatus	Catalogue of Life names it
1582a082-7786-4c23-b789-edd139e68f0f	Rhinogobius nantaienesis	874cfb2e-2843-46bd-adab-12dc57dd7b04	Rhinogobius nantaiensis	Catalogue of Life names it
751b840d-33f3-485b-85b0-03bf1de212f4	Rhinoptera adspersa	cbedf200-e6fb-456d-a64b-8bf8961204ad	Rhinoptera javanica	Catalogue of Life names it
07ea914a-3d92-4ba2-9443-5c2e5ec26b7d	Rhynchocypris mantschuricus	f485e4e3-a1e6-442f-8c80-26686640b33a	Rhynchocypris percnurus	Catalogue of Life names it
9fc9f73b-589e-41f0-9e94-ed14577347d2	Rictugobius normani	ccba7c4b-73f4-42a2-a878-f15761e9fbbf	Mahidolia mystacina	Catalogue of Life names it
02cc8c5f-eddc-4c27-a7af-4630e993478f	Rutilus melanurus	6d215587-f55a-40d0-bd30-3bf00f1cb232	Luxilus cornutus	Catalogue of Life names it
2e2301ff-f6b5-49e3-a28f-13f182de0df4	Saccopharynx flagellum	c0a62b5c-a759-45a6-9800-60748cf6d2da	Saccopharynx ampullaceus	Catalogue of Life names it
de2e6654-2eae-4bba-94d5-f9a36de7df38	Salangichthys kishinouyei	b1f4feeb-79f2-46f1-baec-edc925b48d00	Salangichthys microdon	Catalogue of Life names it
28714111-f14c-49f6-8326-e1053a7eefb4	Salarias andersonii	821cec3e-2bb5-473d-bb68-a1670be4ae99	Salarias luctuosus	Catalogue of Life names it
5ae7a75e-f1e9-486f-b9e8-f19a31c1f80b	Salarias lupus	9ab7037c-a0c9-4b05-b841-b73382fbbbbc	Petroscirtes lupus	Catalogue of Life names it
f6799798-ace0-44d5-b818-1d08c3d02121	Salarias nitidus	56d7d379-bd08-4e12-855f-cd08406dff85	Rhabdoblennius nitidus	Catalogue of Life names it
2b936ebf-6624-4c8e-a084-3f3220f1a9f8	Salarias ornatus	ddecd498-3078-442b-ae72-e650279cae80	Salarias fasciatus	Catalogue of Life names it
250b22b9-92ee-497c-bd68-d85befa3b904	Salarias semilineatus	7b8e2fb4-f338-4a6e-b95e-9afffcdb38c3	Omobranchus punctatus	Catalogue of Life names it
f52ecd93-3871-47cd-b1a2-66731c1774bd	Salmo alipes	afc13662-77e7-4059-b1ea-8f279bd2f59c	Salvelinus alpinus	Catalogue of Life names it
17903b5f-8996-41a3-8d37-a554ad9babac	Salmo arcticus	a378330f-ff86-4dd5-ab57-8b386f733ea4	Thymallus arcticus	Catalogue of Life names it
b16dfb5c-6db9-44a6-bba3-18690169b5ec	Salmo arcturus	afc13662-77e7-4059-b1ea-8f279bd2f59c	Salvelinus alpinus	Catalogue of Life names it
df2bb80e-2a03-4556-9193-c8e940cac10a	Salmo auratus	e51f8872-e386-4048-a2f8-be151c7bb1ff	Salminus brasiliensis	Catalogue of Life names it
baa3fb59-77cf-4863-abae-e8e4d067eed2	Salmo campbelli	a7ccbfc5-f389-4560-9f75-47939f5b2854	Salvelinus confluentus	Catalogue of Life names it
f79249f2-5424-4a23-81e5-10e268358bb6	Salmo cyprinoides	b9d4fcc1-91c8-46c1-9bbe-fb53e3e8e1c3	Curimata cyprinoides	Catalogue of Life names it
042bc7c1-87bb-4b67-bf7a-cbad2416881d	Salmo digitalis	a378330f-ff86-4dd5-ab57-8b386f733ea4	Thymallus arcticus	Catalogue of Life names it
7b7a21de-8771-4bb8-ade9-c28d8ee0f2f5	Salmo edentulus	b9d4fcc1-91c8-46c1-9bbe-fb53e3e8e1c3	Curimata cyprinoides	Catalogue of Life names it
c6172bf5-1e9f-4461-ba56-0f72ff7c461d	Salmo erythrinus	afc13662-77e7-4059-b1ea-8f279bd2f59c	Salvelinus alpinus	Catalogue of Life names it
90f9aa6e-355b-4071-ac38-e89a8af12e82	Salmo erythrophthalmus	6172a728-936b-4deb-88a8-436ffc8a6db0	Pristobrycon aureus	Catalogue of Life names it
25785462-16c1-464a-8c96-9c65e8c5f399	Salmo germanorum	ece34bf6-dead-48d8-bea3-9e6e93133b47	Hucho hucho	Catalogue of Life names it
576f8dfe-332d-4706-9572-0fb264690742	Salmo gibber	a954f73e-66ce-4063-8298-8457fb9a9507	Oncorhynchus gorbuscha	Catalogue of Life names it
2ee5a8c0-98af-4ad6-83c6-f093878ebdc7	Salmo gracilis	7c913e72-b9ac-4ccc-8689-c3224de21a64	Salmo salar	Catalogue of Life names it
cfda0824-0630-469b-a35c-558893458850	Salmo hearnii	afc13662-77e7-4059-b1ea-8f279bd2f59c	Salvelinus alpinus	Catalogue of Life names it
92d7a3f8-d1c5-4874-a3d0-9ed0724e8262	Salmo hoodii	afc13662-77e7-4059-b1ea-8f279bd2f59c	Salvelinus alpinus	Catalogue of Life names it
7745163e-e6e9-4855-a74e-b58d42fe5253	Salmo kundsha	afc13662-77e7-4059-b1ea-8f279bd2f59c	Salvelinus alpinus	Catalogue of Life names it
c53c45a7-9cff-4d86-918a-d2fed8fdb155	Salmo lodde	b81283f6-089e-4cad-82a0-fb83c461fc35	Mallotus villosus	Catalogue of Life names it
2e6389ee-4dbb-47ae-9e5e-88e2816e3424	Salmo lossos	2042bd99-a9ee-43be-b421-68dc088c89f2	Hucho taimen	Catalogue of Life names it
91f3f60a-1a31-4074-8289-b18758ed2c69	Salmo melanurus	352d78ce-787c-4005-98fc-cce0455d8888	Salminus hilarii	Catalogue of Life names it
dd57eccf-a05f-4f88-b865-ea36213e6d7a	Salmo microps	eb24d2c4-c63a-4c7b-b9e3-78cf822142e8	Pelecus cultratus	Catalogue of Life names it
0abcb7c2-d6a5-4fda-a9a6-8a8d2f934089	Salmo muikisi	50077066-94cd-462c-ad85-40cf892de802	Oncorhynchus mykiss	Catalogue of Life names it
a27921db-ff8a-459b-8d96-cf8b1002b6d4	Salmo naresii	afc13662-77e7-4059-b1ea-8f279bd2f59c	Salvelinus alpinus	Catalogue of Life names it
2f79b40a-ac67-468a-af87-5011175c46ab	Salmo nitidus	afc13662-77e7-4059-b1ea-8f279bd2f59c	Salvelinus alpinus	Catalogue of Life names it
cc730a84-b816-4b5d-9678-b465647c74f8	Salmo omul	3b9b437a-61ff-41c7-bd64-1cf38f720b86	Coregonus autumnalis	Catalogue of Life names it
4758de81-b640-4687-ab2c-cdfde68f0e76	Salmo pacu	ddc9c03d-3c1c-4cce-a8e7-d405ad420f9f	Piaractus brachypomus	Catalogue of Life names it
7cf1c0bd-eee5-43da-a925-c2018e3fc0a4	Salmo punctatus	7c913e72-b9ac-4ccc-8689-c3224de21a64	Salmo salar	Catalogue of Life names it
87d38846-0a41-4a44-b743-3ee2e8cdb3b7	Salmo rivalis	afc13662-77e7-4059-b1ea-8f279bd2f59c	Salvelinus alpinus	Catalogue of Life names it
df702675-797e-4b72-bdd4-c50ce4f331a1	Salmo rosei	afc13662-77e7-4059-b1ea-8f279bd2f59c	Salvelinus alpinus	Catalogue of Life names it
128252c5-b838-4b27-8194-9f88fd86663f	Salmo rossii	afc13662-77e7-4059-b1ea-8f279bd2f59c	Salvelinus alpinus	Catalogue of Life names it
e8a99494-1906-4350-9b8c-e555f8b1dfb0	Salmo schrankii	c45e9e4a-a3f2-496e-a2fe-a073437c707c	Salvelinus umbla	Catalogue of Life names it
06a9a636-67b2-4c5a-925b-076b08148f1a	Salmo tamuco	25bda7da-050f-49e5-93de-296c40d40014	Rhaphiodon vulpinus	Catalogue of Life names it
a76f40f3-eece-494a-91c9-9d1f29516b43	Salmo vario	397b30c0-162a-43f0-bef2-821402b49c55	Salmo trutta	Catalogue of Life names it
6f328f58-2731-4a3a-8fa9-3f3ca5fb4356	Salmo villosus	b81283f6-089e-4cad-82a0-fb83c461fc35	Mallotus villosus	Catalogue of Life names it
39d7b7eb-732b-475e-ae0a-8540d11bf43c	Sargocentron vexillarium	897ca462-9006-4541-9c66-d3c3c8272f58	Neoniphon vexillarium	Catalogue of Life names it; iNaturalist resolves it to the same taxon
83d9ef0e-96cc-4040-93e4-bc47fdb6e20d	Sargus argenteus	c9d4a2c3-5d33-411d-ba0b-5f8a810a172a	Diplodus argenteus	Catalogue of Life names it
994fc131-5a9c-40d1-9127-50b999104402	Saurida microlepis	3d5d64e4-112f-4243-8683-c8d8ef2782cf	Saurida eso	Catalogue of Life names it
fe2a268f-fd36-4a82-893a-5c2dddac7d6e	Saurida wanieso	9a35d0f2-3e8f-4461-9b37-5971c0d414bf	Saurida elongata	iNaturalist resolves it to the same taxon
163c4e18-2048-4f98-b7be-2d58a82f1a61	Scarus brachivarius	cead3cb0-5050-46f7-b786-b48930a5cd75	Sparisoma rubripinne	Catalogue of Life names it
a08b429c-02ce-498f-883b-d1ea194e0571	Scarus coerulescens	d221203f-fe48-474e-a38b-05b037f95b64	Scarus ferrugineus	Catalogue of Life names it
86c8026c-2b6b-4a59-9ec1-4c415815163d	Scarus nigricans	e095ca7d-c60d-43d8-9d71-e5eb0774641c	Chlorurus sordidus	Catalogue of Life names it
105001dd-2440-4d3f-b2ef-5fab0a479b2a	Scarus ruber	bcee3b7a-779b-4835-baae-aa1fa3134ddb	Scarus rubroviolaceus	Catalogue of Life names it
283cb67d-5dcf-4c0e-8687-d8d2f9acdb18	Scarus rubronotatus	0403dcb8-4c82-480f-989b-5e1986cdf928	Leptoscarus vaigiensis	Catalogue of Life names it
f9a2c66f-637e-4539-89ef-cf5842b33de4	Scarus sidjan	992aebd2-bcd6-41b8-ba36-2f45663ae680	Siganus rivulatus	Catalogue of Life names it
e8f7fbf0-2c8d-4a3b-bbc7-976d77829aa6	Scarus viridis	44348921-a3c5-4d15-8601-f9012efda2ac	Sparisoma viride	Catalogue of Life names it
26ff7c72-6135-4aa1-b8d5-e5361defc767	Schizolecis guntheri	8ccde5a6-ffb2-47f3-8b44-92da87964fdd	Schizolecis guentheri	Catalogue of Life names it; iNaturalist resolves it to the same taxon
403aa646-b8c9-493e-983b-f732d1f36a3f	Schizopygopsis stolickai	ff947df6-8078-42ad-9be8-e6c30de5bf7b	Schizopygopsis stoliczkai	Catalogue of Life names it
a985ac75-8577-4732-86b8-93b0d206666c	Sciaena amazonica	7f4991da-b910-4871-b6e8-0929cd361be1	Plagioscion squamosissimus	Catalogue of Life names it
0b9f4df8-55de-43a7-a305-6f31559ebe0e	Sciaena argentea	80cf212a-cfa8-4320-9739-fe4d6b2dd63b	Pomadasys argenteus	Catalogue of Life names it
855d9a4f-9628-4f45-b110-21907c977669	Sciaena gibbosa	4f845baa-3f90-4a61-8b8f-f5088aae5744	Lutjanus gibbus	Catalogue of Life names it
49881187-615b-44e5-8958-ce812ecef7bf	Sciaena rubra	66414821-6b2f-4b78-9f48-d85bfbda08ac	Sargocentron rubrum	Catalogue of Life names it
38c9cfd8-85a9-4fdc-9875-beb43ae08901	Sciaena unimaculata	6a39f6f0-fcfb-44f1-b771-39ba98e56e93	Amphiprion polymnus	Catalogue of Life names it
1926f26a-299d-485c-b6a7-4e54702b9f67	Scolopsis igcarensis	2eb320f9-5fe5-418c-b4e3-4d79d2dab7cc	Scolopsis vosmeri	Catalogue of Life names it
5cff0652-5e09-4a57-acd3-fbdf8522f9ff	Scolopsis ocularis	a38af80f-e60c-4353-a1bc-6e93bd5dded6	Scolopsis ghanam	Catalogue of Life names it
59dbdd8c-dda7-4b3e-9dd9-0dc9fca57380	Scomber aculeatus	5e3c17ad-cbad-45ec-9044-672996ca0f17	Lichia amia	Catalogue of Life names it
db0f6c68-9c5d-4daf-8c18-4f84b488ab2d	Scomber ascensionis	ddc11b0a-fd4e-456e-bf12-ea18f84590bb	Trachinotus ovatus	Catalogue of Life names it
79e7133b-43c1-4c92-b148-c8aea51d2762	Scomber capensis	8a2cb873-adaa-4ecd-96eb-c36e7ef8ef01	Scomber colias	Catalogue of Life names it
425a4deb-a36c-4224-9a42-5066a19e2ef5	Scomber lacerta	f0b7bf29-f79f-4592-a9ed-7be93c83a3bc	Trachurus trachurus	Catalogue of Life names it
d0e5479b-220b-43dd-82b9-528518486d6d	Scomber latus	76f4aa24-672f-42c9-8c60-c603570d0560	Chloroscombrus chrysurus	Catalogue of Life names it
5660dfad-0440-49b9-bcd7-bddbcd0a5355	Scomber macrophthalmus	8a2cb873-adaa-4ecd-96eb-c36e7ef8ef01	Scomber colias	Catalogue of Life names it
ea73b655-fd24-4214-b94c-0bd49311ca79	Scomber maculatus	09cb47cc-e449-4118-b5db-f62c41a5e9db	Scomberoides lysan	Catalogue of Life names it
3b2b392e-97e6-4f7b-94c1-2c47057d172a	Scomber pelamys	fa0f86ee-d4f2-4808-819d-6789991d9317	Katsuwonus pelamis	Catalogue of Life names it
d92e74a2-2113-4665-9b10-85185065d528	Scomber saurus	ad4d9415-b0fa-48a8-9cfd-2245931d8bae	Oligoplites saurus	Catalogue of Life names it
c72cc259-34e0-4108-9e9f-9fa7c59090cb	Scomber zebra	4fcc3fae-3ba3-4fe8-98cf-2b100c981175	Seriola fasciata	Catalogue of Life names it
fbb30b52-550c-45d7-b720-595efb887c82	Scorpaena barbata	4cf5a711-c468-4f2a-a7cd-e8c207818089	Scorpaenopsis barbata	Catalogue of Life names it
0b8ed8ba-937a-40a6-b8fd-75d4e1c0d9ef	Scorpaena cottoides	64d6c70a-24f2-40f4-8ad5-c3991cb90c73	Scorpaena papillosa	Catalogue of Life names it
e921f80d-e7c4-420e-a7dd-71ceb3922e56	Scorpaena miles	ad3193dc-ab7d-4506-a808-1220f51fb1d2	Pterois miles	Catalogue of Life names it
d25c6125-15c5-4b37-b6d5-2a56d94987b5	Scyliorhinus tokubee	3723f526-09c1-4424-a307-17faef03c5c7	Scyliorhinus torazame	Catalogue of Life names it
2e81e73d-1122-47f5-94f8-2047a082f900	Scyllium stellare	a054b96f-dd17-48f0-a16e-52b4b302b56c	Scyliorhinus stellaris	Catalogue of Life names it
d8eada56-79a2-4f87-abd5-64aab3fc42f8	Selene argentea	669c3d3a-6b14-40e6-8973-607da5efe04e	Selene vomer	Catalogue of Life names it
426adae5-9d40-400e-83da-f721c75a4626	Selene gallus	643ce7c1-d73e-43c2-8e72-c01adcb39994	Alectis ciliaris	Catalogue of Life names it
6cf09abc-d4e6-4ef2-94f8-b64f5c152f2f	Seriola carolinensis	f11cdad8-810f-481c-93af-a81f9a95ae4d	Seriola zonata	Catalogue of Life names it
ce516deb-8d71-4618-a41b-6e6453fc4039	Seriola dubia	f11cdad8-810f-481c-93af-a81f9a95ae4d	Seriola zonata	Catalogue of Life names it
7312449a-f3f8-4bb8-810c-443a40d8a7ef	Seriola leiarchus	f11cdad8-810f-481c-93af-a81f9a95ae4d	Seriola zonata	Catalogue of Life names it
69311e43-cfe5-4d74-8dba-20bf65379297	Seriola pinnulata	443b2d16-df5d-4bb2-839f-56b94670a9a0	Elagatis bipinnulata	Catalogue of Life names it
3e195a3c-122e-408c-b403-6efcdaa05f4f	Seriola stearnsii	f11cdad8-810f-481c-93af-a81f9a95ae4d	Seriola zonata	Catalogue of Life names it
7261d5a9-97b4-4497-bc61-32f953b09019	Serranus arara	d3cbb776-9fa4-4b6e-9f91-8bedb8a60397	Mycteroperca bonaci	Catalogue of Life names it
02b3610c-dccc-49c4-b929-2a003df4e1de	Serranus cruentatus	d65d26bc-e602-4f3f-9839-78af1b5b4521	Epinephelus fasciatus	Catalogue of Life names it
14751f28-11a3-4b4a-85c2-f54509e6bf2c	Serranus goliath	6c652569-91e0-4bbd-bc57-36eb37aee11a	Epinephelus lanceolatus	Catalogue of Life names it
0ded6d3c-67d3-423d-9483-f0b4ad633176	Serranus mitis	63efde28-7366-4f39-a879-8ef785bccf23	Pristipomoides filamentosus	Catalogue of Life names it
d9fdaa1d-0430-49af-965f-6968666ecabf	Serranus novemcintus	f56f3bb9-4128-43c3-a6e2-a68067f38495	Serranus novemcinctus	Catalogue of Life names it
094d3aac-d2f0-4428-8fe7-96db8eb593c2	Serrasalmus cariba	17d31d23-8e00-4c1a-8d81-3c4b57d6dee0	Pygocentrus cariba	Catalogue of Life names it
66ba5496-f9a1-4980-9249-44daa1c8ca11	Sicyases hildebrandi	705a4d42-db46-49f6-b8da-459502a41073	Sicyases brevirostris	Catalogue of Life names it
317ebd38-6a4d-4cd1-ad57-902c976a974d	Sicyopterus brevis	6788cf8a-1363-41f3-a0c4-a785ce51257e	Sicyopterus longifilis	Catalogue of Life names it
fed88a29-f1aa-4864-8a72-b5105d39f547	Sicyopterus lacrymosus	6788cf8a-1363-41f3-a0c4-a785ce51257e	Sicyopterus longifilis	Catalogue of Life names it
9accd22a-3b9c-4404-a6a2-c7386be75193	Sicyopterus panayensis	6788cf8a-1363-41f3-a0c4-a785ce51257e	Sicyopterus longifilis	Catalogue of Life names it
000608b8-96c7-4257-a595-e35914146dd0	Sillago suzensis	f5146510-d66d-4d6f-8f72-fac20a758903	Sillago suezensis	Catalogue of Life names it
15a49fb8-aceb-4d4d-9d8f-7ac6aa21df06	Silurus cerulescens	054d19ff-96e2-4c30-83b7-ac8345b1d21f	Ictalurus furcatus	Catalogue of Life names it
33a5e605-1ff0-4818-888c-965fc94274cb	Silurus verrucosus	e7552777-a81b-432a-8835-d60f1b9dfd94	Bunocephalus verrucosus	Catalogue of Life names it
79d88200-190b-440d-bd44-9ef6dbe4639c	Simpsonichthys ibicuiensis	05d83c7f-811a-4e4b-b92a-616b6db3d8b0	Austrolebias ibicuiensis	Catalogue of Life names it
a8af5c55-9256-40e1-9a38-1e01c538e91f	Sincrossocheilus labiatus	1c3a420d-84d0-4ab7-9ab2-0fc293bfefdc	Sinocrossocheilus labiatus	Catalogue of Life names it
57432521-f4be-422d-9173-5d81e589600f	Solea albida	249d42c6-4525-4235-b55b-d81345cea6e9	Bathysolea lactea	Catalogue of Life names it
19764234-b245-46d9-ac30-66fffe8b43dd	Solea ovalis	d2827ae9-8023-4c65-8b61-b6e2801304c6	Solea ovata	Catalogue of Life names it
f98a2c0c-86c5-4f7f-8bc0-5053728bf126	Solea vulgaris	69dc7e72-075b-45be-9eb4-abc6b85244b6	Solea solea	Catalogue of Life names it
2e552857-d281-4e40-a583-49318f507c86	Sparus anularis	922e1610-a0c9-4a17-9a2c-7b6a9987efa8	Diplodus annularis	Catalogue of Life names it
b5800cdc-f749-42f3-a412-5aaaba2b75d9	Sparus brama	8529e458-23e2-45a1-b58e-343fab3deb4b	Brama brama	Catalogue of Life names it
c7566019-d917-4539-a43e-d5e084bfcdd4	Sparus filamentosus	e520023c-afba-42ef-b420-ce689d27f6b1	Cichlasoma bimaculatum	Catalogue of Life names it
e66faf80-7b03-45eb-acbd-db545926d2c1	Sparus lineatus	21acebd1-3b5f-478f-bf1b-eed3e63b11c7	Spondyliosoma cantharus	Catalogue of Life names it
542de8c6-470e-4146-8690-da6790ba962b	Sparus lividus	bb2240b6-3a1d-44d7-a71b-4fff5fed290d	Labrus merula	Catalogue of Life names it
ac938b07-82db-4fb3-bea8-e33299b27221	Sparus luna	aa4063e4-b421-41ef-a902-2d966bf85eaa	Ocyurus chrysurus	Catalogue of Life names it
52cc905a-f9bc-448f-856b-266317b496aa	Sparus oxyrhynchus	c83d0457-48f6-4546-b184-c19688e00503	Diplodus puntazzo	Catalogue of Life names it
2cb73e33-4649-4a2e-b41f-270d6e30e3f6	Sparus oxyrhyncus	c83d0457-48f6-4546-b184-c19688e00503	Diplodus puntazzo	Catalogue of Life names it
6ba7fc01-5258-4332-be8a-8db5a2bcaffc	Sparus sinensis	7afcefdb-db85-40e3-98df-9214aecb6825	Nemipterus virgatus	Catalogue of Life names it
ee051ffa-6233-4ee4-8f80-e3e893a5ff56	Sparus sparulus	922e1610-a0c9-4a17-9a2c-7b6a9987efa8	Diplodus annularis	Catalogue of Life names it
21ef73a3-5dfa-4238-b9d1-acf68aa2562c	Sparus vittatus	09eeeaa2-abdd-43f0-adf9-5b928f0dbc01	Pentapodus trivittatus	Catalogue of Life names it
0aa7178e-3471-481a-a40e-b841b7815249	Sparus zonephorus	2d69bf72-5f2c-4a43-9996-82f3b387112e	Hemigymnus fasciatus	Catalogue of Life names it
3ebd0530-cd67-4c87-bee6-228bb4d952d7	Sphyraena affinis	49742ee4-530e-49f4-8a25-02bb430daf70	Sphyraena barracuda	Catalogue of Life names it
41201d4c-38a2-4fa3-b929-134ae29f9807	Sphyraena japonica	9c89eee3-ba09-43b6-868d-3b93cf631a03	Sphyraena acutipinnis	iNaturalist resolves it to the same taxon
9e5d2b67-e26e-4c28-9ef7-d0604e0a496a	Squalius pigulus	9d6a1933-31f8-41df-aaaa-3f3e88efc7f3	Rutilus rutilus	Catalogue of Life names it
e2b7b2f0-34df-4a31-92fb-80cf3a338c3b	Squalius ruffoi	59e2a381-dc0c-4bf1-b4bd-de9b58d8e9b8	Squalius cephalus	Catalogue of Life names it
e9e83d73-dc32-42c2-bf1a-c83789d5d2b0	Squalius thyberinus	59e2a381-dc0c-4bf1-b4bd-de9b58d8e9b8	Squalius cephalus	Catalogue of Life names it
8a34b5ca-0046-4901-9f20-1188a04df9a2	Squalus cinereus	fb28446b-84e9-45a4-b765-88d6613a45ad	Heptranchias perlo	Catalogue of Life names it
2aeeb515-adb9-4960-b380-96e7e03b9abb	Squalus cirratus	807041d0-a0a3-4ef1-a5d5-757706063202	Ginglymostoma cirratum	Catalogue of Life names it
21748937-8234-4793-a0c3-d62b54536d59	Squalus cirrhatus	807041d0-a0a3-4ef1-a5d5-757706063202	Ginglymostoma cirratum	Catalogue of Life names it
0113df9e-fd08-40c3-8a88-c4c3d73d2436	Squalus labiatus	665132fc-d873-4a82-b7e8-77d54bb61034	Orectolobus japonicus	Catalogue of Life names it
083e4b1e-9906-4352-ac5c-c2271922476c	Squalus lamia	ad1beba2-5381-428b-857a-e0c481a9a252	Carcharodon carcharias	Catalogue of Life names it
7079cd77-d486-46ff-aef3-c987631c9858	Squalus littoralis	4a3f8e81-d3b5-49f7-80dc-7a67fc431e02	Carcharias taurus	Catalogue of Life names it
07c9809a-7201-4bd9-9314-d644b5e22fb0	Squalus ocellatus	9d31afde-ff0e-4423-a5f6-fc610e8cc708	Hemiscyllium ocellatum	Catalogue of Life names it
710f9807-e013-4156-8393-341c7feb34ef	Squalus punctatus	807041d0-a0a3-4ef1-a5d5-757706063202	Ginglymostoma cirratum	Catalogue of Life names it
270f9b53-1d91-4a35-acca-4b239358e054	Squalus vittatus	864380ce-5e2b-4467-9e83-fdfb0109dda6	Poroderma africanum	Catalogue of Life names it
6067b822-76ff-49da-b4e6-ad044d6a54f5	Stegastes sanctipauli	eab4a732-06ac-4d93-9b11-73b3f53eab9a	Stegastes rocasensis	Catalogue of Life names it; iNaturalist resolves it to the same taxon
c96cf8bd-ea40-4168-a07c-87ebb2d48577	Steminodium hypomelas	ff7c0211-b6cf-4282-89a6-6785c4c6a89b	Stemonidium hypomelas	Catalogue of Life names it
f4fc69ed-77d7-4026-bee3-a7dca64ca898	Sternarchella terminalis	2a9f6000-be89-4912-b1c4-b9fde1f13cc4	Sternarchella schotti	Catalogue of Life names it
442deb12-8bde-4a90-8deb-45df83b44252	Sternopygus carapus	c1cc3532-1cf9-402c-a869-3a7b040548d3	Gymnotus carapo	Catalogue of Life names it
d59d3c8c-31aa-480e-9a18-0f53077fed7c	Sternopygus perjeraton	f1408c78-e3e2-44fe-9655-5b19c6bc7aa7	Sternopygus pejeraton	Catalogue of Life names it
d2674bf7-e113-4d84-ad1f-4524ef6a82f7	Stolephorus oceanicus	e7c9aaff-6ef9-48c2-84bf-2e9b274bed2a	Stolephorus insularis	Catalogue of Life names it
7f1b4f41-78b4-4963-a898-18b1789974bc	Stromateus argenteus	7c4c954c-b543-474b-9014-3d7e444ba540	Pampus argenteus	Catalogue of Life names it
aa418739-56f9-4bc2-8c3f-a28cf8c81662	Stromateus maculatus	674089f4-3190-457d-bae7-79b450502e77	Stromateus stellatus	Catalogue of Life names it
96eb9910-b696-4b1d-85f5-58a59e6bf4b7	Sudis squamosa	b81283f6-089e-4cad-82a0-fb83c461fc35	Mallotus villosus	Catalogue of Life names it
57db481f-2c55-4711-9c22-6245b4e31771	Suggrundus macracanthus	1bed733c-39d5-408d-8a86-5e78c80ade77	Insidiator macracanthus	Catalogue of Life names it
09625f48-0142-4508-ac25-d5be64bc8ad7	Syacium guineensis	8c48e9ab-28d3-43e5-8315-4a8e05fb492e	Syacium guineense	iNaturalist resolves it to the same taxon
3a245786-142c-47dc-8a45-9cb1b86149e7	Sympterichthys verrucosus	988f8e51-307a-4854-a652-beddac996aa7	Thymichthys verrucosus	Catalogue of Life names it
b9910c49-2c6d-42b2-bfda-59acd5dd02fe	Synanceia elongata	a717c87a-8f44-4019-9189-e586e3e4de3d	Trachicephalus uranoscopus	Catalogue of Life names it
148e2615-90cd-4390-a973-dbd87b090d57	Synapliobranchus pinnatus	bc08ca05-b82d-445c-81f5-132722576b9c	Synaphobranchus pinnatus	Catalogue of Life names it
4cceaefa-0964-41db-8a20-21648a25924b	Synbranchus doeringii	b71ac21a-95b9-409a-bbc5-13653e674567	Synbranchus marmoratus	Catalogue of Life names it
5cec0ef7-51a8-4e22-93be-6122340bd0a7	Synchiropus papilio	34d11610-4f44-4258-a055-1a67a96335df	Eocallionymus papilio	Catalogue of Life names it
c82d431d-26e6-4a5d-a2cc-f943c142e408	Syngnathus argus	319e03b5-82ee-45fe-8048-cc2a81f91487	Stigmatopora argus	Catalogue of Life names it
86cb6c29-6476-449e-93fa-46d3df5f7656	Syngnathus brevirostris	13b0dbaf-61bf-4006-b564-543bf94727ed	Micrognathus brevirostris	Catalogue of Life names it
0aabd2d5-1025-46fa-922b-cf25d98a1528	Syngnathus dekayi	fc835707-4701-4cb8-b2c6-6a65849f1cf9	Syngnathus fuscus	Catalogue of Life names it
bffd1b59-f5bc-4253-aea8-ae217eb00a94	Syngnathus fasciatus	fc835707-4701-4cb8-b2c6-6a65849f1cf9	Syngnathus fuscus	Catalogue of Life names it
14eae7f6-9ecb-457c-879a-f17cb468a477	Syngnathus ferrugineus	1ac06e6c-1530-4c57-ac46-fa3d649a9a31	Syngnathus variegatus	Catalogue of Life names it
d46a6164-e84c-4a54-87fd-78af09ccd6f6	Syngnathus heptagonus	21e99fb4-a7bf-451e-9086-916cd4f65cc8	Hippichthys heptagonus	Catalogue of Life names it
f4d27fcb-397b-49a2-a4db-1389910e142e	Syngnathus leptorhynchus	b4e230a2-58d2-4a9c-b083-1599c724ebe7	Syngnathus californiensis	Catalogue of Life names it; iNaturalist resolves it to the same taxon
e263f64d-993b-49c1-93a5-baeb8b19c85b	Syngnathus martini	fc835707-4701-4cb8-b2c6-6a65849f1cf9	Syngnathus fuscus	Catalogue of Life names it
0de0df23-beb9-488b-a4dd-f3bd47b85a60	Syngnathus milbertianus	fc835707-4701-4cb8-b2c6-6a65849f1cf9	Syngnathus fuscus	Catalogue of Life names it
9e01305a-44ce-4e64-bbea-5fc64423b999	Syngnathus peckianus	fc835707-4701-4cb8-b2c6-6a65849f1cf9	Syngnathus fuscus	Catalogue of Life names it
f61e9915-68e4-4d90-9a7a-b9c4de904329	Syngnathus pellegrini	fc835707-4701-4cb8-b2c6-6a65849f1cf9	Syngnathus fuscus	Catalogue of Life names it
2b5f69b5-992b-47e4-8f76-8bf90e41bb03	Syngnathus robertsi	f68fbb5b-e95c-47d9-ad30-ecfd349c46b2	Cetengraulis edentulus	Catalogue of Life names it
ed0a88e9-0f56-469a-9ed4-52bced801f05	Syngnathus tweedliei	c8977d17-13d6-4801-846a-237be737035d	Syngnathus auliscus	Catalogue of Life names it
05626196-eae6-4fd6-8b3c-a9e4bf4a6603	Syngnathus viridescens	fc835707-4701-4cb8-b2c6-6a65849f1cf9	Syngnathus fuscus	Catalogue of Life names it
9c448da0-7ca0-4345-85da-fbfb443f9d82	Synodontis hollyi	38ed0823-8a64-4b18-96d2-5c6e9a515890	Synodontis rebeli	Catalogue of Life names it
949a61e3-ae46-4d4d-acc9-7bdc34bbb164	Synodontis zambesensis	de3ef649-2e15-496b-897a-695804f5a548	Synodontis dorsomaculatus	Catalogue of Life names it
8c2ed7e1-1e5b-4a88-b15d-b9329d3b0867	Systomus barbatus	0a5778fb-9fe2-46ff-a8fc-bc8468332221	Schizothorax esocinus	Catalogue of Life names it
8a861dc6-89d3-41a9-887f-2228d6869f0e	Tachysurus koreanus	ba65587c-0211-4b73-a456-9c82db47eef0	Pseudobagrus koreanus	Catalogue of Life names it
7e5cf8be-3d6f-4545-b03c-4dd686105fe3	Tachysurus pratti	c9e2f075-8eb0-4125-badd-bf62760ef679	Pseudobagrus pratti	Catalogue of Life names it
2750df29-b968-47b4-b721-fee0c90344da	Tachysurus tokiensis	876d7fdf-f56a-4560-bd0c-a09a2aab9c5b	Pseudobagrus tokiensis	Catalogue of Life names it
c0775500-8afa-4e9f-bd27-c604210739ee	Tachysurus trilineatus	482e2491-f44a-4c98-a54b-c5aa06d3747a	Pseudobagrus trilineatus	Catalogue of Life names it
fe6ae0cb-77c3-4400-8d17-3e58f4fd96bf	Taenioides caeculus	fe0598f0-d4fe-4e5f-8c57-006acee02b06	Taenioides anguillaris	Catalogue of Life names it
1d896b84-dce5-43eb-836c-da471d83667d	Tanakia himantegus	ebaa9cef-5171-43d0-9728-931d5347a482	Paratanakia himantegus	Catalogue of Life names it; iNaturalist resolves it to the same taxon
a2adedd9-aaae-4dfa-b0f9-c8f07ae095e0	Tetragonopterus agassizii	db4e147a-0b4e-4d88-b309-36bc7b2b98ef	Moenkhausia oligolepis	Catalogue of Life names it
16bc5172-0370-47fd-b42e-55986a86bd14	Tetragonopterus akamai	4e83c0a4-3b5f-4955-89a3-251d1953fe41	Tetragonopterus anostomus	Catalogue of Life names it
24ec5ab2-e2b1-4223-bf89-b64e69f62703	Tetragonopterus anomalus	dce05558-a8f1-4956-b6b6-e1763b52758e	Markiana nigripinnis	Catalogue of Life names it
6aa1691c-1810-43f7-9281-2664e703f954	Tetragonopterus gibbosus	752b947e-0c07-4cb0-b3d9-46e3f347c502	Tetragonopterus chalceus	Catalogue of Life names it
232a555c-21db-4f11-a742-b3ef80827f7a	Tetraodon stellatus	e1dcba36-2b9c-48ab-8947-870ef0ecdb29	Arothron stellatus	Catalogue of Life names it
50be8e5c-be86-4f01-abd1-afa0f8118b33	Tetrodon bourouensis	d02a84a7-ec70-4793-b3c4-4216faace36c	Chelonodon patoca	Catalogue of Life names it
f7754b53-a946-427e-9983-808ab59336e9	Tetrodon dorsounicolor	d02a84a7-ec70-4793-b3c4-4216faace36c	Chelonodon patoca	Catalogue of Life names it
e91423aa-7969-400b-bbef-870dd6c8144e	Tetrodon fasciatus	21df055b-d4dd-45b7-93da-8e2dbee2df3a	Marilyna darwinii	Catalogue of Life names it
5775a8a6-94f6-4871-9f30-a5bc6870bbd0	Tetrodon gronovii	1b56df2c-14c3-4c19-8327-a330c54d63c7	Canthigaster valentini	Catalogue of Life names it
4980b79a-05aa-4d8d-b9a1-9907a63e941c	Tetrodon ornatus	baa26782-21ac-4d7a-9a72-b1830e9b7b8d	Canthigaster rostrata	Catalogue of Life names it
6c7cdb5a-248d-4dc7-ac80-28c18464f5a9	Tetrodon punctatus	e1dcba36-2b9c-48ab-8947-870ef0ecdb29	Arothron stellatus	Catalogue of Life names it
d08f5c8c-ed7f-4c62-aa6e-99dcc3488cee	Thalassenchelys foliaceus	c449fb1b-f392-4a56-bea1-0ce67611c28b	Congriscus maldivensis	Catalogue of Life names it
c339b9f3-cf90-4500-a121-ea88f4e4b281	Thymallus vexillifer	b5280170-66b4-497d-9d5c-ad2f7e2c6e9c	Thymallus thymallus	Catalogue of Life names it
82fc7cfa-9ae9-427f-b2d7-382bbe8c2043	Thyrsitops lepidopoides	e45f6207-7c2d-4f7f-90af-aecd6061b229	Thyrsites lepidopodea	
9b5f92af-eacb-4150-af15-126325779eb7	Tilodon australis	fd151895-dcd4-4773-a5fe-f56d2f75c84e	Girella tricuspidata	Catalogue of Life names it
fdaa2955-c9fc-4a51-aedb-18d1c0b204bf	Tor macrolepis	93fc02f6-844a-4e5d-b7f0-3f5d25465463	Tor putitora	Catalogue of Life names it
f5813aa2-f89f-4461-bdf9-6c931ca71292	Tor mekongensis	5c530489-917a-438e-96ff-6a5f2097569d	Tor tambra	Catalogue of Life names it
bb7923dc-ccc5-4238-a89c-66ac8f74258f	Tor qiaojiensis	a1e2ad41-1c07-4d8a-a33b-06f594f136c2	Neolissochilus qiaojiensis	Catalogue of Life names it
de60e287-2a19-40a9-8ad1-0ea568f26f75	Tor remadevii	3cb1be3d-742b-4b94-b9de-51e82afef4b1	Tor remadeviae	Catalogue of Life names it
ec4cf297-0716-42ae-bfe5-9a8ece23f6df	Tor soro	03f0ec7e-2dfd-43b3-a91c-71d1b758b11e	Neolissochilus soroides	Catalogue of Life names it
c5f80465-fa84-4be6-b571-54ff759d2bc5	Torpedo oculata	0962f4a8-0644-4ee1-a935-907a6cc0b44a	Torpedo torpedo	Catalogue of Life names it
08fdb36d-263b-4a0d-a095-e2c0605a30cd	Trachinotus argenteus	5e3c17ad-cbad-45ec-9044-672996ca0f17	Lichia amia	Catalogue of Life names it
33e202c2-7416-4f3c-9bf8-8d8cb5c485c6	Trachinotus auratus	0f20f68c-a885-44cf-81c8-fc63127025cc	Trachinotus blochii	Catalogue of Life names it
f651983e-0e59-4f29-983a-16c387931959	Trachinotus culveri	05cf78fc-a115-498b-b352-1107fa14a48c	Trachinotus kennedyi	Catalogue of Life names it
bcaf0acc-1258-4316-a19c-a5c7a8d919db	Trachinotus cupreus	f8acb41b-4f11-4440-b26d-250837e37104	Trachinotus carolinus	Catalogue of Life names it
e0d7023b-f9cc-49fd-8911-101fd4ef331a	Trachinotus falciger	0f20f68c-a885-44cf-81c8-fc63127025cc	Trachinotus blochii	Catalogue of Life names it
ad54809a-7f19-4210-85cd-7136180c1c20	Trachinotus microchir	568a59a8-7c2b-4684-879c-ab8f36a3b378	Alepes kleinii	Catalogue of Life names it
2b8bbb30-ae50-462e-a9b7-a8a1bab7a298	Trachurus linnei	f0b7bf29-f79f-4592-a9ed-7be93c83a3bc	Trachurus trachurus	Catalogue of Life names it
c4ced36e-12af-420c-bd56-b2f82e3f563b	Trachycorystes jokeannae	86304a2d-6447-4f8f-b9d2-d5cef309eeaa	Trachelyopterus galeatus	Catalogue of Life names it
ebce401a-2d0a-4778-a40f-a51bd750caaf	Tribolodon hakonensis	e9db4ea4-8b4c-4e71-af6c-42be57f45839	Pseudaspius hakonensis	Catalogue of Life names it; iNaturalist resolves it to the same taxon
8049747b-aa8d-4a4f-b1ff-782efa8c4857	Trigla aspera	0d15e924-cc44-46b3-be2f-65ae548536c5	Lepidotrigla cavillone	Catalogue of Life names it
a3557933-86bf-4a86-80b3-7f56558ab119	Trigla milvus	2a9daab4-4ef6-4f51-943b-81e5043f576d	Eutrigla gurnardus	Catalogue of Life names it
01153ab3-069a-427a-bfc3-5a0ae41bd435	Trigla natalensis	33ddeaca-2f9d-4c62-bcc3-05f284ef948e	Lepidotrigla faurei	Catalogue of Life names it
36f61fda-5645-415a-855d-8aaeb3cd371c	Trigla tribulus	33d70a8b-f4a1-4be2-8a82-98c656b1683f	Prionotus tribulus	Catalogue of Life names it
aa69fbf0-6fe4-4641-84a9-b499e90ef259	Triplophysa akhtari	d74aaeaa-6f89-4384-9a52-8b56b10eb81b	Triplophysa stolickai	Catalogue of Life names it
fe566923-f52e-47c3-8d4a-b52a8869cd67	Triplophysa zamegcephala	39947e85-e307-49b9-b890-56d650276141	Triplophysa zamegacephala	Catalogue of Life names it
31181010-2b97-4811-b94b-249af9c22608	Triportheus venezulensis	ac3fb0ac-39fb-4034-9cc8-591182e77d1f	Triportheus venezuelensis	Catalogue of Life names it
b1bd5121-380d-4402-9808-93d870474955	Tripterygion whitleyi	b1156d1e-7428-4697-b424-461f0d0f4911	Trinorfolkia clarkei	Catalogue of Life names it
e2475724-1cf2-4739-90ea-66d83eb25c04	Trutta fluvialis	397b30c0-162a-43f0-bef2-821402b49c55	Salmo trutta	Catalogue of Life names it
29727229-48ba-4787-895f-43bd61eac680	Trutta marina	397b30c0-162a-43f0-bef2-821402b49c55	Salmo trutta	Catalogue of Life names it
ba194c6f-a9da-40ec-805c-2b3d5b73bea1	Trygon rugosus	a92b9165-6c7c-492c-9fdd-d909ca09ebfc	Dasyatis rugosa	Catalogue of Life names it
037a31fb-ebb3-4a71-9f26-0ff02851c6df	Trygonorrhina melaleuca	727d45a6-6073-431f-b91d-9d7db6d31b13	Trygonorrhina dumerilii	Catalogue of Life names it
8d727fb4-5449-4b3f-8c64-3fddf307c4c0	Turcichondrostoma fahirae	f42e3ed0-1347-467f-a1b9-54452c65bd04	Chondrostoma fahirae	Catalogue of Life names it
e100cd8e-8a9f-4f1c-9a2a-e722073960ac	Ulua aurochs	effc7cd2-6b01-487e-a8d2-67c1f57a4205	Atropus aurochs	Catalogue of Life names it
679b6534-03a7-47af-8f2c-1c7d36690421	Ulua mentalis	5901da04-09a6-4f92-94fe-c691c72b9e81	Atropus mentalis	Catalogue of Life names it; iNaturalist resolves it to the same taxon
4f5baa1f-b986-4b79-8e53-d32930fd6bae	Umbrina striata	12558d8d-e40c-4f6f-9b40-9aa02f6bb9b9	Umbrina canariensis	Catalogue of Life names it
7071854f-002f-418b-980a-7dc49ebb665c	Upeneus xanthogrammus	2deb6f3a-7b4e-492a-9619-8de747f606d7	Mulloidichthys dentatus	Catalogue of Life names it
b141028a-63e7-48af-87bc-d30cc81a9bcc	Uropterygius alboguttatus	869f044e-749f-4bd8-9bf0-c85c9d4cd2e4	Uropterygius xanthopterus	Catalogue of Life names it
da6948b4-b522-4a06-9e3d-a3ef7969a28b	Vandellia gigentea	ff36020d-7e38-420c-997c-3dee686ad169	Vandellia cirrhosa	Catalogue of Life names it
952dcd90-2b94-4b75-9183-520fdaf04fa8	Vieja tuyrense	5aa68c4a-aa64-47fc-bc61-af242830c133	Isthmoheros tuyrensis	Catalogue of Life names it
7455cb9f-cae7-4a34-9204-188c328bc09e	Xenocephalus innotabilis	2da7ddf7-0226-40b5-8afa-cd7656d2f509	Xenocephalus armatus	Catalogue of Life names it
ef3492b0-9ad1-441a-97f2-bc9a15e7593d	Yunnanilus macroistainus	b1a5d23a-e941-4cfc-980c-73deece3ef11	Yunnanilus macrositanus	Catalogue of Life names it
b3dbc40d-f6b7-4f6f-a54f-271c4470d58a	Zearaja nasuta	d4df4b5c-2683-414d-ae32-5f058a0c3de8	Dipturus nasutus	Catalogue of Life names it
f62d771e-9f1b-4667-9500-18eabba5115a	Zenion longipinnis	6d375a28-09db-4d45-add0-08c689a89f24	Zenion hololepis	Catalogue of Life names it
3dd21cdf-d0b9-4945-82b8-626d640fa6fe	Zeus capillaris	669c3d3a-6b14-40e6-8973-607da5efe04e	Selene vomer	Catalogue of Life names it
1e54aa88-e6d0-4784-9c7e-40657ccff725	Zeus columba	669c3d3a-6b14-40e6-8973-607da5efe04e	Selene vomer	Catalogue of Life names it
12c23c1b-23c3-40a1-b7e3-d727bd0561fb	Zeus geometricus	669c3d3a-6b14-40e6-8973-607da5efe04e	Selene vomer	Catalogue of Life names it
cff64c81-96a2-4308-8219-bb3f3b34c950	Zeus kleinii	669c3d3a-6b14-40e6-8973-607da5efe04e	Selene vomer	Catalogue of Life names it
cf2b14d5-ebd7-42fe-886c-29948d3327fe	Zeus maculatus	3f262ff9-96a7-4a5e-942c-ef99215ce103	Mene maculata	Catalogue of Life names it
f36c5c78-4a94-46c0-96bc-7494177fa6c8	Zeus rhomboides	669c3d3a-6b14-40e6-8973-607da5efe04e	Selene vomer	Catalogue of Life names it
823bcf36-78fb-4290-8ec2-8fe4f8d82c5d	Zeus rostratus	669c3d3a-6b14-40e6-8973-607da5efe04e	Selene vomer	Catalogue of Life names it
7e748c2e-b165-47f2-9c0f-34a17f7a9ebb	Zeus scalaris	f65cd353-97f0-4d44-9d84-5e67759fa34b	Pterophyllum scalare	Catalogue of Life names it
ba00f63f-ad1d-4631-821d-8bfe852d9fe7	Zeus spinosus	ed6fb4ea-3f7c-4952-89b4-3c9d8d53e8f6	Trachinotus falcatus	Catalogue of Life names it
ce040c03-6f91-4c4b-810c-8222ccf6a488	Allobates alessandroi	0c6d96a3-d842-452c-b388-0d5c1047f64d	Hyloxalus alessandroi	Catalogue of Life names it
88858738-781d-4bef-81ba-3644afe8db76	Allobates cepedai	69dcdf89-4f18-4411-9828-1d27a2de3a82	Hyloxalus cepedai	Catalogue of Life names it
02b452cb-2377-41bd-85fb-0ec0255fb5f7	Allobates picachos	5079b70d-64eb-4d24-9213-5661bfc9c3c0	Hyloxalus picachos	Catalogue of Life names it
d3e3f9dc-d29c-4b6c-acb4-b1ad03f7b640	Ambystoma subsalsum	3316c481-ba3a-459c-92bb-e5828b9933ca	Ambystoma velasci	Catalogue of Life names it
33c3d3bd-4929-4c22-8e43-cee8f93d31ae	Ameerega peruviridis	f5e0c05e-8065-4966-a5cd-b126d078584a	Ameerega trivittata	Catalogue of Life names it
63ae10e7-8459-45c3-bad5-5051c00204fa	Ameerega yungicola	701bac6e-1844-4277-a049-bb63e15ef8ad	Ameerega picta	Catalogue of Life names it
3c4c49da-5f4d-4d64-a0e4-be2ecf334af4	Amolops caelumnoctis	b3c0d08d-7ce7-4610-bb72-e307d38538da	Amolops viridimaculatus	Catalogue of Life names it
8e1b85cd-bdce-4a64-9fbf-c36abe5d8d1f	Amolops ottorum	ae6228e5-8c08-466d-ae82-a80660b148a3	Amolops minutus	Catalogue of Life names it
eeb605b8-8a7b-4f98-aec2-893c07ae4ad4	Amolops splendissimus	b3c0d08d-7ce7-4610-bb72-e307d38538da	Amolops viridimaculatus	Catalogue of Life names it
00cc619a-a6b3-4d18-a7a6-18b384b6ee66	Amolops xinduqiao	0b1c410d-d904-4147-93ac-0015e6036e24	Amolops mantzorum	Catalogue of Life names it
c57f08da-694b-49e7-8713-f6e326075412	Aparasphenodon arapapa	a28e14df-6b3d-4641-bff3-2a751194cdb2	Nyctimantis arapapa	Catalogue of Life names it
4db5d834-e019-40f9-8a12-ae87c0621d5c	Bijurana nicobariensis	fe57252d-3db0-4a63-87a0-6483274166aa	Amnirana nicobariensis	iNaturalist resolves it to the same taxon; via a synonym
3d90090c-9a76-4b1a-84af-b9a8840fe895	Boana albonigra	91efa490-d865-42fc-8988-0f04c2f8eb02	Boana riojana	Catalogue of Life names it
63debe91-4249-4bbc-8bf5-bb155c7db52b	Boana phaeopleura	31b60910-189c-4ea5-a71c-317d6ca472c3	Boana goiana	Catalogue of Life names it
3d03fec0-dcca-452a-a0ec-b9bfbaebd8f4	Boana pulidoi	317518df-5be2-4d25-9697-e1cfa3f3b47d	Boana benitezi	Catalogue of Life names it
46f57c22-0229-4b62-b2f7-e482a8038aa3	Boana varelae	91efa490-d865-42fc-8988-0f04c2f8eb02	Boana riojana	Catalogue of Life names it
94639ae4-bd70-4799-b92b-3814055fe963	Bombina pachypus	3f2b264b-c765-4c47-9e55-da3aff2738a2	Bombina variegata	Catalogue of Life names it
14e99d0b-35d1-476e-b974-d64708f3f49b	Brachycephalus atelopoide	e76d80c3-2a71-4078-aac5-7b99f1a2c2c3	Brachycephalus ephippium	Catalogue of Life names it
7057c648-88bd-4892-ad4e-3d1381d26b3e	Breviceps parvus	884a9e83-791d-4581-ae14-20c3c3814b43	Breviceps pentheri	Catalogue of Life names it
e867a685-fa96-4762-8e98-d3af8ad283a8	Bufo cruciger	22ffe301-25e7-48cd-8e6f-6ecba6828a69	Sclerophrys pantherina	Catalogue of Life names it
19160432-7ddc-416c-8527-1b83a80d4c9b	Bufo melanosticus	13ba5258-3214-42a8-a6ce-eb6d51d68ab5	Duttaphrynus melanostictus	Catalogue of Life names it
d71987c3-f032-4abb-9b4f-81ab3146f420	Bufotes balearicus	9ef05477-8aa8-49a4-9285-0d0d93a4cc5b	Bufotes viridis	Catalogue of Life names it
9d8a98af-66c0-48f3-92fc-e33e2bb9c466	Bufotes perrini	9ef05477-8aa8-49a4-9285-0d0d93a4cc5b	Bufotes viridis	Catalogue of Life names it
bd858a1f-1a57-44e5-a170-45799386b2c1	Bufotes shaartusiensis	6eed24a8-8a48-4ece-950b-3b470a74c1cf	Bufotes turanensis	Catalogue of Life names it
8fb91b96-f9cc-4414-85ff-ab850d7f97b9	Bufotes siculus	74655e20-df06-451b-97d5-bca151e0de97	Bufotes boulengeri	Catalogue of Life names it
51555d48-e1dc-42cd-977a-29af813aab94	Bufotes sitibundus	9ef05477-8aa8-49a4-9285-0d0d93a4cc5b	Bufotes viridis	Catalogue of Life names it
32e71383-8ef6-466e-ad7c-492fb41d7486	Bufotes variabilis	9ef05477-8aa8-49a4-9285-0d0d93a4cc5b	Bufotes viridis	Catalogue of Life names it
8b49619b-c032-481c-9225-4d959b0ed1d3	Bufotes zamdaensis	07cec4f7-8454-4535-91ce-5c5ba70b5b18	Bufotes pseudoraddei	Catalogue of Life names it
41fca3a9-0d75-44f3-9065-8577a69eafe7	Caecilia pressula	1eb262e0-8690-492f-9fd1-05c2fd9b966f	Caecilia tentaculata	Catalogue of Life names it
26605c93-0f53-4e48-864a-f53a2963b260	Cardioglossa manengouba	af962c3f-186b-439a-9978-bd986cd15998	Cardioglossa oreas	Catalogue of Life names it
5ec494b7-bb64-4d8d-b91a-897664631b3c	Centrolene bacatum	257cb085-35b3-4959-9be0-7687fd7e3d90	Centrolene sanchezi	Catalogue of Life names it
a94c379f-8957-4538-94f5-f0ece3649b5d	Centrolene gemmatum	5a4174f1-7956-4a28-a287-d0e056cafa54	Centrolene lynchi	Catalogue of Life names it
7eb22e39-c932-4f99-b30d-f72f1c72fb56	Centrolene guanacarum	257cb085-35b3-4959-9be0-7687fd7e3d90	Centrolene sanchezi	Catalogue of Life names it
5da032bf-356d-417b-8e5e-def329664d89	Centrolene scirtetes	5a4174f1-7956-4a28-a287-d0e056cafa54	Centrolene lynchi	Catalogue of Life names it
ab4ba39c-24cb-47c6-8a52-586397affc29	Chalcorana scutigera	48f7ff45-44d3-4271-b5ce-409b547b7fd1	Polypedates megacephalus	Catalogue of Life names it
f31b5c56-6c74-4876-96e3-382996e1aa80	Chiasmocleis jimi	71cc5416-7cf1-4578-9c65-162d408f48fa	Chiasmocleis hudsoni	Catalogue of Life names it; iNaturalist resolves it to the same taxon
f5a6d1c1-bcf1-41b4-b89d-d71cbf6717ce	Chiromantis cherrapunjiae	75436d57-d276-4368-9572-0675bfa69da8	Rhacophorus bipunctatus	Catalogue of Life names it
71a365ab-16d3-44b9-b884-fd44683af03d	Cochranella phryxa	da07e885-5ec9-46db-aefb-580a3814adb8	Cochranella resplendens	Catalogue of Life names it
be7b6781-01c3-4583-a392-be69a4992ce3	Craugastor cyanochthebius	e91f768e-d061-41dd-baae-7790876bb97e	Craugastor campbelli	Catalogue of Life names it
9e4ab397-1193-4de0-bdda-f199df899d34	Craugastor glaucus	17a778c3-f9c4-4ae2-88f4-fef853701b94	Craugastor xucanebi	Catalogue of Life names it
a719baa1-95fc-4854-9ad0-e645fd8888f6	Craugastor nefrens	e91f768e-d061-41dd-baae-7790876bb97e	Craugastor campbelli	Catalogue of Life names it
6b5662a4-b315-4e1a-b868-6c61b89b30c2	Craugastor stuarti	17a778c3-f9c4-4ae2-88f4-fef853701b94	Craugastor xucanebi	Catalogue of Life names it; iNaturalist resolves it to the same taxon
2d35374f-36dc-4a61-af9a-03a7c0124766	Crossodactylus aeneus	1d7616e9-646d-41d0-b55f-1782185c8a46	Crossodactylus gaudichaudii	Catalogue of Life names it
0f77ec55-c661-4abd-9cf4-fbfd32e8201c	Cryptobatrachus remotus	ff219f93-0af5-463b-9820-fd58b0089d03	Cryptobatrachus pedroruizi	Catalogue of Life names it
5649ed4b-21cf-4572-a2d3-5c8f21412822	Dendropsophus baileyi	d415e344-d989-4d76-a0b4-902d3ea98dd5	Dendropsophus werneri	Catalogue of Life names it
ddd8b6c9-c969-4641-9c6c-39dc5ca8717a	Dendropsophus jimi	3339e0dc-0348-446a-8f6b-6e44e7e79fc4	Dendropsophus cerradensis	Catalogue of Life names it; iNaturalist resolves it to the same taxon
8d34d994-a930-4fac-bf1b-b258ecccc057	Dendropsophus koechlini	92c71fce-8fd6-47b8-8dbd-0b29e434c77e	Dendropsophus pauiniensis	Catalogue of Life names it; iNaturalist resolves it to the same taxon
938e63c3-b3f2-47b7-8dcf-e448304cfffe	Dendropsophus luddeckei	c3b1aa79-fa22-4462-804c-d1998fc72e0f	Dendropsophus molitor	Catalogue of Life names it
9d8f0dff-c1b0-4cef-b8e0-8433c107dd99	Dendropsophus rhea	3339e0dc-0348-446a-8f6b-6e44e7e79fc4	Dendropsophus cerradensis	Catalogue of Life names it
8a2d4870-6387-4a7b-9b29-cdc05e8dce6d	Desmognathus melanius	585f3984-bb03-46c7-9db9-966034eb5c02	Desmognathus intermedius	Catalogue of Life names it
8ba72086-2a1e-4a39-b45a-85facbe42c0b	Desmognathus quadramaculatus	151700af-1e78-43c9-82fb-e35935ab937e	Desmognathus fuscus	Catalogue of Life names it
16b61815-b789-4afb-8401-120a0df18c56	Discoglossus jeanneae	7be95307-38a4-4b9d-8ba4-e6fe55a3a8e0	Discoglossus galganoi	Catalogue of Life names it; iNaturalist resolves it to the same taxon
c0b6ee35-baa6-4018-8ed8-57511598f683	Duttaphrynus atukoralei	bdace276-5da7-441d-a3ac-1d8bab9632e2	Duttaphrynus scaber	Catalogue of Life names it
93e72a63-0fc7-4c81-9197-8694e6123ea8	Duttaphrynus bengalensis	13ba5258-3214-42a8-a6ce-eb6d51d68ab5	Duttaphrynus melanostictus	Catalogue of Life names it
4852fb7c-48b9-46b4-9361-ab832d615981	Elachistocleis bumbameuboi	72cb61a8-99dd-41a7-b5c2-d4ec3421552f	Elachistocleis magna	Catalogue of Life names it
36e3ebad-963d-4c5e-9e90-f59bba7d8b49	Elachistocleis carvalhoi	72cb61a8-99dd-41a7-b5c2-d4ec3421552f	Elachistocleis magna	Catalogue of Life names it
35ead761-17c0-4c3c-9574-f34533eab233	Elachistocleis matogrosso	1c50a7b0-753d-4046-8bb7-51457b10dd0d	Elachistocleis bicolor	Catalogue of Life names it; iNaturalist resolves it to the same taxon
54deebb4-8d1f-4d44-879d-554811275a3b	Elachistocleis surumu	2da2093b-7022-4472-a6ff-9dd174cfa743	Elachistocleis surinamensis	Catalogue of Life names it
ff2c6994-bc5a-4b12-a5b7-852bc3165ad9	Epipedobates darwinwallacei	a01d4a14-c6af-4b01-937d-ab58cad1cc24	Epipedobates espinosai	Catalogue of Life names it; iNaturalist resolves it to the same taxon
190a84bf-897d-4f02-9d3a-dc919cb36db2	Euphlyctis mudigere	7742b537-b513-4b10-b3a1-196c96f692b1	Euphlyctis cyanophlyctis	Catalogue of Life names it
18ab5e3d-f666-440c-9dce-5050322e9053	Gastrotheca monticola	6e707601-9fcb-49ce-ad4e-aea02380a411	Gastrotheca splendens	Catalogue of Life names it; iNaturalist resolves it to the same taxon
c73c6a40-55a5-4844-8424-09145c1e6385	Gephyromantis azzurrae	99461c1b-2f94-471f-a12a-d874d5a510a3	Gephyromantis corvus	Catalogue of Life names it
aeb1caf8-2d39-46ab-9133-9706c2876be2	Gephyromantis sculpturatus	ea5ed425-84cf-4947-be32-b32356480f7e	Gephyromantis plicifer	Catalogue of Life names it
705cbc6e-ff9a-4919-ad8d-58a44dfe046b	Gephyromantis ventrimaculatus	af69b20d-7fb8-40eb-848c-86c593cbf1aa	Gephyromantis malagasius	Catalogue of Life names it
4969ce50-10b6-4d40-a96d-60ab25f40219	Gracixalus waza	c61d4d32-3047-4c81-a2cf-88e27dff1dce	Gracixalus nonggangensis	Catalogue of Life names it
32a7b859-c48d-4984-ad6b-760b0531a81d	Hnlodes caete	afbfdbcc-b06d-41a6-9849-ddb0488f48de	Hylodes caete	Catalogue of Life names it
2a414902-e1d9-4969-ad09-869af341daed	Hyalinobatrachium ruedai	538ddc41-7d48-4ddd-b01d-3e3262815782	Hyalinobatrachium munozorum	Catalogue of Life names it
ed9574a7-9f75-46c6-9935-ab2770ee7177	Hyla appendiculata	a167c6d0-8202-4cbd-8bfc-f528dba9744e	Boana appendiculata	Catalogue of Life names it
2582b7ae-f150-441b-81ba-3bcc671e8716	Hyla numidica	53e7be1e-689b-41b0-9c85-b1e353d4ad75	Hyla carthaginiensis	Catalogue of Life names it
b77b68fe-c48a-41f1-a367-fae908b39013	Hyla perrini	8edba76a-8f24-427d-94e2-d278841606b4	Hyla intermedia	Catalogue of Life names it
1e53cb29-3fd4-44a5-bbcc-abf212b63434	Hyloscirtus estevesi	5fd67b84-182e-4835-82ea-9faf7a7970c1	Hyloscirtus jahni	Catalogue of Life names it
de206839-66e1-465d-ba42-894757d03470	Hyloxalus peruvianus	2c8691c7-b0e6-4d70-a674-c789e6092352	Allobates peruvianus	Catalogue of Life names it
12b87cde-6eb1-4591-a0b2-316221053e24	Hyperolius hutsebauti	1622e47b-2bf5-4ac0-905a-10b845af7b40	Hyperolius parallelus	Catalogue of Life names it
0bd1ef54-45f3-4b98-9900-8369b8f21582	Hyperolius insignis	1622e47b-2bf5-4ac0-905a-10b845af7b40	Hyperolius parallelus	Catalogue of Life names it
86a51c8e-671f-4bf2-a07b-6bcd9bc28068	Hyperolius pyrrhodictyon	f229f55b-867e-4520-95b6-f9a96f47c373	Hyperolius marginatus	Catalogue of Life names it
8eda8dfa-7bf2-4786-815c-8201d789d5a7	Hyperolius rhodesianus	f229f55b-867e-4520-95b6-f9a96f47c373	Hyperolius marginatus	Catalogue of Life names it
e5fb4e65-b993-4f0f-b53c-b853101d484a	Hyperolius sheldricki	dd24eb12-71ae-429d-b75e-bf88289c0c93	Hyperolius glandicolor	Catalogue of Life names it
fc1a7bc6-c753-4664-b221-ca5ca0774272	Hyperolius swynnertoni	0d2c0266-3d94-42d4-90bb-2adbb1b59d65	Hyperolius marmoratus	Catalogue of Life names it; iNaturalist resolves it to the same taxon
f7071961-943f-4c75-9ed1-c557841cccbe	Hyperolius wermuthi	00353686-8fc3-4255-bb74-b6d921549c3e	Hyperolius soror	Catalogue of Life names it
217bf6c7-8500-4812-a420-5960f9d9bd6c	Ichthyophis bannanicus	250ce7b4-f4d5-4fa7-96e3-0a31d30e4d4f	Ichthyophis kohtaoensis	Catalogue of Life names it; iNaturalist resolves it to the same taxon
24ffb53b-5e19-4a3a-b06f-fb21a790ea92	Ingerana reticulata	c638bdb5-0286-4750-a639-0c5e688eb599	Ingerana borealis	Catalogue of Life names it
460ae9af-802d-43e4-b4b3-61c193fdf03f	Kurixalus inexpectatus	34327cc2-e1a5-4c32-b685-78a859260705	Kurixalus idiootocus	Catalogue of Life names it
37516727-ffa7-4295-81ea-37bd24d59e81	Leiopelma pakeka	ae35b53f-cd42-4ce6-8a30-53aa3a663323	Leiopelma hamiltoni	Catalogue of Life names it
6931f534-4ca5-4403-b885-a1b07f3fa45d	Leptobatrachium hendricksoni	02361301-bb9b-4e05-a9fe-0dc365834dd0	Leptobrachium hendricksoni	Catalogue of Life names it
ccf0765d-96f2-4a97-ab62-a86db619bda8	Leptodactylus bufonis	fbd04f44-1afd-46ae-888f-a72a1293e02e	Leptodactylus bufonius	Catalogue of Life names it
2f963f6e-c9c6-490a-8870-3dfb1bcc8297	Leptodactylus chaquensis	c092d7e4-dac3-4428-ba78-9d0d554ee0de	Leptodactylus macrosternum	Catalogue of Life names it; iNaturalist resolves it to the same taxon
15e2b58c-3642-4cea-b10d-c4d245abf52a	Leptodactylus sertanejo	0db91e43-f408-4b65-bfd4-0eb9805edc95	Leptodactylus jolyi	Catalogue of Life names it
a2b748b3-2da1-43e4-94c3-d1529b06e168	Leptopelis brevipes	77b713e8-a96f-41b1-a51d-b734d70ba24c	Leptopelis brevirostris	Catalogue of Life names it
d72422fc-00f7-41c2-a672-ddfa9b4fa17a	Leptopelis crystallinoron	77b713e8-a96f-41b1-a51d-b734d70ba24c	Leptopelis brevirostris	Catalogue of Life names it
c546e7f1-b279-4e2d-9ca1-b56cee160e83	Limnonectes ferneri	2dc88373-eebc-4b51-8a3b-b656d410715c	Limnonectes diuatus	Catalogue of Life names it
65a8ab57-4e5b-42f0-9db2-093ad48e8afa	Limnonectes liui	d2ffcb9d-107d-4bc7-bb86-1ce1574caeb2	Limnonectes limborgi	Catalogue of Life names it
b233eaba-8e43-402d-87ba-031f9d12b429	Mantidactylus multiplicatus	94d530dc-b1e3-497a-bda9-f3e5ba045ba0	Mantidactylus betsileanus	Catalogue of Life names it
645916f5-9ae2-48f5-879c-1e7233588bf1	Microhyla fusca	f815dbf9-6db6-41b5-9155-a18c608d8ef4	Microhyla butleri	Catalogue of Life names it
2a4540e7-5cfd-4845-8f98-39f31e602e8c	Minervarya caperata	6191a1f2-3bdb-4ff2-a412-ff8815086bef	Minervarya syhadrensis	Catalogue of Life names it
e1950270-fca2-4008-af25-66d3b6002c84	Minervarya dhaka	14dca6cc-e0b5-4873-a9fe-767df769a4c1	Minervarya teraiensis	Catalogue of Life names it
abde6880-1caf-4494-a039-09b784049eb0	Minervarya granosa	ddd132e9-4ad6-42ed-bf27-40e64350901f	Minervarya agricola	Catalogue of Life names it
2c27ab61-7835-4f89-a1c9-b9f487673866	Minervarya kudremukhensis	d592abc7-c33f-4b37-9c63-6c49e02659da	Minervarya mysorensis	Catalogue of Life names it
7dff4940-300f-4bc6-b26f-832b8a3a9411	Minervarya modesta	6191a1f2-3bdb-4ff2-a412-ff8815086bef	Minervarya syhadrensis	Catalogue of Life names it
cc9a3d4d-c612-4055-a368-39b6a8e4bb6a	Minervarya mudduraja	a5d2028c-6ba9-4a95-988d-37f5e2e6a3c7	Minervarya nilagirica	Catalogue of Life names it
83625671-f0f4-411d-b03b-d1a3c6c63abe	Minervarya murthii	a5d2028c-6ba9-4a95-988d-37f5e2e6a3c7	Minervarya nilagirica	Catalogue of Life names it
96c4beb8-09bb-4a51-a0eb-746c0d5988e1	Minervarya parambikulamana	d592abc7-c33f-4b37-9c63-6c49e02659da	Minervarya mysorensis	Catalogue of Life names it
234110e5-738e-489d-8cfc-40006f55a54d	Minervarya sauriceps	d592abc7-c33f-4b37-9c63-6c49e02659da	Minervarya mysorensis	Catalogue of Life names it
852046dc-a2c5-45da-bcf1-f904d17f9819	Necturus lodingi	1cf4122b-4823-4d67-90f7-b911965aa482	Necturus beyeri	Catalogue of Life names it
636df93c-ae26-4813-a873-2891539cf2a8	Nototriton major	e5f9b708-cc33-41a8-af12-2b4791bd8d81	Nototriton picadoi	Catalogue of Life names it
f85472ba-35b5-491a-8d71-12e0e4b9a38b	Nototriton matama	e5f9b708-cc33-41a8-af12-2b4791bd8d81	Nototriton picadoi	Catalogue of Life names it
cd266da5-f4f9-4ecf-aa36-c6eb44352a67	Nyctibatrachus deveni	4b980561-60f0-4a5f-a227-4fde1e0f511c	Nyctibatrachus aliciae	Catalogue of Life names it
855d3d15-a68d-4b66-8405-cc104145566e	Nyctibatrachus periyar	4b980561-60f0-4a5f-a227-4fde1e0f511c	Nyctibatrachus aliciae	Catalogue of Life names it
11aa5833-b7c4-4d27-86fb-095b2961e1f5	Nyctibatrachus pillaii	d9203039-0347-41ce-82da-cb27c6e1810b	Nyctibatrachus vasanthi	Catalogue of Life names it
abef314e-b8e0-495e-b6d5-916d64aae03d	Occidozyga vittata	75c721ab-3d51-4e75-a256-cf0ef4b9dba6	Occidozyga martensii	Catalogue of Life names it
eb3490c4-e90f-47d7-81ab-ee94af1e7f8a	Odontophrynus occidentalis	7af4ab78-da9d-4c61-9339-26ef2612c8d7	Odontophrynus americanus	Catalogue of Life names it; iNaturalist resolves it to the same taxon
db2bed17-f9e6-4124-a796-e30dcb10aa4d	Odorrana rotodora	ee257e4b-91dc-4014-a326-5a89fa22e68f	Odorrana chloronota	Catalogue of Life names it
e4215676-e65a-462d-8db0-db529c2ac613	Odorrana trankieni	92f2bbac-3f11-41bb-9281-8d029f44d176	Odorrana nasuta	Catalogue of Life names it
c9c44339-537e-420a-80d0-26ca73f2ffd4	Odorrana zhaoi	ee257e4b-91dc-4014-a326-5a89fa22e68f	Odorrana chloronota	Catalogue of Life names it
047f3c16-9c9f-4df9-a5df-a08f600bdddf	Oreobates crepitans	05107a12-5e60-441b-b893-2574cd1be520	Oreobates heterodactylus	Catalogue of Life names it
376d317c-87f9-45ad-a36a-87e7a396c533	Oreophrynella dendronastes	1772039e-0f70-4f0f-af6c-8867de6d1352	Oreophrynella macconnelli	Catalogue of Life names it
266c00cc-e6ad-4984-a00c-96bf856b73ca	Osornophryne angel	62ad38b1-7e2a-4067-89e9-4df845a92d58	Osornophryne bufoniformis	Catalogue of Life names it
7fefd1e9-cc96-4369-9b48-fc0b0a68ced0	Pelodytes hespericus	979cb3c9-9eb3-454c-bb70-eb84d57efadc	Pelodytes punctatus	Catalogue of Life names it
993ebade-37e2-4cbc-8a55-e219bb462728	Pelophylax bedriagae	db0827c8-d28a-4c1b-87dc-63c0ab48166f	Pelophylax ridibundus	Catalogue of Life names it
e53f5261-7e9c-461c-94d1-50e3b86947ce	Pelophylax bergeri	41461398-169a-4bb7-a2a2-0e790b8c5c11	Pelophylax lessonae	Catalogue of Life names it
07e26ee3-4e03-4dd8-9b5a-26b9536c3c63	Pelophylax caralitanus	db0827c8-d28a-4c1b-87dc-63c0ab48166f	Pelophylax ridibundus	Catalogue of Life names it
5699cd42-6e03-4018-8513-832800276744	Pelophylax cerigensis	db0827c8-d28a-4c1b-87dc-63c0ab48166f	Pelophylax ridibundus	Catalogue of Life names it
6703219b-8602-40ef-8031-afdacd9ecd75	Pelophylax cypriensis	db0827c8-d28a-4c1b-87dc-63c0ab48166f	Pelophylax ridibundus	Catalogue of Life names it; iNaturalist resolves it to the same taxon
a7100300-79d8-4cae-853b-8fec01cf0b03	Pelophylax hubeiensis	804a0b55-1332-4d45-aa34-2d75dd5e896c	Pelophylax plancyi	Catalogue of Life names it; iNaturalist resolves it to the same taxon
c9d7f8f4-eb11-45b9-9784-1bad9adeb3ee	Pelophylax kurtmuelleri	db0827c8-d28a-4c1b-87dc-63c0ab48166f	Pelophylax ridibundus	Catalogue of Life names it; iNaturalist resolves it to the same taxon
472c5238-0227-435c-b287-51e01007ab55	Pelophylax persicus	db0827c8-d28a-4c1b-87dc-63c0ab48166f	Pelophylax ridibundus	Catalogue of Life names it
aa216428-956e-4f6b-be13-88cda729ac63	Pelophylax terentievi	db0827c8-d28a-4c1b-87dc-63c0ab48166f	Pelophylax ridibundus	Catalogue of Life names it
96f1a49f-ab1e-43f0-aa77-0fbd9f2c230e	Phrynobatrachus albifer	74b68375-b5c5-485e-969e-b4ba8fd1af17	Phrynobatrachus scheffleri	Catalogue of Life names it
feefb6da-e6fc-4278-bf91-a4ab7c74e22d	Physalaemus cuqui	740924b3-fa79-4440-b095-8d6b6831b146	Physalaemus albonotatus	Catalogue of Life names it; iNaturalist resolves it to the same taxon
1b35fd32-4f7f-45e5-92a6-b7035364e820	Polypedates chlorophthalmus	605ba4cb-d4f3-46a5-af5f-8ac7d155d44e	Philautus hosii	Catalogue of Life names it
0b1d3e53-136a-474c-bb9e-37c24e9fe732	Pristimantis prometeii	2cc8da57-cde6-461a-9b12-46776630acd5	Pristimantis hampatusami	Catalogue of Life names it
77b82e30-48e8-4683-aa0d-52eec20484c4	Pristimantis terraebolivaris	914b8753-72e3-43ae-9762-263428dacad3	Pristimantis incertus	Catalogue of Life names it; iNaturalist resolves it to the same taxon
58aad5fc-3d99-470d-88fa-f9e1f6289f4a	Proceratophrys aridus	96be4f73-b90a-4f3c-b071-aa568e158b8b	Proceratophrys cristiceps	Catalogue of Life names it
e60a9d9f-d462-42cf-b739-75e4b7678d13	Proceratophrys caramaschii	96be4f73-b90a-4f3c-b071-aa568e158b8b	Proceratophrys cristiceps	Catalogue of Life names it
e0ab32a7-7ea5-4429-a4e6-258227e6341d	Pseudacris hypochondriaca	bde22aac-c11d-4449-82a2-d5efa6209c67	Pseudacris regilla	Catalogue of Life names it
07267408-a3ea-497b-8e54-21bf68178f0b	Pseudacris sierra	bde22aac-c11d-4449-82a2-d5efa6209c67	Pseudacris regilla	Catalogue of Life names it; iNaturalist resolves it to the same taxon
01fd2f34-95e3-41d0-9cd7-5b05db47411d	Pseudopaludicola parnaiba	7dabc1a5-5c0a-4a82-abe3-845bd96f4872	Pseudopaludicola canga	Catalogue of Life names it
fc7510d5-5ccc-4df7-b6ae-f02ec648f6dd	Pseudophilautus pardus	618c6ad8-cebe-4914-bd5f-7ab02c52a072	Pseudophilautus viridis	Catalogue of Life names it
16c229fe-8c6d-4c80-afc1-c3ef82793de1	Ptychadena hylaea	ec8231e5-c7a1-43ef-b3c2-5e242fc18e2b	Ptychadena mascareniensis	Catalogue of Life names it; iNaturalist resolves it to the same taxon
d795b36b-be0b-4f0d-ac53-fbcf423b182b	Rana fasciata	68e28eb1-ca52-42c9-b26f-4b9a43233c9d	Strongylopus fasciatus	Catalogue of Life names it
e39f53dd-d284-4630-8a48-5c44e8e85ffd	Rana fusca	b3872e13-374b-4582-a80b-0cbc1c34e008	Leptodactylus fuscus	Catalogue of Life names it
dcac537b-29c0-4bdf-9290-b59ba615d293	Rana marginata	4a16237e-302f-4cc6-895c-8e74e6734f81	Leptodactylus labyrinthicus	Catalogue of Life names it
9334a7dd-2689-4846-a182-793a92cbb89f	Rana typhonia	943c2bf0-7193-4962-a6e8-74dbe34a92eb	Trachycephalus typhonius	Catalogue of Life names it
83d13502-f6e4-49de-9ff9-f79070949aab	Rana verrucosa	80701a7a-9a8a-40af-aebe-dd97b35cf295	Minervarya keralensis	Catalogue of Life names it
b90978a0-5f9b-4766-9e13-9b297b099fe5	Rana viridis	c235b486-34c2-4237-9484-1b51da65efd2	Hyla arborea	Catalogue of Life names it
0f7f2105-e584-4bcc-a2f9-abd16280796a	Ranoidea citropa	3c5c4ed3-849f-484c-9d44-03a1ed058c79	Litoria citropa	iNaturalist resolves it to the same taxon
13317b12-3854-4dbc-9e2b-290703e1aff1	Rhacophorus verrucopus	a39d324a-76d2-4a92-87e4-c4e4cc1753d7	Rhacophorus tuberculatus	Catalogue of Life names it
fd17fc8d-d4dc-4b14-a26f-7e9b54a030d8	Rhinella abei	2ced0f0f-25d4-44b8-970e-0249035e90a0	Rhinella ornata	Catalogue of Life names it; iNaturalist resolves it to the same taxon
17ae54ba-332a-4df5-855f-cc6cb62be3fb	Rhinella arequipensis	b37355d7-1e9a-458b-9b1c-a529bbd50c31	Rhinella spinulosa	Catalogue of Life names it
6c9d49d5-0ea7-44b9-ba82-de7f4a94d829	Rhinella fernandezae	a7ca1327-9f16-4775-a1df-689220db33ba	Rhinella dorbignyi	Catalogue of Life names it; iNaturalist resolves it to the same taxon
45006560-f29b-451a-aa9d-4cfc90f90f3d	Rhinella gildae	fab67a49-3c03-4d6c-a2dd-d375cfd6b001	Rhinella dapsilis	Catalogue of Life names it
deea92a7-457c-4a67-8c94-76b9dc089b18	Rhinella jimi	33e9bfa3-9b58-4ae6-bbd9-dd31ebe95c0d	Rhinella diptycha	Catalogue of Life names it; iNaturalist resolves it to the same taxon
f097a2eb-22ba-47e8-9c46-dc109a61de6e	Rhinella paraguayensis	f13ef3ae-3c5e-4d08-ad07-af1fc5d81836	Rhinella stanlaii	Catalogue of Life names it
95cec47e-a8d3-46e8-b933-4b7327ccb55c	Rhinella scitula	f13ef3ae-3c5e-4d08-ad07-af1fc5d81836	Rhinella stanlaii	Catalogue of Life names it
6836f71e-928f-40ee-a8ba-24b17a492a7e	Rhinella yunga	908675b1-4be9-4179-96a0-39b0c352086a	Rhinella iserni	Catalogue of Life names it
736689be-07e6-4666-a9f4-447e9c8a5437	Salamandra longirostris	52b9dd8c-ce10-4c7b-b634-1b5399d67d95	Salamandra salamandra	Catalogue of Life names it
08ec460f-ff43-466d-859e-9881d69eef8d	Sclerophrys chudeaui	fbfcbb0e-8754-4b1e-8ca3-fe2498d07de3	Sclerophrys maculata	Catalogue of Life names it
5fe3024e-3610-4406-a945-c5c409d9dda1	Sphaerotheca magadha	f6db4393-e7bb-4088-b317-112cc5b23434	Sphaerotheca breviceps	Catalogue of Life names it
7cc0d333-5a98-482e-b979-6a43f58f2138	Sphaerotheca pashchima	b9b7d4db-93fb-4ee6-bbb5-62007a268019	Sphaerotheca maskeyi	Catalogue of Life names it
d989ae02-ad9c-4524-b1e4-4858e528818c	Sphaerotheca swani	f6db4393-e7bb-4088-b317-112cc5b23434	Sphaerotheca breviceps	Catalogue of Life names it
2820ea78-c196-4b5e-ad39-e15360c1f6a3	Strongylopus fuelleborni	37c1d43b-42e6-4634-8a56-6dc8e7bf66c1	Strongylopus merumontanus	Catalogue of Life names it; iNaturalist resolves it to the same taxon
c82791f6-7f1a-4c35-ae2d-606b426fa9c5	Strongylopus kilimanjaro	37c1d43b-42e6-4634-8a56-6dc8e7bf66c1	Strongylopus merumontanus	Catalogue of Life names it
e5360dcb-49b0-4da0-b0db-cac884635cce	Strongylopus kitumbeine	37c1d43b-42e6-4634-8a56-6dc8e7bf66c1	Strongylopus merumontanus	Catalogue of Life names it
63a1e62c-2a76-4442-b2b9-2c403a06cd40	Strongylopus springbokensis	e17ac806-12e1-451a-b997-0d4d7893fe14	Strongylopus grayii	Catalogue of Life names it
d0524ef4-f70b-471a-bcdb-6b0b7e060f53	Telmatobius dankoi	204d350f-bffa-4707-bff5-3fec6868c3f6	Telmatobius halli	Catalogue of Life names it
2f8517b6-9877-4dbb-8fb2-62a8b3127a1c	Telmatobius laevis	4db182fc-027e-4fb5-93e2-79d9ba9ff82c	Telmatobius marmoratus	Catalogue of Life names it
41c83642-3cc8-4678-97cb-56c1c07265a3	Telmatobius vilamensis	204d350f-bffa-4707-bff5-3fec6868c3f6	Telmatobius halli	Catalogue of Life names it
69383774-0956-44d2-9263-6585798c23f2	Thorius pennatribus	7b873351-ebe7-4303-9fbd-ccab3b2b8c75	Thorius pennatulus	Catalogue of Life names it
10b4ae5a-401a-4b37-b6ec-8c0982aaecda	Trachycephalus venulosus	943c2bf0-7193-4962-a6e8-74dbe34a92eb	Trachycephalus typhonius	Catalogue of Life names it; iNaturalist resolves it to the same taxon
b922d4b3-d79c-49d3-9767-4855af2a449b	Triturus arntzeni	b7da7296-0580-4947-8b4e-ceb8d079b98d	Triturus macedonicus	Catalogue of Life names it
22f88e7b-6876-459a-a238-36e2de9532ec	Tylototriton ngarsuensis	740d88b7-29c3-4ad1-933b-e0d4453625de	Tylototriton shanorum	Catalogue of Life names it
04e88a31-9b6f-42d7-b2a5-f9f1f5714cce	Uperoleia inundata	27efdd4e-0d83-4d6e-afb4-c38c93d09000	Uperoleia crassa	Catalogue of Life names it
e0fee94c-f40a-4171-8390-417b7cbff310	Vitreorana uranoscopa	af4c9945-10c3-4fc1-997a-ed5f1e1237b8	Vitreorana parvula	Catalogue of Life names it; iNaturalist resolves it to the same taxon
1e10ac1f-95f9-4370-b8e6-b1e61791f0ce	Werneria submontana	44940411-50a8-4643-b1f5-b98565fddb06	Werneria preussi	Catalogue of Life names it
1e42b8ae-454e-431a-ac74-163ea45421f6	Zachaenus carvalhoi	99296f0b-805c-4b63-9ef5-2812777d4a79	Cycloramphus carvalhoi	Catalogue of Life names it
2c0c1a67-78a5-4833-9e73-bdccd9fa6c83	Zhangixalus tunkui	fe227077-8d66-4126-a22e-1d83b0571c44	Zhangixalus prominanus	Catalogue of Life names it
1a4641ee-473b-4eea-b9be-c3c458d45be2	Actinodura radcliffei	94f62564-492f-4945-8dcd-aad26706b685	Actinodura ramsayi	Catalogue of Life names it
9df748fd-be8d-4f29-8575-d64c65820139	Adansonia ferina	d2471af0-eede-4642-82a6-eaead9a96f8c	Aythya ferina	Catalogue of Life names it
a72015b0-6dce-4a9b-b24d-382dd7128693	Aegithalos iredalei	c6344c50-14c3-444e-9e07-360488c513c8	Aegithalos concinnus	Catalogue of Life names it
d70cf264-7bef-45fe-a22a-c1bd1f4c086f	Aethiopsar cristatellus	c0527044-1c8f-47e6-ae93-b8568f6f79b6	Acridotheres cristatellus	Catalogue of Life names it
adb59d1d-50d8-4f75-8a0b-15a8243aa360	Alauda breviunguis	203f6568-9804-4db1-ac92-ea5fdcd59e60	Certhilauda chuana	Catalogue of Life names it
494fcd6a-2c34-4c50-9031-35ec2f04babb	Alauda capensis	be23605a-67a4-4852-983c-50780ab4402b	Macronyx capensis	Catalogue of Life names it
3f158ac9-eb00-495a-824d-52049ee835cc	Alauda crocea	aa197e14-add0-4c66-8a6c-f38dff01aa6c	Macronyx croceus	Catalogue of Life names it
acb63ef1-8f86-4ec0-bbd7-32eb6ee2b1bf	Alauda cunicularia	8c218264-4f04-4499-99f4-8ae8a0d3f312	Geositta cunicularia	Catalogue of Life names it
a3566939-2a55-4a37-a011-c53fa665ea50	Alauda rostrocrasso	541b2b3f-9888-470c-afc5-94a3b0c1cfae	Galerida magnirostris	Catalogue of Life names it
a25a978b-ff27-4d34-b1c5-5c0695e46a0c	Alauda tatarica	42ebfc15-2bba-4e22-acdf-1be570283909	Melanocorypha yeltoniensis	Catalogue of Life names it
3b9d4116-6a43-4ad3-a9fc-4bd9166aa178	Alcedo gigantea	34410b2a-6658-48df-bd9a-b30a8e6aecea	Dacelo novaeguineae	Catalogue of Life names it
8283587a-6410-4d33-9736-64f7da5e2114	Alcedo grandis	fcd0012b-3686-4bc1-af0e-736d7c92bfa1	Alcedo hercules	Catalogue of Life names it
9c0f5580-b895-41d7-9028-4f5ae3841465	Alcedo maculata	80a53413-862e-4026-8710-33c9a6bb9813	Nystalus maculatus	Catalogue of Life names it
1cc381a0-c82f-4162-8c6a-fb6237921e20	Alcedo maxima	bc44c543-014d-43a4-8c2c-080fefca3980	Megaceryle maxima	Catalogue of Life names it
4d7c2c58-e76a-4203-8256-4a86e80d2aff	Alcedo novae-guineae	34410b2a-6658-48df-bd9a-b30a8e6aecea	Dacelo novaeguineae	Catalogue of Life names it
f92458a3-c47e-42b1-a315-656750dfd8a8	Alcedo tridactyla	af451d76-63a3-40ed-99f5-ccfb80c8c325	Ceyx erithaca	Catalogue of Life names it
1ba310dd-29c9-44d7-98ef-8d87ee1d043b	Amazilia cyanocephala	85a92649-aebc-4c0d-99c5-dffc598597ef	Saucerottia cyanocephala	Catalogue of Life names it; iNaturalist resolves it to the same taxon
cc891c70-877e-455e-8f8d-5209dd7575a4	Amblyramphus bicolor	8d58ecfc-80e3-4b51-b56c-be527c4e897f	Amblyramphus holosericeus	Catalogue of Life names it
3f2e488e-c9d5-4d79-9350-171415fc10d8	Ampelis americana	adee8e54-2a5c-42e0-a836-9b3043ecac7b	Bombycilla cedrorum	Catalogue of Life names it
e8e226ed-b329-40b3-826b-11667c46ee04	Ampelis averano	3ac17d26-017f-4b28-8ea6-beeebeb47068	Procnias averano	Catalogue of Life names it
729a3e44-8c97-4e43-b886-c0d05d6fa577	Ampelis cotinga	f65ddb88-e15a-4185-aab0-a731f9498226	Cotinga cotinga	Catalogue of Life names it
f9f50c55-2e5c-454e-88c2-5cb12c26f104	Ampelis maynana	2494648c-e7d3-4cbe-afe3-225c4ef31db7	Cotinga maynana	Catalogue of Life names it
7ba74615-69c0-465d-834f-19d801e5ba44	Ampelis phoenicea	94d17f79-3db1-4657-b569-117157d2f405	Campephaga phoenicea	Catalogue of Life names it
c2d288db-7c90-4b1f-baa0-f63fe043238b	Ampelis variegata	3ac17d26-017f-4b28-8ea6-beeebeb47068	Procnias averano	Catalogue of Life names it
e0ee4ea7-bce9-4411-b65e-4e909258b9d5	Amydrus montanus	76509815-2c52-4d57-9375-d4e716bdb85e	Amblyospiza albifrons	Catalogue of Life names it
5da4aec7-e6df-4e18-9726-1db0e0fa6770	Anas adunca	9c871c29-7c00-4c8c-a0ee-1bf398281f6f	Anas platyrhynchos	Catalogue of Life names it
3e7d00ce-b420-46bb-a990-a1dec637d21d	Anas bahamenfis	f8271161-da14-433b-a1f2-d29681c1a4f3	Anas bahamensis	Catalogue of Life names it
1a386a52-c319-43c6-9a3d-acf49031c58d	Anas berniela	16553d57-b291-417c-9984-d630acd43c07	Branta bernicla	Catalogue of Life names it
24ec7024-a2e1-46e6-85de-2e0ce5eb50c1	Anas bucephala	de0e19d7-9549-4558-87e5-5bc1e050d2ae	Bucephala albeola	Catalogue of Life names it
1e707b99-0664-4570-8fd4-eac5b4302f4b	Anas melanoleuca	62cd178f-620e-482c-b7fd-9f0249c104a3	Anseranas semipalmata	Catalogue of Life names it
a1611e9d-a6a3-4fab-86b8-ca50085b565f	Anas minuta	496296dc-59a4-4127-9a82-e7b8f0d877db	Histrionicus histrionicus	Catalogue of Life names it
a3f90b1c-1d84-418b-8d9b-584a2b2c6d00	Anas punctata	b21252fd-1197-4933-91f7-0c6b55d65f12	Anas castanea	Catalogue of Life names it
a5c876d5-0b05-4b63-80d0-9e86f34f6bdd	Anas rubidus	1d94d963-1ec2-4a29-bcee-654f7234e6b7	Oxyura jamaicensis	Catalogue of Life names it
1f85487b-ef05-4b37-89dd-0850aacadbeb	Anas rustica	de0e19d7-9549-4558-87e5-5bc1e050d2ae	Bucephala albeola	Catalogue of Life names it
4f3c309b-699c-4da4-9caf-b2e1a9d4dd9e	Anodorhynchus maximiliani	1696e045-4764-403e-b6fb-f80fb0db7963	Anodorhynchus hyacinthinus	Catalogue of Life names it
629d36b3-550f-4aca-9482-d420e477fa76	Anous niger	76ac03fc-a6af-4583-bfb4-41b4cd81cffe	Anous stolidus	Catalogue of Life names it
5ad2b93b-970c-46e9-8896-f0f7a2f07c1b	Anthus obscurus	038011ac-bb6d-496b-82e2-5dea15bf4f03	Anthus petrosus	Catalogue of Life names it
ba5c0e5b-6369-445a-902d-02ff52889efb	Anthus pelopus	adc6983f-0270-4526-b23d-56ec10ccbaa1	Anthus roseatus	Catalogue of Life names it
13d76beb-87e4-4b0b-9392-d510da4fae7f	Aquila fucosa	2d0c7bc2-4acb-4b53-965a-4089b1d42ba5	Aquila audax	Catalogue of Life names it
c8591e7a-94cc-4fe3-aa08-90827d9e88e2	Aratinga pintoi	0f63eeb7-51f2-420b-91c3-b1c31aed5160	Aratinga maculata	Catalogue of Life names it
619b33f0-2d62-4346-8ad4-f39a03a50595	Ardea aequinoctialis	9e602d7a-bebd-4c09-8938-25d807cec5e9	Egretta thula	Catalogue of Life names it
744a5371-e1c9-472b-9cc1-3ee7bce60ac9	Ardea episcopus	340cc651-b832-4199-a2bf-2c0699953e84	Ciconia episcopus	Catalogue of Life names it
91f434d8-8ee4-46cb-a745-ade196eed6c1	Ardea minor	2e0f66a7-4aaf-4217-8503-707baf95372e	Botaurus lentiginosus	Catalogue of Life names it
4fc6a528-fc68-477c-8d1b-9b1dc6b17daa	Ardea modesta	697e1caa-6c00-43ec-96f3-55b1b6dbce81	Ardea alba	Catalogue of Life names it
a313bc59-f5e4-4a82-9f79-1c20ec31c66d	Ardea occidentalis	1724ce39-e6f1-462f-b465-9f48dfda9810	Ardea herodias	Catalogue of Life names it
254b08f6-af63-479b-8357-4f0ee0418128	Ardea tigrina	449d3788-3b15-4830-b798-eb1239f1d346	Tigrisoma lineatum	Catalogue of Life names it
4f2f58b3-94b4-4af1-98f0-a5146c1e915d	Arizelocichla olivaceiceps	18cb18c4-3669-454b-9b7c-068258702714	Arizelocichla striifacies	Catalogue of Life names it
1fc075e8-9f64-4dfc-a578-a01057f1ac9c	Artamus gracilis	6e31b953-1bea-4a2b-b903-84ff2502f8ff	Artamus personatus	Catalogue of Life names it
477656b0-7a46-4816-bc3b-b2b0e296070d	Artamus leucorhynchos	e827e819-91d0-4557-af94-7cb4db3b64f2	Artamus leucoryn	Catalogue of Life names it
32add528-fba6-41fe-bd84-5bf0b2d99501	Artamus phoeus	a953c523-19a1-4082-b281-8b705115367f	Artamus superciliosus	Catalogue of Life names it
1cacefba-e268-4c4d-8041-75321d48c9ff	Asthenes sclateri	7d83b1ae-07ed-4637-bcdf-f2741dc29bf4	Asthenes wyatti	Catalogue of Life names it; iNaturalist resolves it to the same taxon
b6744bc2-239d-412b-b866-d5864f55e58a	Asthenes usheri	621ecc7f-2a66-45e8-a3b5-3815c4f7de4f	Asthenes huancavelicae	Catalogue of Life names it
bc3abb69-3afe-4a33-9f4f-e1d114166c1e	Attila flammulatus	9c16d168-b3a3-45a0-ae5a-8f6fcec449a7	Attila spadiceus	Catalogue of Life names it
8af88b4e-8329-4d7f-a986-d5cb205204f7	Basileuterus bensoni	f2f7353c-6daf-404a-a9b6-274cf149de62	Basileuterus melanogenys	Catalogue of Life names it
14daddc5-d97d-4404-a4d1-c1a4097586c2	Basileuterus cabanisi	65fdf1bb-ade8-4dde-b5f1-0edb160751f1	Basileuterus culicivorus	Catalogue of Life names it
b27c12f0-4ff0-4ae6-ab92-4859e451fbd5	Basileuterus castaneiceps	1ccc9790-9fc9-48a8-800f-b0aa1754bdce	Myiothlypis coronata	Catalogue of Life names it
e12b41e2-6d72-4dd9-ad3b-683bdc1e3c20	Basileuterus nigrivertex	419826a2-8b4b-4a04-b574-4fab78b34889	Myiothlypis nigrocristata	Catalogue of Life names it
9eb500ce-3df0-4eb9-a85e-63c098e0b562	Basileuterus richardsoni	31a01241-f337-4902-8732-8ffa593dccbf	Myiothlypis luteoviridis	Catalogue of Life names it
60fff41f-c517-4e17-81a8-9c7de697602b	Batis puella	719283c5-4bfd-486b-9f3a-c55fd82d1ae2	Batis molitor	Catalogue of Life names it
546ec57c-2c96-4884-bdc9-40a1e9b00a9f	Batis reichenowi	8dca9f3a-2b5c-43e0-807d-6beab77bb793	Batis mixta	Catalogue of Life names it
1ea4f569-b0db-4f48-b984-f09c3bb4dbb7	Biziura novaehollandiae	8e03f28b-2d9f-4612-9007-c787c9792f63	Biziura lobata	Catalogue of Life names it
dc387c7f-4faf-4c07-b4af-e1981e00da9d	Brachypodius eutilotus	5e9af0b0-f5fc-4c6b-bcbd-7142a62682f4	Euptilotus eutilotus	Catalogue of Life names it
9ce2a6b0-accb-49db-9fd4-fdbbacee77fe	Bradyornis ater	ff05a94d-2cf2-4578-9560-5834b92c2cbb	Melaenornis pammelaina	Catalogue of Life names it
bc2362d7-52cb-447b-8d95-11c0e3c373ef	Bradypterus lopesi	7e556052-9535-44fd-9b97-3c90be3ce8bb	Bradypterus lopezi	Catalogue of Life names it
279ec4dc-f563-46e2-bcb6-db895e9ff98f	Bubo coromandus	a8f1a414-325e-4ed1-b420-ea2d60e8570c	Ketupa coromanda	Catalogue of Life names it; iNaturalist resolves it to the same taxon
bcaf1a26-7fe3-46e0-ae8a-ab570d51052b	Bubo sumatranus	55ecc1d8-2dda-4e2d-ad0a-b43c307f2662	Ketupa sumatrana	Catalogue of Life names it; iNaturalist resolves it to the same taxon
65bff53e-b66a-435b-8c94-594ce549475f	Buccanodon dowsetti	fac81636-0947-4a0a-b1ed-ad977f72fd9e	Buccanodon duchaillui	Catalogue of Life names it
ed65515d-85ab-45b7-8b12-d5e4939e69b5	Bucco armillaris	8b7aefee-0505-4178-8881-078388445dbc	Psilopogon armillaris	Catalogue of Life names it
b48116b8-60f9-4749-8711-643a5ddd22db	Bucco atroflavus	696a5d3a-3558-487e-be7a-0b638daa9494	Pogoniulus atroflavus	Catalogue of Life names it
1b9561e7-8b09-4388-a51e-a7ed46abaf9a	Bucco bidentatus	03ea5815-46e9-462c-a37c-dccc432f7a7c	Lybius bidentatus	Catalogue of Life names it
61208d22-527d-4bd2-b519-42619554b0ad	Bucco calvus	b20b7add-ab23-47f8-8bf7-45c4866e3b13	Gymnobucco calvus	Catalogue of Life names it
200dfc51-b07f-48dc-a5a7-1a2b5f649d80	Bucco leucomelas	85d67129-8558-4475-9b63-9f43c3a90650	Tricholaema leucomelas	Catalogue of Life names it
ebbf3d76-52f2-49b8-8357-0a0fcfd6b978	Buceros mindanensis	997bd3a2-55e6-49ef-ac30-b3cc80b35368	Buceros hydrocorax	Catalogue of Life names it
3d2e09fe-ef72-4aff-9278-c85c365541eb	Buphaga africana	64e2b0ed-fea7-42b3-bcd9-eca4b3be5f20	Buphagus africanus	Catalogue of Life names it
d8a1d77f-2b9d-4d56-8366-95fff8a79ab1	Buphagus langi	64e2b0ed-fea7-42b3-bcd9-eca4b3be5f20	Buphagus africanus	Catalogue of Life names it
de920610-3a46-41b9-98f1-b5796d5a99ab	Buteo archeri	59dd7d35-9c74-4d6f-9589-0e1e00c4c326	Buteo augur	Catalogue of Life names it
3332f927-1acb-4c2c-8f46-1509c7fe4d0e	Cacatua cristata	13928dab-0df6-4827-974d-becb7b2ebf76	Cacatua alba	Catalogue of Life names it
286ff62d-8a92-4281-9ad6-eb0c3f1bd0f6	Calandrella erlangeri	291f707a-e2f2-463c-b604-12fe2c5a3e7d	Calandrella blanfordi	Catalogue of Life names it
a9265708-5983-4ff5-ab91-7b5d819bc6ae	Calendulauda alopex	5cef6a9c-a6f6-4055-8dc2-30724fc6b8ed	Calendulauda africanoides	Catalogue of Life names it; iNaturalist resolves it to the same taxon
26797e4c-921e-47dc-82b1-6f991ce3bfc9	Calendulauda barlowi	07aa5f52-161d-4ced-8979-4717453ea98e	Calendulauda erythrochlamys	Catalogue of Life names it; iNaturalist resolves it to the same taxon
5129a01e-f084-4e29-873b-aab95c21b76d	Calohierax quadratus	4d667f7b-0d80-4059-80cd-8dc4dd075e84	Buteo lineatus	Catalogue of Life names it
f8eb010d-0bfc-444d-9fa0-ebe24a4696c7	Calyptorhynchus baudinii	f9a7589d-1c90-46c0-adac-41d82cef8252	Zanda baudinii	Catalogue of Life names it
67b58c2a-7df2-42ff-96fb-18d3b81f0843	Calyptorhynchus funereus	19b14c7d-c919-4530-9b52-2120cb3c1817	Zanda funerea	Catalogue of Life names it; iNaturalist resolves it to the same taxon
e90d6923-e133-4f8e-8f8a-08838dce93f2	Calyptorhynchus latirostris	66c33e68-840a-4dc8-a6a7-b1f1fca255e9	Zanda latirostris	Catalogue of Life names it; iNaturalist resolves it to the same taxon
fbfab22f-c96d-4db2-89b5-6c7bff48d635	Camaroptera olivacea	137b2311-4d87-4ea4-a46c-c58ae600a37c	Camaroptera brachyura	Catalogue of Life names it
afb4f99b-7b52-4054-abb4-f9d64518ffff	Campephaga nigra	52509627-5623-4ee1-9ae2-b1d9d004edb2	Campephaga flava	Catalogue of Life names it
ae8742d6-be6f-446d-b566-8868d9159de4	Campylorhamphus cardosoi	e228b6b5-7951-4bb1-83ee-ce12bc566b14	Campylorhamphus probatus	Catalogue of Life names it
7dd287e5-fbaf-4dcf-b24f-c8e136098054	Campylorhamphus gyldenstolpei	057f2805-7be4-4ed7-98c8-cc221cf0cd53	Campylorhamphus procurvoides	Catalogue of Life names it
e5f87869-287a-4bbe-8933-6380bc04103e	Campylorhamphus pucheranii	d82d1b79-6e26-4be4-bb1a-9a95661c233b	Drymotoxeres pucheranii	Catalogue of Life names it
55091715-b9be-4fdd-84fd-bd4333246e0e	Canirallus beankaensis	0c7a7aac-d387-4704-9ded-1f100f919647	Mentocrex beankaensis	Catalogue of Life names it
872f3714-d27c-4f5b-a507-0416c18a239d	Canirallus kioloides	3083f99f-d08e-4d11-992a-a62e77c01364	Mentocrex kioloides	Catalogue of Life names it
d9635e65-0ffc-4dea-948c-6184ae21cf25	Capito lineatus	3eb9a642-30c5-41bd-a75b-59a4feb3a368	Psilopogon lineatus	Catalogue of Life names it
8d2f552f-4e35-4879-9e7e-5721ea43a01e	Caprimulgus aegypius	7f476c80-a448-4689-bca2-a385d61a771e	Caprimulgus aegyptius	Catalogue of Life names it
20f2eeed-29a2-4252-8998-5b1200787019	Caprimulgus novaehollandiae	4c811ff3-b8ff-45f5-a479-4f7d1b045902	Aegotheles cristatus	Catalogue of Life names it
1caf0209-c8ee-4d97-a005-7ff5a21fc672	Carbo albiventor	19d545cd-ec67-4110-a38e-9819f46ca1d0	Leucocarbo atriceps	Catalogue of Life names it
b0ad8f44-8baf-4c2c-9944-1c02dbfa627b	Carpodacus lepidus	1f20aa50-978a-4d16-a152-d59c1356c3ff	Carpodacus sibiricus	Catalogue of Life names it
3abbc4d7-ee81-4470-ab95-863ef03c1a7e	Cassicus vitellinus	5353532c-8854-495e-b260-13a54489f3eb	Cacicus cela	Catalogue of Life names it
1822838b-abf0-4810-998c-1cb8001d7110	Cecropis striolata	84daabfe-4fe9-4ac0-adb5-64deabd67649	Cecropis daurica	Catalogue of Life names it; iNaturalist resolves it to the same taxon
8d1fdab5-a571-4db2-a53d-6f8d7744bcee	Celebesia parvula	1b4d1cde-91de-40c4-a350-7c18a81c0f25	Coracina parvula	Catalogue of Life names it
5f35d83d-5ece-4ac9-855a-a6843e974607	Cepphus lacteolus	986b815b-32a4-4e3f-bded-0e0f0818a677	Cepphus grylle	Catalogue of Life names it
b10fcf91-0793-46b5-9212-1fa560213be6	Cercococcyx lemaireae	676a3d2d-c865-4604-849e-b3dafd249fb6	Cercococcyx mechowi	Catalogue of Life names it
9a55ac7b-2a5f-4a4d-99e0-065071f30080	Certhia afra	50306ddf-6d64-4bb2-9e79-1d33dab35cef	Cinnyris afer	Catalogue of Life names it
f525495c-1291-4f42-aaf2-0af040df998f	Certhia asiatica	de421f12-bb60-4e07-9eb2-4d83be24ed6f	Cinnyris asiaticus	Catalogue of Life names it
7ae71fc2-a481-45c0-ad33-46a6266eb091	Certhia chalybea	7792774a-5058-4cb2-807e-a90b5d1e0259	Cinnyris chalybeus	Catalogue of Life names it
d7efb6f5-bc98-4226-84c8-a96df8b521f5	Certhia chrysotis	7a34ddb6-6b58-458a-ae8f-dfb24d0d08e7	Lichenostomus melanops	Catalogue of Life names it
f6ca747a-bca4-4ecf-93ec-bf8500ad4b51	Certhia coccinigaster	9de0ce5a-7c1b-4c04-8fca-f712bbb05118	Cinnyris coccinigastrus	Catalogue of Life names it
2c9837ee-514d-458e-acc0-c07b6f46c995	Certhia cruentata	97723dcc-5cae-4cab-adc2-fc7018f0564d	Dicaeum cruentatum	Catalogue of Life names it
d17114f8-cb04-40d9-be5c-775fe7730e27	Certhia erythronotos	97723dcc-5cae-4cab-adc2-fc7018f0564d	Dicaeum cruentatum	Catalogue of Life names it
82b1c708-f5a6-4308-aa79-1ba269dccfca	Certhia erythrorhynchos	490d0eba-7322-4b4a-876c-c25988247f4b	Dicaeum erythrorhynchos	Catalogue of Life names it
82fd2cc2-ba3b-46c0-b4f3-5e1392653172	Certhia famosa	be220a5d-2dee-4d60-a567-6ff89b84c8fe	Nectarinia famosa	Catalogue of Life names it
09bcfe1a-0a9c-4dbe-8b81-bbc7d9f5dd05	Certhia leucophaea	ff89f0ec-0fd7-450f-8aec-f031f95af05d	Cormobates leucophaea	Catalogue of Life names it
8df24635-c625-4a23-a62f-3a5e5f4d2c7e	Certhia longirostra	cfeae830-2471-446d-a687-cff75349b099	Arachnothera longirostra	Catalogue of Life names it
1bf92d88-9fbb-479d-9acf-08ff822592f3	Certhia lotenia	cb5225f2-4f21-4646-a9d0-1aec7b3f3acc	Cinnyris lotenius	Catalogue of Life names it
1b626433-64d5-4964-ae69-7ca1742f8fac	Certhia pacifica	d26dbf58-e60c-48bd-8f57-7ff0fa253aaf	Drepanis pacifica	Catalogue of Life names it
48c154db-94fb-4b86-ad1f-a22755854b58	Certhia palustris	1a9b8483-1c39-475b-b44b-37e5a8ee4d76	Cistothorus palustris	Catalogue of Life names it
f075e4e2-d98f-4eeb-9ff3-e1c2aece77a8	Certhia pulchella	41c14f6a-21ef-48aa-8f08-639307737629	Cinnyris pulchellus	Catalogue of Life names it
feb49ddd-2c18-44b9-9e8c-3fc067df8f0f	Certhia senegalensis	f7cc496e-0bbc-442b-a625-38cb5fc0d532	Chalcomitra senegalensis	Catalogue of Life names it
ad789b41-8ca6-43c1-857e-8a64f8345399	Certhia sperata	3dc6c7bb-6376-4eef-b5f9-7034d1a83a66	Leptocoma sperata	Catalogue of Life names it
b3a5903d-ced4-4313-a89d-565fe7d00577	Certhia splendida	9de0ce5a-7c1b-4c04-8fca-f712bbb05118	Cinnyris coccinigastrus	Catalogue of Life names it
0c924cf8-61f0-4598-bb48-f26684385829	Certhia trochilea	cfcbcd2e-1d87-4460-9c05-65d53d2666f4	Dicaeum trochileum	Catalogue of Life names it
f8544015-983e-49c4-ba6f-d7573ceec45d	Certhia venusta	72cb3d41-3837-4e4b-81b8-5dfa5757bdc3	Cinnyris venustus	Catalogue of Life names it
20059ccf-dc27-4938-96cf-1ff4947a87e2	Certhia verticalis	8d883e80-ddb3-4a18-8f75-5b9b8744ff65	Cyanomitra verticalis	Catalogue of Life names it
cb58bdb5-2fe7-46e3-8c2d-9aab35b609eb	Certhia violacea	ed04a20c-e220-4d91-890c-89703b2d0376	Anthobaphes violacea	Catalogue of Life names it
d2c9eb7d-1ee0-47c9-8488-d1076f6154fc	Certhia zeylonica	bcae9519-2f09-4982-9ca8-c07637fd7449	Leptocoma zeylonica	Catalogue of Life names it
330dfe48-802b-4099-b548-a48656545e03	Charadrius cristatus	a7056728-409d-46fb-ae3e-5c95978be813	Vanellus spinosus	Catalogue of Life names it
3fb58519-863a-4ab8-b24b-ff5d9605eed1	Charadrius gallicus	a9ceecbd-aeed-4a1e-927e-71a15efa39bb	Cursorius cursor	Catalogue of Life names it
9fad5da9-9c5b-4bf5-975f-4cfa5a263119	Charadrius magnirostris	30b3d6d8-94d5-4a1a-b84e-c1cd948fb602	Esacus magnirostris	Catalogue of Life names it
a0947a46-8568-4f54-9715-b4702c822517	Charadrius pluvialis	059798d1-8870-463c-b721-2e9f236ea487	Pluvialis apricaria	Catalogue of Life names it
5c473d03-2f07-42e1-9e1d-3b5f1d48d24b	Chloropicus abyssinicus	c25860b0-47be-4df5-9dcf-b5db484e4f84	Dendropicos abyssinicus	Catalogue of Life names it
5a5c44ef-0651-4542-94bf-1b75750fce49	Chloropicus elachus	dd9cb889-ee65-4907-99a2-12c20c3ce360	Dendropicos elachus	Catalogue of Life names it
9f47d080-78b5-4ac7-aef0-0188d83cb422	Chloropicus elliotii	23fba2bd-5310-43a3-acdc-84eec1238b28	Dendropicos elliotii	Catalogue of Life names it
7aaf589e-0d86-4be9-8ff1-99a331e0afca	Chloropicus fuscescens	c378dbfe-bd8d-4ed2-990a-0629babe9241	Dendropicos fuscescens	Catalogue of Life names it
7ee9957f-21dc-4a57-a0cf-3ddb12da64b8	Chloropicus gabonensis	a73db351-7ee0-4ca9-9b24-48cb52404dc3	Dendropicos gabonensis	Catalogue of Life names it
2cfd82bb-c8f1-42af-bbbe-683cba5c4d4d	Chloropicus goertae	ec0b38d8-89fb-4669-803e-ff4a2ebf38cc	Dendropicos goertae	Catalogue of Life names it
92b91058-9be3-4e7e-a158-15eff4928e07	Chloropicus griseocephalus	90a2f99f-583d-42e7-9698-f529b0e0834d	Dendropicos griseocephalus	Catalogue of Life names it
b846f19d-94f5-4865-a584-78f8770f9417	Chloropicus lugubris	f58f1cc6-3982-45cf-b2be-924f110418a3	Dendropicos lugubris	Catalogue of Life names it
fd90cfd0-04b2-4020-aaa8-b765994d9992	Chloropicus obsoletus	f8dd465a-c25a-42e0-95b3-4e5ce81f6a2e	Dendropicos obsoletus	Catalogue of Life names it
776da52f-1550-4c01-912f-73c43f71fc05	Chloropicus poecilolaemus	83d8f397-a2fe-4772-8e1c-1411c540c8d8	Dendropicos poecilolaemus	Catalogue of Life names it
52e78c5c-b795-40e5-a2ac-098db2228279	Chloropicus spodocephalus	dd12bab9-eab1-4bc3-9933-b5f2c54d6f04	Dendropicos spodocephalus	Catalogue of Life names it
57802128-314f-4325-aeae-3ca5e2954a75	Chloropicus stierlingi	d05bcdc4-8b61-49aa-81bb-ed089cf8865f	Dendropicos stierlingi	Catalogue of Life names it
51310ea9-5aff-4f22-a2be-261f8c25a478	Chlorura hyperythra	e0bab5bf-cd87-40dc-8382-cfceef4adc2b	Erythrura hyperythra	Catalogue of Life names it
b7f494c0-5aba-4b88-81cb-112948cfdb12	Chrysococcyx meyeri	4f32d4d5-bdfb-4d73-88a6-11b7657fa50b	Chalcites meyerii	Catalogue of Life names it
e42f306a-159f-4858-8be2-65dcf08784f6	Cichlopsis chubbi	07fb97ec-d842-4999-b1a3-5dfe5f176919	Cichlopsis leucogenys	Catalogue of Life names it
8a134dc7-13a9-4d61-a07e-85982d7aa06a	Cichlopsis gularis	07fb97ec-d842-4999-b1a3-5dfe5f176919	Cichlopsis leucogenys	Catalogue of Life names it
2abaad33-464f-471e-b6d7-0f499bb38e34	Cichlopsis peruviana	07fb97ec-d842-4999-b1a3-5dfe5f176919	Cichlopsis leucogenys	Catalogue of Life names it
56fb0ede-aeb2-42fa-af48-c4eb6c3b0a4f	Cinclodes espinhacensis	90916ed7-c597-4583-9c84-9bc51405a0b8	Cinclodes pabsti	Catalogue of Life names it
59536b23-d04e-4e03-ae97-ea111a91d338	Cinclodes maculirostris	0c7ab85b-663b-4ee6-a114-80cf3cfc9d6e	Cinclodes antarcticus	Catalogue of Life names it
483897cf-e0fa-4fef-81cc-d8785b0d0cc9	Cinclus hydrophilus	b006b9c5-2d7c-4990-9649-372b19181942	Cinclus cinclus	Catalogue of Life names it
6c8ecd1a-76f2-4d4c-8bf0-359180b2f395	Cinnyris whytei	8641b3f2-6b70-47f3-8650-9e4c4f9a3551	Cinnyris ludovicensis	Catalogue of Life names it
3591c355-623c-4c72-b39e-aef61d52060c	Cissa katsumatae	3048a0ef-5868-4ac7-9dfb-557dee721e14	Cissa hypoleuca	Catalogue of Life names it
c5bf04d1-b8db-4ed8-addb-c0f10726432e	Cnemophilus sanguineus	44501c76-4dce-4e6c-ab28-feab358c0efd	Cnemophilus macgregorii	Catalogue of Life names it
632c026e-1769-4a01-b8db-aa8bfe7d6e47	Coccyzus erythopthalmus	9b6e7752-4519-4e07-909e-43759a2b4fc5	Coccyzus erythropthalmus	Catalogue of Life names it
346c0218-ffe9-4597-8aa4-224759971e09	Coeligena albicaudata	ec282ccb-50d9-437d-8495-e33ae27fb542	Coeligena violifer	Catalogue of Life names it
bc58f03e-d0a1-4f04-8a78-558a65b794fc	Coeligena eisenmanni	0a4d5639-515f-486d-b072-38bea20324a2	Coeligena torquata	Catalogue of Life names it
0690144f-a176-453f-ac91-249b43cc7017	Coereba luteola	e18b6375-ffc8-4eb7-9bf4-a669b2ae189a	Coereba flaveola	Catalogue of Life names it
bed0ddeb-f37c-4743-88b7-16d0eb7ce7e9	Colaptes cinereicapillus	1d80eeb8-1c9c-42cc-810f-c236a0ae7a52	Colaptes rupicola	Catalogue of Life names it
58528077-9b50-49c1-81f3-dd471dd07706	Colluricincla cinerea	35fee194-5ead-49a5-98ab-57770e07f07f	Colluricincla harmonica	Catalogue of Life names it
21c5ca5b-eb9f-4cb2-a4eb-8b4c90f39e6f	Colluricincla discolor	e6925b84-caca-4de1-a8b3-c8aad53501ca	Colluricincla megarhyncha	Catalogue of Life names it
e9bee304-4696-4cc1-8bf4-e87b1adc1066	Colluricincla ferruginea	b23dd04e-f81a-4ad2-91d0-90c5ae522ae7	Pseudorectes ferrugineus	Catalogue of Life names it
7420e910-8fa3-4bda-8fe1-f5dd61106b16	Colluricincla incerta	6471507d-dbab-4879-9e63-77043fb224dd	Pseudorectes incertus	Catalogue of Life names it
74c3f497-950b-44ec-be1c-efc108a9ca8c	Colluricincla rufogaster	e6925b84-caca-4de1-a8b3-c8aad53501ca	Colluricincla megarhyncha	Catalogue of Life names it; iNaturalist resolves it to the same taxon
e83aa2c3-18f9-485c-a58b-f82e44134212	Colluricincla tappenbecki	e6925b84-caca-4de1-a8b3-c8aad53501ca	Colluricincla megarhyncha	Catalogue of Life names it; iNaturalist resolves it to the same taxon
19ba898d-4c94-4479-86db-d3058e6c1a0d	Columba afra	abbdb68c-6b86-4a5e-b9d7-516e53cc0f1c	Turtur afer	Catalogue of Life names it
01fa7519-ac25-4ba6-94d9-11c8c229d753	Columba cucullata	6c6c19cf-627f-4c21-8207-7db9951fcdf1	Raphus cucullatus	Catalogue of Life names it
247df4b4-bc60-4f04-9d99-d41e19d0e2cc	Columba domestica	2d3f400f-5d66-40fc-994a-72fb428c1446	Columba livia	Catalogue of Life names it
a53fe96d-2b10-4dc6-9d3a-648e53bab235	Columba gutturosa	2d3f400f-5d66-40fc-994a-72fb428c1446	Columba livia	Catalogue of Life names it
bbeee4e8-bca6-4697-a364-35b06ce3869c	Columba hispanica	2d3f400f-5d66-40fc-994a-72fb428c1446	Columba livia	Catalogue of Life names it
fcf2f731-9878-430e-8a2d-e61cd8e13c76	Columba hispida	2d3f400f-5d66-40fc-994a-72fb428c1446	Columba livia	Catalogue of Life names it
6bdc30c9-e0c4-4426-a5b9-e3b9fce62af7	Columba tabellaria	2d3f400f-5d66-40fc-994a-72fb428c1446	Columba livia	Catalogue of Life names it
b477327f-525d-4487-9602-e6c9855203fe	Columba tremula	2d3f400f-5d66-40fc-994a-72fb428c1446	Columba livia	Catalogue of Life names it
d069e96b-d544-4280-a8e5-dce7aa9339b6	Columba turbita	2d3f400f-5d66-40fc-994a-72fb428c1446	Columba livia	Catalogue of Life names it
f6857646-295a-4218-a9c0-de4c5259c0b0	Columba venusta	384385b8-7194-4e07-9a01-df81203b6f1e	Uropelia campestris	Catalogue of Life names it
a137cb64-a6ab-4f66-ad03-64feee025ae7	Columbina griseola	1dfec391-e2fc-4c8a-ad51-5ac0b699a99b	Columbina passerina	Catalogue of Life names it
5610d636-130f-48a8-bfd5-539a17c6ed6a	Columbina strepitans	1c12af54-0357-4aea-97f5-2bc805b3d420	Columbina picui	Catalogue of Life names it
7f9d890e-195d-4768-b346-d9683bd05a82	Coracias caffra	6667bf23-15ff-46eb-92b2-ee0c71c9e1c9	Onychognathus nabouroup	Catalogue of Life names it
d2541ceb-fe2a-4d71-9d67-1fd2a3c4d506	Coracias chinensis	fb0c24a3-b31a-44c2-b0cd-8256061dd405	Cissa chinensis	Catalogue of Life names it
8ffb6f03-b4e7-46be-8399-caf106e2323a	Coracias indica	99403841-3f5d-4cac-9b8c-ded9a4d9c43e	Coracias benghalensis	Catalogue of Life names it
59f020e2-d22d-4752-8b13-528b69e1d3b8	Coracias militaris	20ff4858-f55c-49e3-80a0-dbb5a1e3272e	Haematoderus militaris	Catalogue of Life names it
b2f24e09-563d-489b-87d9-f1f1da7cae71	Coracias puella	9db7445e-946c-4076-827b-22399548f1b3	Irena puella	Catalogue of Life names it
e563c589-5bb3-4106-8c34-4bc047b9f6bb	Coracias sinensis	fb0c24a3-b31a-44c2-b0cd-8256061dd405	Cissa chinensis	Catalogue of Life names it
d0833a47-f7f4-40d1-9c0c-6ccc29e33fb5	Corvus adsimilis	436c9d66-e109-496a-bdc2-acacbfec5f73	Dicrurus adsimilis	Catalogue of Life names it
34ea0893-d139-4edf-bf07-adefc97fb0f1	Corvus brachyurus	01c3c490-567b-4a29-b1b4-3023e71dc3f7	Pitta brachyura	Catalogue of Life names it
664c09f1-dcf0-4a51-9857-200662c7573f	Corvus calvus	33bb3da9-b356-4134-a4ca-f69250868feb	Perissocephalus tricolor	Catalogue of Life names it
38ce2f56-4b4c-4a70-953f-d126593aedaa	Corvus caurinus	6b89b53f-03d1-420d-978e-fb74fdb2514d	Corvus brachyrhynchos	Catalogue of Life names it
cba1e2cf-96cd-4906-90d0-f3fa7ba221c1	Corvus cyanoleucus	54f4102a-5907-4b5f-a6d0-54db15d51019	Grallina cyanoleuca	Catalogue of Life names it
fa95ff38-655e-4cf0-b0b7-cd13a8487bb9	Corvus cyanopogon	4a401c19-de22-4399-940a-e2b4a4583588	Cyanocorax cyanopogon	Catalogue of Life names it
6fb93bd2-219a-42d3-a087-f63c25bdf56e	Corvus hottentottus	e6241db3-e51e-49bb-9eef-9008f7391141	Dicrurus hottentottus	Catalogue of Life names it
a0131755-d50a-40f8-8e44-115f8948b35b	Corvus marianae	ddf98e29-82ec-4af8-a787-f6d951154db7	Corvus coronoides	Catalogue of Life names it
2ea599f9-ebf6-49ef-bd53-6ed5ea55aaa9	Corvus montanus	4567c3cc-e2bd-4932-a26c-ea0dc5140851	Corvus corax	Catalogue of Life names it
d6b59b23-ad7b-48bb-8ea6-5fdb164b31c5	Corvus nudus	01e8668c-b616-4389-823f-f664794494e0	Gymnoderus foetidus	Catalogue of Life names it
71bd2433-9b0f-415b-9528-5b074d13d550	Corvus osai	59ba3119-047b-406b-89e1-0dde0735f7a5	Corvus macrorhynchos	Catalogue of Life names it
988aac8a-cf2d-498f-a83f-097295368916	Corvus papuensis	91cc8ff3-6e10-4449-a8d0-4bf64e913d27	Coracina papuensis	Catalogue of Life names it
f81d95e3-e4de-4630-ab28-e72b508f5044	Corvus paradisi	b8b66ddc-4d4e-4f12-bcf0-6d3cb72521a2	Terpsiphone paradisi	Catalogue of Life names it
19e57592-42bc-4fe5-ae8d-463ac3433a62	Corvus pectoralis	ed44456e-226a-43f1-8acc-c4813b6c1f19	Corvus torquatus	Catalogue of Life names it
05d4c284-6b71-4142-beef-bd70812f222f	Corvus pileatus	32510755-d448-464a-81b1-dee654fd1bc2	Cyanocorax chrysops	Catalogue of Life names it
00eff520-edb3-4530-ae64-0bf33000a299	Corvus varians	f7408c49-e2e4-4e85-9326-e73650dece3e	Crypsirina temia	Catalogue of Life names it
603252c6-137a-4e25-96cb-632fd924af39	Corvus varius	4567c3cc-e2bd-4932-a26c-ea0dc5140851	Corvus corax	Catalogue of Life names it
822960fa-f682-4970-8f90-5617dd05dc64	Coturnix communis	03eaa7a0-a98a-4d20-b405-49c715e4fee5	Coturnix coturnix	Catalogue of Life names it
c62a3423-936e-4725-9a09-5225b50ec366	Coturnix excalfactoria	2ccf5dc2-c790-44e0-94e0-120ef9d51e7e	Synoicus chinensis	Catalogue of Life names it
dad1cead-9174-433f-978b-c5c6fbcc34b1	Coua pyropyga	37556895-4306-42fe-9dbd-c5a823550f15	Coua cristata	Catalogue of Life names it
c0b55c9c-08ab-4cae-8a43-13d8b8b4003d	Cranioleuca baroni	96b720dc-5d2a-4444-a9f6-b15ea6222ff7	Cranioleuca antisiensis	Catalogue of Life names it
97bbab4b-64d8-4a68-91eb-3cc810df1177	Crax globifera	a13311b4-c3fc-4fa9-b45f-1f5d9582c610	Crax rubra	Catalogue of Life names it
9918a480-8e6f-4a24-b85a-b4d4cc5a3ae8	Crax nigra	280b0a91-e194-46cf-b89f-903d3ac1f3a3	Crax alector	Catalogue of Life names it
eeda624f-6bc3-4d24-9710-5f98bab6b178	Cuculus cafer	06a4fa58-6522-43ef-ba52-791fef43fa67	Cuculus clamosus	Catalogue of Life names it
9fcd1e92-32f7-4367-a042-6d836deed5d5	Cuculus indicator	834ddd5e-d093-4436-9684-a683969bb0fa	Indicator indicator	Catalogue of Life names it
5f70f56c-2bd1-4577-b93b-27cc4a91c0d2	Cuculus madagascariensis	7fbfcc07-2ada-451b-ae4c-27e2c56c3131	Coua gigas	Catalogue of Life names it
857f6961-b581-42cb-bc79-33920c3349dc	Cuculus niger	ea5c16c3-9a31-4f66-8fd0-b3114b5c27f6	Monasa atra	Catalogue of Life names it
afffef44-7e68-4325-8f4e-9f30e38b7b91	Cuculus paradiseus	be4a5302-b5e1-4710-9786-54700f9f20a3	Dicrurus paradiseus	Catalogue of Life names it
e7f232f7-c6ef-498c-81ec-e8c268e5d363	Cuculus persa	dbbd61a9-93df-4d69-9257-8a18f1dad5a9	Tauraco persa	Catalogue of Life names it
58c536cb-7240-4f1e-9f20-1b09d7076cc1	Cuculus tenuirostris	79e423b4-6c06-407b-88cd-dafdcee9ba00	Cuculus lepidus	Catalogue of Life names it
d84ce0eb-bf1c-4104-b1dd-b680ed12dffc	Curruca minula	91b4f9c5-bd42-44e7-8f57-762c974a4c30	Sylvia curruca	via a synonym
1e58782e-5e61-479d-babc-520418cd3adf	Cyanecula obscura	ecb3a1f1-01b5-442d-83e2-4638e3c184e8	Luscinia svecica	Catalogue of Life names it
79680acb-1748-4dab-8ee4-d5ec89fe32be	Cyanocorax coeruleus	dfb4afd1-72fc-41ce-b90a-67fabab84f51	Cyanocorax caeruleus	Catalogue of Life names it
720dfe48-6782-4b37-bb2c-0e16097bd45f	Cyanocorax hafferi	5ff2f5b2-5ad0-4b37-bf8e-5688e470b64b	Cyanocorax heilprini	Catalogue of Life names it
31600349-f9f9-4af7-a360-03da97a3fe90	Cyanocorax ortoni	001d4409-2126-4cb8-89ea-7dac773dae85	Cyanocorax mystacalis	Catalogue of Life names it
077bc5b4-9798-492c-be12-a22c2d755a99	Cyclopsitta coxeni	1191eeed-91ec-45a5-8539-18c6dd426f73	Cyclopsitta diophthalma	Catalogue of Life names it
5942941f-4e6c-4d2d-80a2-6e47fbc6cf73	Cymbirhynchus affinis	266c77aa-739c-4c82-bd29-80c26eb76da3	Cymbirhynchus macrorhynchos	Catalogue of Life names it
c5ca03ef-bf56-4bc7-befe-cfe83790e1b8	Cyornis cyanopolia	8093bfda-5da0-480a-8fd2-29a4dd583393	Cyornis unicolor	Catalogue of Life names it
0afd01da-1472-41e0-9d44-da49ab11bcf0	Cyornis harterti	8093bfda-5da0-480a-8fd2-29a4dd583393	Cyornis unicolor	Catalogue of Life names it
8ac1da78-8563-4b83-a7c9-958fe50a4d04	Dasyornis australis	906315fe-38fc-4253-a7a7-042f938459a8	Dasyornis brachypterus	Catalogue of Life names it
1d9917d2-4433-4226-aed1-d83550686b03	Dendrocolaptes punctipectus	853bc4c1-9bb0-41dd-a373-408eaba29bde	Dendrocolaptes sanctithomae	Catalogue of Life names it
356cd94c-88a1-4623-afea-8179a9db452a	Dendrocolaptes retentus	df456e40-4f00-45bd-a31f-d603e42e04b5	Dendrocolaptes certhia	Catalogue of Life names it
85e42c5d-9d97-4099-a16a-befe9b072f95	Dendrocopos ramsayi	62a2f15f-2cbe-4fd7-913f-456f81a978e7	Yungipicus ramsayi	Catalogue of Life names it
89c26f9f-d2c4-4653-bdde-c4feb2f392c0	Dicaeum ignicolle	bdaa6e23-81e8-40f5-b77a-9a0043a94312	Dicaeum hirundinaceum	Catalogue of Life names it
6ce3c8e1-d02c-44e0-9b04-98c4b3467868	Dicaeum misoriense	19ca5070-d523-4e79-a4e8-de2eced914f9	Dicaeum geelvinkianum	Catalogue of Life names it
8ded57c9-6cbf-444e-bde2-e489758a4c9f	Dicrurus ater	c9fdb2e8-d779-455f-932e-1c098247e417	Dicrurus macrocercus	Catalogue of Life names it
d0aa661d-1d87-4626-8f6e-5ba25ce85c7c	Dicrurus cathoeca	c9fdb2e8-d779-455f-932e-1c098247e417	Dicrurus macrocercus	Catalogue of Life names it
b95f5eac-21be-49b1-a715-acd5ca9011c2	Dicrurus elgonensis	b5469ba0-28a9-4636-afcf-d326fe96f902	Dicrurus ludwigii	Catalogue of Life names it
a081bf29-45ba-4a20-aa10-8359e7756d9a	Diglossa pectoralis	feeac170-873d-480f-bd1a-278062c3e419	Diglossa mystacalis	Catalogue of Life names it
c198ff85-1c16-4838-970c-91210f31625d	Diomedea gibsoni	28888d82-d3a9-456a-b83d-298520c8c807	Diomedea antipodensis	Catalogue of Life names it
2d54ff03-34a1-4cc0-9000-17ef9fe19093	Diomedea leptorhyncha	9c718c83-3ae8-4486-b7e1-de18414f6a29	Phoebastria albatrus	Catalogue of Life names it
25d917a7-a739-447e-b12a-de1e8b7e3d03	Dives warszewiczi	caafc81d-9806-4ec6-b164-28de118741bb	Dives warczewiczi	Catalogue of Life names it
7a6d86d2-0960-4e3d-868f-1a3b47bd8a2f	Drymophila variegata	2d4bb319-19c0-4ab6-ac88-1ad90a385eb1	Drymophila ferruginea	Catalogue of Life names it
9411f5d9-5ceb-48a5-9845-42934412441e	Dryobates medius	1829d1f6-1811-465d-b781-c1218a623e21	Dendrocoptes medius	Catalogue of Life names it
a857c310-3be6-45e2-919b-14ebb19dcfdb	Dyaphorophyia concreta	fe9e8aed-e837-4811-adbf-0fd6527bf3f8	Platysteira concreta	Catalogue of Life names it; iNaturalist resolves it to the same taxon
ef952d5b-0844-4851-bcd4-3779c2d01909	Edolisoma melan	905ce2a2-a08d-4067-8212-eff09208ceb5	Coracina melas	Catalogue of Life names it
a9102d4b-1b9d-4c91-b13b-7974f8880ae7	Elanus caesius	0d2f6c38-0914-4dfa-b7c5-83f291ca04d8	Elanus caeruleus	Catalogue of Life names it
995c28bf-b3b1-49e1-859d-f2e2e1cb86c5	Emberiza paradisaea	4d389dc3-5753-4789-9a09-c6edd44f6ac6	Vidua paradisaea	Catalogue of Life names it
9825f24b-86b9-48e7-a530-c44ed6dd9b10	Emberiza regia	d3140a9a-e66c-42a6-9f75-33b1d62df095	Vidua regia	Catalogue of Life names it
f9597116-5c3d-4e3e-8ba6-5e0b4961640e	Emberiza vidua	6d2934b6-a758-461d-b3f0-2799709e8265	Vidua macroura	Catalogue of Life names it
feeb85e4-a924-4378-b5f8-6a6cdd4f2b96	Emberizoides marginalis	7a94ffa7-0f34-480f-bf42-20713d923922	Emberizoides herbicola	Catalogue of Life names it
6c1e60d4-27aa-45ac-a540-b9c27833334b	Empidonax occidentalis	d407c4a0-2632-44af-a416-b0ae59155c03	Empidonax difficilis	Catalogue of Life names it; iNaturalist resolves it to the same taxon
b7b554fd-8ed4-4939-909d-620bb0e878eb	Enicurus coronatus	347764d5-dccf-4f3f-ba4d-ee4f43ccda7d	Enicurus leschenaulti	Catalogue of Life names it
74fca736-9074-4f11-a821-1f1f323ae0b8	Epinecrophylla fjeldsaai	79fe5aa2-43f4-420b-a122-df84b85db1fb	Epinecrophylla haematonota	Catalogue of Life names it
9983710a-8ef1-4a53-a05a-b20f57ea6ee3	Epinecrophylla hoffmannsi	bc45e6fe-5841-4ec5-9c29-e0cb13f63391	Epinecrophylla ornata	Catalogue of Life names it
9c2f5da2-de05-4f41-93e0-19eeb7b47fc3	Epinecrophylla pyrrhonota	79fe5aa2-43f4-420b-a122-df84b85db1fb	Epinecrophylla haematonota	Catalogue of Life names it
ce4a6535-0c37-4e23-a367-62b974817b4f	Estrilda cinderella	44060edf-4b46-465f-a167-220eeca09aec	Estrilda thomensis	Catalogue of Life names it
a91e4da0-c895-4891-b326-9234e11a88c7	Estrilda coerulescens	7dc18450-ae69-4e75-be30-2b963fa1ae5c	Estrilda caerulescens	Catalogue of Life names it
3ab62f34-ba48-4942-bdc1-a4440f489b65	Estrilda incana	a55fd0f8-8339-44fb-85c2-8db3190eda0e	Estrilda perreini	Catalogue of Life names it
32f9121a-647a-42c9-baeb-a73a00cdcfc9	Eubucco aurantiicollis	d115653c-66ad-43a3-9597-8e71d3ee6ba2	Eubucco richardsoni	Catalogue of Life names it
5897a821-bd51-47c8-a843-b8ac2f96ebfc	Eudyptes atratus	e151ccfe-54cc-4b92-aad7-a90d2fd9f497	Eudyptes robustus	Catalogue of Life names it
81cfdc4a-6bbf-4cbc-85ac-5a7ccfabbaad	Euphonia olivacea	f2681eb6-8b6e-4039-901a-6d1a595e9a65	Euphonia minuta	Catalogue of Life names it
ca8df2ef-6098-4892-97db-d063a29b732a	Eupodotis rueppellii	d331a87e-4157-40da-a053-b6591945912f	Heterotetrax rueppelii	Catalogue of Life names it; iNaturalist resolves it to the same taxon
4d8af206-985c-457b-8f5d-32da35d04501	Eurylaimus corydon	2e4e854d-db1b-41eb-b109-022c250023cb	Corydon sumatranus	Catalogue of Life names it
c902a4a3-693a-4be1-8527-6e0a9658a014	Falco albidus	fc6092ea-6137-4079-a0d4-1f8a250c8494	Buteo buteo	Catalogue of Life names it
e4f25d88-bb2a-49f3-9e15-6253f55b9a92	Falco axillaris	4547049c-ffd7-416b-800b-e82d5a64a600	Elanus axillaris	Catalogue of Life names it
4ae8c462-a40d-440c-abd5-a15d7df0c11c	Falco bellicosus	ef667bb0-31cd-4132-b332-f718f976be04	Polemaetus bellicosus	Catalogue of Life names it
12c4c6b5-6815-4e29-bfbb-dc0856d987a1	Falco bido	556130f5-a45d-4c8e-895e-d59b7fc9f32e	Spilornis cheela	Catalogue of Life names it
a3ea555d-6bfe-4ac8-8161-a067690be9fe	Falco canadensis	895883c6-6b55-4668-88ce-c1e59f365afd	Aquila chrysaetos	Catalogue of Life names it
ba6944ab-8803-478d-a8b9-f46b4dd5e4e3	Falco coronatus	24326e55-8928-479f-837d-cf45ccec27fa	Stephanoaetus coronatus	Catalogue of Life names it
a7cbf9e4-cc02-47a7-b3e6-c26ec93cc986	Falco gabar	0cefab9d-c21b-46c4-9741-4368a6174bce	Micronisus gabar	Catalogue of Life names it
6be6a3c4-1223-416b-bd49-0c155a76af76	Falco gracilis	abddc3d7-60f7-4f3b-9313-623652178701	Geranospiza caerulescens	Catalogue of Life names it
d62966f5-6b32-412a-9fa2-80d0abae3fda	Falco lanarius	088629a9-84ef-4587-9e99-d9eb94098857	Falco biarmicus	Catalogue of Life names it
c074162c-a043-4e21-9e08-5a64e43ba8e0	Falco limnaeetus	d56db00f-f458-43dd-b34f-7efbb166c733	Nisaetus cirrhatus	Catalogue of Life names it
158f632c-be2c-4561-9fe9-e0f68ba3219c	Falco parasitus	7d144b8c-eaab-4341-bf00-27e26e628d35	Milvus aegyptius	Catalogue of Life names it
030f3a44-851d-4273-91ad-7bf1b11255b6	Falco piscator	bb873dc2-084b-45a3-8c88-68e97a78d254	Pandion haliaetus	Catalogue of Life names it
c40d640f-5977-4150-8657-1196b929516d	Falco ptilorhyncus	a682dccf-440d-4576-b374-a5e439acbe88	Pernis ptilorhynchus	Catalogue of Life names it
7a4980a3-b5ce-4218-9e24-40bdfa48babe	Falco radiatus	dea3e5c7-5d6f-4240-b5d5-5e0c7ab7aa45	Erythrotriorchis radiatus	Catalogue of Life names it
d9b52413-7191-47c5-a294-826ffb68d4e4	Falco ranivorus	968d6155-3e82-4b0b-9a48-567ec8e8fc62	Circus ranivorus	Catalogue of Life names it
3fdfea03-0cdf-42ff-9683-dd0f4c25f652	Falco readei	2a8d2d0e-4690-43b6-a83b-f954df9673bc	Milvago chimachima	Catalogue of Life names it
60bf9285-6f3a-4044-8b6b-f84cf0bdf9d7	Falco serpentarius	44e5e7dd-d9cc-492a-b94b-d61997e8c32b	Sagittarius serpentarius	Catalogue of Life names it
174e977f-aa27-47da-bce3-ad75596bd1f7	Falco sufflator	1565ee0f-0a4e-4062-822b-5a7905dd5f1c	Herpetotheres cachinnans	Catalogue of Life names it
2e74dd82-6568-4040-814c-2b73a27fccb6	Falco torquatus	4eb8c109-4115-44d1-9df9-ac941837ade3	Circus cyaneus	Catalogue of Life names it
996fcff6-8225-424b-9009-0182fd60aac9	Ficedula sordida	9698499e-7edd-4064-9d16-565c53f960dc	Ficedula erithacus	Catalogue of Life names it
842bf096-5608-47f5-b4a0-7cabe2586bbe	Formicarius cayanensis	930c06dd-67ed-4845-8e87-f6670f669eeb	Formicarius colma	Catalogue of Life names it
e8be6407-6c16-4433-bde8-c328630238a5	Formicivora nigricollis	4dbc5076-5bd1-4792-9f8e-db788de03009	Formicivora grisea	Catalogue of Life names it
75fcf6c5-d3ca-4861-a06e-99812240c53b	Foulehaio taviuensis	fec3cf87-71e2-4569-8efa-1a9213619947	Foulehaio taviunensis	Catalogue of Life names it
e275ca0f-361e-47da-92a5-8ba78b396ab7	Fringilla angolensis	b7153026-75fb-4e59-b4cf-44320da6e003	Uraeginthus angolensis	Catalogue of Life names it
5f847d7e-5fea-4405-ab23-b99d3c121f8c	Fringilla formosa	34bf2742-2167-4980-ab2f-1dc19d1e0b51	Amandava formosa	Catalogue of Life names it
d0a191d9-b9ce-4bfc-a44d-29338d8aa88e	Fringilla granatina	eac5811b-4afa-44d6-9bf0-1353188d61b3	Uraeginthus granatinus	Catalogue of Life names it
474dbde6-3369-4d92-9518-ba6f062399b4	Fringilla tricolor	e3164c23-131d-4d20-8695-d2a6c98ecf3b	Erythrura tricolor	Catalogue of Life names it
38b18de4-6eb9-4dbd-a553-7703518009f2	Fulica caribaea	fb2ad210-512e-49d0-b5ac-52ac1c78e32f	Fulica americana	Catalogue of Life names it
8b2d0d87-248c-46b1-8a47-e86761fb5f6d	Galbula chalcocephala	74e8f676-a7fc-4385-ac9d-fa4c768fc84c	Galbula albirostris	Catalogue of Life names it
6bde705f-60c0-4b2e-9496-bd7faf69b6d2	Gallinula javanica	7fe796b5-f746-47cf-80c3-d40f4218fdd6	Amaurornis phoenicurus	Catalogue of Life names it
be151476-2341-4ae2-ae4a-f28707abd726	Gallita tricolor	ce3dbc69-7681-4cf0-bc60-71ae372d3142	Alectrurus tricolor	Catalogue of Life names it
9eca7964-159b-4816-8cdd-6bd4900fab95	Garrulus bispecularis	2d98d9c2-6e78-4b55-984c-24d0aa684685	Garrulus glandarius	Catalogue of Life names it
0c8bb26f-6b5c-4701-b5d9-b57811454a9e	Garrulus leucotis	2d98d9c2-6e78-4b55-984c-24d0aa684685	Garrulus glandarius	Catalogue of Life names it
290a3958-63d4-400b-9b8e-04d09c654f42	Gazzola unicolor	d580d715-713f-4466-aa03-edc3dfe7a3c4	Corvus unicolor	Catalogue of Life names it
386d8c0b-e212-47c4-b027-0cbfee5d0b10	Geococcyx variegata	35793282-08f6-4f6c-bbab-b48a9ac8a279	Geococcyx californianus	Catalogue of Life names it
77484c39-cdee-45eb-a8c0-5a81ed86813a	Geoffroyus hyacinthinus	60897ceb-3616-4e67-90fd-92dafae86a40	Geoffroyus heteroclitus	Catalogue of Life names it
62f501a6-628f-42f9-8e26-ad5d2950d99b	Geoffroyus timorlaoensis	e33e3b17-483a-4c42-bc51-0be5d04c37e4	Geoffroyus geoffroyi	Catalogue of Life names it
f66da7bd-ed77-48ac-90ee-555013bd8676	Geositta paytae	9e6114c8-1655-44f3-99e3-5d3897050573	Geositta peruviana	Catalogue of Life names it
3f3f48a7-693d-4500-8a0b-100beadb0f07	Geothlypis bairdi	1da48b65-c4d5-4826-bc31-ae1afd92be21	Geothlypis semiflava	Catalogue of Life names it
5325bfaf-c152-4b8d-ac11-f6ed30c442c6	Geotrygon indigotica	b69ff16b-228a-4c87-a8fd-8609ff6aec7d	Geotrygon purpurata	Catalogue of Life names it
9e29abec-46a7-4c32-89ce-782dd206c063	Glareola grallaria	64c069cd-2c13-4dff-b639-1344e60871db	Stiltia isabella	Catalogue of Life names it
e1a845c3-ce6b-4943-b816-22272b084e1f	Glaucidium californicum	0c07ab31-0598-4070-b65b-b3693ee5ec86	Glaucidium gnoma	iNaturalist resolves it to the same taxon
f9c97df2-6fd7-40b5-b963-81adc6085593	Glaucidium castaneum	e99eb286-a293-4162-9ae3-58d62b1f219b	Glaucidium capense	Catalogue of Life names it
545ba803-d9e3-4845-b51d-fad6d5d7540d	Glaucidium tucumanum	f694cbb1-275c-4aee-8301-573a4bccfb26	Glaucidium brasilianum	Catalogue of Life names it
385f8f15-917e-46aa-98f4-a62d7b9ffe31	Gracula barita	6b862cc8-3806-45d4-a9aa-48d1397dd15d	Quiscalus lugubris	Catalogue of Life names it
af4c75b4-6356-432e-be6c-2e8f7634461a	Gracula enganensis	c6720805-afbd-4906-b8ea-89b5d2d579fc	Gracula religiosa	Catalogue of Life names it
1e1233ec-abeb-4f62-ac53-f3de61d32986	Gracula picata	54f4102a-5907-4b5f-a6d0-54db15d51019	Grallina cyanoleuca	Catalogue of Life names it
09c62b9d-32ba-44cc-bb5c-1914d4e34fab	Gracula saularis	d5c52bbf-0273-4c23-abc4-737a6c353b18	Copsychus saularis	Catalogue of Life names it
e39b6598-aa38-4602-8bf4-b7e405e1610b	Granatellus francescae	7c0e5a9a-8e11-4790-9a13-b923b09cf604	Granatellus venustus	Catalogue of Life names it
5a605ac6-c921-4b54-978e-9720ce70df7c	Guaruba guaruba	7e0ba356-8824-4e36-b36a-d0c4e09b1e66	Guaruba guarouba	Catalogue of Life names it
afd2bf15-22e7-4823-aaca-8d77ddaf5a4a	Gubernetes cunninghami	09c10589-9f27-4907-b30a-f56081c2e83a	Gubernetes yetapa	Catalogue of Life names it
9629b384-1648-443b-8251-6ad94d643a00	Gymnobucco cinereiceps	af993591-3219-4d73-9df7-a5ba54d35a9f	Gymnobucco bonapartei	Catalogue of Life names it
e2ad5f08-4f46-403d-adaa-d66044639017	Gymnobucco vernayi	b20b7add-ab23-47f8-8bf7-45c4866e3b13	Gymnobucco calvus	Catalogue of Life names it
df03ab11-6e27-4b86-9a3d-ac8437a50149	Gymnornis dentata	f4f45c43-403c-4cf8-949c-79531359319c	Gymnoris dentata	Catalogue of Life names it
3754bec0-868f-4695-ab93-8cd209626a6b	Gymnornis pyrgita	cf6c5614-4ba0-4b01-a5eb-f6db26cc8945	Gymnoris pyrgita	Catalogue of Life names it
fc29040f-8304-447f-8323-e22e18f12f7b	Gymnornis superciliaris	f35cba80-fc9e-44a4-b922-5c94e258db82	Gymnoris superciliaris	Catalogue of Life names it
1b4335c8-b3a9-4b74-b073-b28ab9cf67fa	Gymnornis xanthocollis	3ac0b807-fd8b-47fc-a936-8decb842554f	Gymnoris xanthocollis	Catalogue of Life names it
66c05e21-d72e-4ab4-9ee5-9dbe173783a8	Gyps vulgaris	96a9dd85-1950-4e64-9ac6-cfba00621b63	Gyps fulvus	Catalogue of Life names it
a22d0ba7-3230-44cb-a8c5-ed95080aabfb	Habia frenata	b4231c9d-bb18-4e85-9bcd-35a251c4cf00	Chlorothraupis frenata	Catalogue of Life names it
07cde850-e309-4fd3-8b7d-f583405966b2	Haliaeetus nisus	fbd8cf65-893f-46d2-a7f4-ddb6b3d7d783	Haliaeetus albicilla	Catalogue of Life names it
85fedb56-8796-47a2-87ed-fe6c25f6f127	Helmitheros migratorius	a86e6d2d-9945-42ff-9347-c49ec4be0f02	Helmitheros vermivorum	Catalogue of Life names it
051b3111-c9a3-4e13-8625-5f1f8b899945	Hemichelidon ferruginea	3c75f422-2b0e-4b15-93d2-20ad29db8d5f	Muscicapa ferruginea	Catalogue of Life names it
431bb382-9f0d-4314-ae6f-5fb732d2e0d8	Hemignathus lichtensteini	5079a281-4d10-456f-9592-bdbecf285eb9	Akialoa ellisiana	Catalogue of Life names it
dadd454a-fd1c-4859-ae68-f900384d8515	Herpsilochmus scapularis	0899bb7c-4d5d-46f8-a3d1-9e3131ed93db	Herpsilochmus rufimarginatus	Catalogue of Life names it
27cf03c5-fc93-4e8c-95bd-397dfadbed81	Heteromirafra sidamoensis	cb66e294-b0ff-4f5f-969a-e73c3e612813	Heteromirafra archeri	Catalogue of Life names it
7a2e4689-a4b0-4e01-a2ae-61b06c40cf53	Heterorhynchus wilsoni	810f9ae3-d199-4580-bfb7-5992352a6c18	Hemignathus wilsoni	Catalogue of Life names it
40f6523a-b3b1-4344-b31b-a78757531ddd	Hippolais italica	bbbff128-9de0-49f4-8e2d-3aea066bc800	Hippolais polyglotta	Catalogue of Life names it
b4e799ba-be47-4596-a502-c512206dec87	Hirundo capensis	99458374-d6e7-4c98-9707-5218f5a2322c	Cecropis cucullata	Catalogue of Life names it
3480ad2c-4d41-4658-ad64-4b2c9d9781ff	Hirundo leucopyga	099fd7b9-fb77-4677-b57c-4fe9c0344a5b	Tachycineta leucopyga	Catalogue of Life names it
dbb66d37-19f3-41d4-9d2e-1d4912ddaa69	Hirundo purpurea	3f25c5a9-61a6-4a1e-bd9c-e888cbfe2846	Progne subis	Catalogue of Life names it
5b3b4b05-2129-4016-8b1a-414222e126f9	Hydrobates melitensis	dabaec6e-b933-4966-a8a0-1d3e09816507	Hydrobates pelagicus	Catalogue of Life names it
1787e70b-e07b-4271-b4b2-41ea65c3baf9	Hylophilus acuticaudus	0560ac9b-d0cb-4ceb-93b2-abcf24862d6e	Hylophilus flavipes	Catalogue of Life names it
83cdb4c6-1c4b-42f6-a903-469adf1f38e1	Hylophilus bulunensis	16c2de4d-ac81-4b3d-9296-d4529e248294	Hylophilus ochraceiceps	Catalogue of Life names it
e2519077-1fa3-4cde-ad7f-62e1e7e003e2	Hylophilus flaviventris	aeceee6e-3439-4de0-b48b-80c57aaaa0c7	Hylophilus hypoxanthus	Catalogue of Life names it
45ec778f-3be5-4335-92bd-67a1a43677bf	Hylophilus insularis	0560ac9b-d0cb-4ceb-93b2-abcf24862d6e	Hylophilus flavipes	Catalogue of Life names it
9b249dca-280a-4bb3-a456-28d0c03d41c9	Hylophilus viridiflavus	0560ac9b-d0cb-4ceb-93b2-abcf24862d6e	Hylophilus flavipes	Catalogue of Life names it
03e0ae37-618f-4b5c-88b9-d6f41ee7822b	Hypositta perdita	cd258afe-9dbb-4b0a-b796-184da3425fc6	Oxylabes madagascariensis	Catalogue of Life names it
338f826a-cdc7-4035-9362-a810c692b0d5	Hypsibamon andicolus	23bc5cc4-a738-4022-a598-855f0d3a6e5d	Grallaria andicolus	Catalogue of Life names it
43b17c7b-f794-45be-a9f4-9ee73e572f21	Icteria dumicola	3b97c2fe-7eaf-447c-879c-1580a99120ef	Icteria virens	Catalogue of Life names it
76d653ab-1f1f-4f7b-9c8e-db7eda69de04	Icteria longicauda	3b97c2fe-7eaf-447c-879c-1580a99120ef	Icteria virens	Catalogue of Life names it
44565453-e05c-442b-ba3a-c80b50738ff1	Icterus atro-olivaceus	919a7394-5c9a-4751-8edc-51bc99304c78	Agelasticus cyanopus	Catalogue of Life names it
ca4f0cd9-7a16-42e5-8752-fc859bcb8d07	Icterus fuertesi	ac8f57bf-19c8-4670-8488-6b725670a26e	Icterus spurius	Catalogue of Life names it
7dbc16e2-9c88-4409-b134-c54fd38e28ef	Icterus hondae	68cbc03b-099d-476b-bf2b-0dfb3c18e8ae	Icterus chrysater	Catalogue of Life names it
3dbcac34-0664-40db-9f62-0834afd2b136	Icterus sclateri	fcda6de8-0822-479f-a1e6-031a792770ed	Icterus pustulatus	Catalogue of Life names it
a33b233e-83d0-476d-8411-4ca5c0a1a1ef	Indicator sparrmanii	834ddd5e-d093-4436-9684-a683969bb0fa	Indicator indicator	Catalogue of Life names it
2aba9d99-caa5-40af-8d89-ed934c2fe4d4	Iole olivacea	85b2e7ba-d641-4a47-9efd-6cc83451cf8c	Iole crypta	Catalogue of Life names it; iNaturalist resolves it to the same taxon
1d1dc256-221f-44be-9efa-17607a48c66f	Iole virescens	4bbbfd81-6549-4bab-b44c-c215ea7659ca	Iole viridescens	Catalogue of Life names it
49442e54-fb15-4313-8df9-a85a0ad6052e	Kittacincla albiventris	703525d0-b5b8-418a-b8ff-6e1c5a5605c8	Copsychus albiventris	Catalogue of Life names it
4cecbad0-e4e0-4b1c-970f-bd3e6781114a	Kittacincla cebuensis	6789aeab-6a47-4e58-9cd6-1de11522aaa5	Copsychus cebuensis	Catalogue of Life names it
809ea3f0-d651-454e-8222-f60d3e4a67a6	Kittacincla luzoniensis	248758b9-2689-49f9-afb6-6774744a2b15	Copsychus luzoniensis	Catalogue of Life names it
f3b67088-64fb-420f-bfa5-6213f82b435a	Kittacincla malabarica	8ebb12f2-071c-4363-b28f-73b0f63b3079	Copsychus malabaricus	Catalogue of Life names it; iNaturalist resolves it to the same taxon
748d1e4a-aa50-43da-986d-b52b8d70c1a1	Kittacincla nigra	64a717cc-12ce-441b-a772-1c94f04a2083	Copsychus niger	Catalogue of Life names it
207eb2b9-ae8f-4351-988c-d0c6dafb4a9f	Kittacincla superciliaris	248758b9-2689-49f9-afb6-6774744a2b15	Copsychus luzoniensis	Catalogue of Life names it
1e6c830c-d2f3-4c80-a28a-18a5d30fd3e1	Knipolegus heterogyna	3d7a4acd-9d1f-435a-9bbd-0329e5c89386	Knipolegus aterrimus	Catalogue of Life names it
b23aff8e-898f-4061-a05b-b6ab2d0cf746	Knipolegus sclateri	f2d42c3b-4704-4efb-950b-7c163cf65480	Knipolegus orenocensis	Catalogue of Life names it
2949a238-aad9-42ba-982a-80845f2cb11b	Lagonosticta jamesoni	ed9b166b-573f-4b15-8ab3-5d85cb4c2168	Lagonosticta rhodopareia	Catalogue of Life names it
a1f000d5-e07f-44e6-b143-48531fb26ef4	Lagonosticta nigricollis	26108ade-8da1-4bdc-9133-5e35e53169e8	Lagonosticta larvata	Catalogue of Life names it
0e6ff4a0-c267-44ba-b2c9-01246f4917b1	Lamprocolius sycobius	4c38610a-23a2-438f-b9f1-97f716b6e29d	Lamprotornis chalybaeus	Catalogue of Life names it
97e249f0-9183-4d41-b959-3a0c7e5b8233	Lamprotornis benguelensis	254d669d-87b2-41b6-9c11-5f3868141b6e	Lamprotornis mevesii	Catalogue of Life names it
d0bb6e18-2863-430c-8ef2-68003a1562f8	Lamprotornis elisabeth	1dc99d2f-4877-4653-aa79-0a7a3ff0cd14	Lamprotornis chloropterus	Catalogue of Life names it
565a633a-4c1d-4578-8736-6a5f52622cf2	Lamprotornis violacior	254d669d-87b2-41b6-9c11-5f3868141b6e	Lamprotornis mevesii	Catalogue of Life names it
1d9fb91c-0f74-4f95-8048-c3f8200a8343	Lanius afer	b2965023-6826-40e1-9d88-cbc944cee22c	Nilaus afer	Catalogue of Life names it
50a85dbe-f68e-4deb-b2c9-1e4b0edbecb7	Lanius barbarus	17e6598a-f48e-413f-971a-6c2a7f74fd91	Laniarius barbarus	Catalogue of Life names it
fb38107e-e928-41c3-8c0e-f43b8110defd	Lanius bentet	ee7b2a0a-5830-4f13-ad1a-7366862b71b8	Lanius schach	Catalogue of Life names it
d86c0736-90cb-4ccd-9414-af4bf8b0e5ed	Lanius boulboul	7d027190-0972-499c-9a6e-03ed1e82eaea	Turdus boulboul	Catalogue of Life names it
ac18fc85-4ffb-45f3-ac5c-6979c1a00486	Lanius brubru	b2965023-6826-40e1-9d88-cbc944cee22c	Nilaus afer	Catalogue of Life names it
a5547bc8-d8f0-42f9-b112-6b08076f8d5c	Lanius caerulescens	def5cf00-1fea-4efc-b82d-c6230e908d9d	Dicrurus caerulescens	Catalogue of Life names it
1c3d9f8c-4241-4423-aca6-e8025bee5092	Lanius cubla	d39eabe5-b182-45ed-aec4-037b02d14e40	Dryoscopus cubla	Catalogue of Life names it
fda9a8f4-64f0-4756-80be-e830d843bb31	Lanius dubius	70307caa-b6bd-4de4-8946-5b11e07c3770	Scissirostrum dubium	Catalogue of Life names it
c985e223-83c3-4f01-914e-3198006cad60	Lanius elegans	301f3bf6-ce21-44d5-b9ca-12f2de0c28e8	Lanius excubitor	Catalogue of Life names it
4337c761-84a0-4a2f-9ade-a598bbe1d373	Lanius forficatus	bfd65e27-b381-41d9-872c-44fd27fa747a	Dicrurus forficatus	Catalogue of Life names it
6f4464b3-7ae1-4283-987c-5d1e51dc2234	Lanius frontatus	3790cef3-452a-450d-a1e7-938749b6b48c	Falcunculus frontatus	Catalogue of Life names it
54f4f0b4-50d7-43cf-a129-a3fbea9fd11f	Lanius madagascariensis	80d52d54-c1fa-453b-97d5-3f085a201bba	Calicalicus madagascariensis	Catalogue of Life names it
cbff2bdd-d806-4330-ae39-ee871ffe8fa3	Lanius melas	905ce2a2-a08d-4067-8212-eff09208ceb5	Coracina melas	Catalogue of Life names it
315c9ce2-962d-4c27-ab3a-d94808ff0dc4	Lanius nengeta	d53768ed-bccf-4e7f-ac3f-085e774853ee	Fluvicola nengeta	Catalogue of Life names it
9fb5fc02-af26-45fb-aca4-5da5420e8185	Lanius olivaceus	6ab81c2d-072e-4252-83a8-cd9f10325ccf	Chlorophoneus olivaceus	Catalogue of Life names it
1e49a30d-7b9e-4a3d-a831-7aa007c96bfa	Lanius pallidirostris	301f3bf6-ce21-44d5-b9ca-12f2de0c28e8	Lanius excubitor	Catalogue of Life names it
d8272e7b-6f07-4a2c-849a-a7fb9a04f164	Lanius plumatus	9eaaea84-bf85-40ac-a332-cab6f32cc9c8	Prionops plumatus	Catalogue of Life names it
12d23de1-0457-406a-bbd8-f1f57d9fd5c2	Lanius rufus	78214f13-b65d-493b-9b37-b4ccbd72ea26	Schetba rufa	Catalogue of Life names it
df485185-6c32-4b30-a7a1-b6a0c852ab84	Lanius senegalus	99f153d7-964e-46ec-a231-afe75d896a17	Tchagra senegalus	Catalogue of Life names it
e1519779-d86c-4b6f-8f57-32226942d578	Lanius septentrionalis	bd0732ac-e11d-4ba8-a13d-edd796d3e8d8	Lanius borealis	Catalogue of Life names it
0d52e7fa-5b32-47bf-bbef-3a531b295603	Lanius torquatus	79b61e75-03cf-4710-826d-be9d22e2f452	Cracticus torquatus	Catalogue of Life names it
27184682-fc41-48a5-9aa8-43806ccef83a	Laroides chalcopterus	63ae4863-b076-4f62-b3f9-bb10d4c6ed5c	Larus glaucescens	Catalogue of Life names it
a8d55d0b-2f92-4550-9ff9-6595cce386cc	Larus argenteus	7d61c3cc-9987-4b62-9935-662b479cc307	Larus argentatus	Catalogue of Life names it
d860c9c9-4837-4fc8-a106-42aee4ce2b5c	Larus flavipes	ae87d980-3293-45ca-82d5-ce88b3895f5e	Larus fuscus	Catalogue of Life names it
b55fdb00-ad1d-4b3e-8a7a-642236997362	Larus hutchinsii	a3f34942-fc24-4fad-aa7f-7753a0b54047	Larus hyperboreus	Catalogue of Life names it
577de806-2d5c-439c-81aa-08def5aa0776	Larus icthyaetus	0c112ea1-434b-438c-a19a-0cd6c1913e28	Ichthyaetus ichthyaetus	Catalogue of Life names it
bfedfd1c-d723-4c3b-8b77-fff12e42bf33	Larus medius	a3f34942-fc24-4fad-aa7f-7753a0b54047	Larus hyperboreus	Catalogue of Life names it
af8c7ff2-3c10-4fcf-bc8b-f1913c7b4828	Larus niveus	a04936f0-bd03-4644-9ee4-4b0c5c72e6d2	Larus canus	Catalogue of Life names it
0fdabbc5-dcd9-4ecc-8cc0-4430bd02f017	Laterallus tuerosi	b8711a99-6bb4-4c33-af11-68ed3b94b3e6	Laterallus jamaicensis	Catalogue of Life names it
4f347a0d-af20-44fd-aa9e-29f7b0f94272	Leiothrix laurinae	1dac8c05-fdbc-48ef-8d39-267a851f8010	Leiothrix argentauris	Catalogue of Life names it
5cd84e02-fa5c-4f36-af56-1cf00051dae3	Leptasthenura berlepschi	01627a56-0aaf-4292-8fba-0ad1f9766bdd	Leptasthenura aegithaloides	Catalogue of Life names it
8f018b3f-e8c8-4935-83a4-c9653cd213ef	Leptasthenura pallida	01627a56-0aaf-4292-8fba-0ad1f9766bdd	Leptasthenura aegithaloides	Catalogue of Life names it
1549bf15-91a5-445f-a689-6f7c747f0c1b	Leptopogon albidiventer	86b732e7-fd53-45a5-976d-02d324f33d2b	Leptopogon superciliaris	Catalogue of Life names it
3681502b-0744-43ee-8817-59d40d4ef125	Leucocarbo albiventer	19d545cd-ec67-4110-a38e-9819f46ca1d0	Leucocarbo atriceps	Catalogue of Life names it
bb96f38d-acee-4370-a90a-02466201e213	Leucocarbo bougainvillii	ad55ec48-22e1-42c5-bdd6-73519b5e6ab2	Leucocarbo bougainvilliorum	Catalogue of Life names it; iNaturalist resolves it to the same taxon
8a4f6e4e-e4d7-4045-88a8-609ff7f67ad0	Leucocarbo stewarti	dc5e29c1-7dd5-4090-9e90-2341196df263	Leucocarbo chalconotus	Catalogue of Life names it
f8b9ae11-c23c-4c94-bb9e-146d213be4be	Licmetis pastinator	8f209cae-2204-4bdd-9f8f-59a88839285c	Cacatua pastinator	Catalogue of Life names it
26a7be33-a808-42da-ae6f-eababbef28fb	Limosa melanura	90c7ecae-e9f0-4e2e-b2d8-027b81bbe25f	Limosa limosa	Catalogue of Life names it
121bf51a-677a-4745-8e42-b143d0200505	Linurgus elgonensis	5dd235ff-89f1-46e2-98a4-d841954cb71f	Linurgus olivaceus	Catalogue of Life names it
001027d6-2dcb-4196-afd6-a44e7f1f88dd	Lochmias obscurata	edb4492e-4bb3-42d6-b599-dc4c8637e2e1	Lochmias nematura	Catalogue of Life names it
1f2aa0ec-a1fd-4100-9a7a-de6b47319f90	Lophochroa leadbeateri	9acc8932-b506-4d21-ba7a-6b847c40f857	Cacatua leadbeateri	Catalogue of Life names it; iNaturalist resolves it to the same taxon
86e26121-9dbb-4e2c-a2d0-58d900bc7768	Lophophorus refulgens	3f8cc8fa-687a-4190-823c-d99e6cd03904	Lophophorus impejanus	Catalogue of Life names it
b922b0d2-ccbc-430b-86f0-46cc92c13d32	Loxia bella	20ac1306-ee2c-4d1a-9492-c2cc5c53da76	Stagonopleura bella	Catalogue of Life names it
ed1d254c-1e78-4779-bb10-09b1ca01b138	Loxia benghalensis	df3529b2-955c-4554-bc61-9a957dd80254	Ploceus benghalensis	Catalogue of Life names it
c5ee55a3-fa66-42cc-8b80-389fee04ce5c	Loxia capensis	7d6af121-64a0-41f5-8771-123f35cc75ad	Euplectes capensis	Catalogue of Life names it
db5a0436-64ab-45d9-9af7-d76c85f99edc	Loxia cristata	25d5deb2-ebec-4904-b014-12d07368361d	Carpodacus sipahi	Catalogue of Life names it
1f215156-9490-404d-8c85-c7e8010402e8	Loxia eryocephala	edc1a802-a34e-42e7-b6a3-a0208c4525c8	Amadina erythrocephala	Catalogue of Life names it
f877afed-2186-4e9a-a279-e7f3913d974a	Loxia fascinans	67a63b65-6ffe-4b13-a1b8-b61381211b0a	Microeca fascinans	Catalogue of Life names it
1d904ab2-b3c9-4e02-b9fb-a4860157afa3	Loxia ferruginosa	91f7e5f5-63a0-4189-b8fb-d5f0026dd56f	Lonchura ferruginosa	Catalogue of Life names it
11de6bf8-faae-430b-b34e-79f60ef62386	Loxia frontalis	cbfbe644-c9c4-451d-a934-c838b90d267f	Sporopipes frontalis	Catalogue of Life names it
d1838d5d-a9c3-4233-b632-f015009499c9	Loxia fuscata	268e63ea-4c6f-4958-8880-2accd4e107fd	Lonchura fuscata	Catalogue of Life names it
05e39099-9888-45d0-9603-00b9fc83589c	Loxia hypoxantha	7559d6a7-f676-46b4-9f38-d1971f5fd978	Ploceus hypoxanthus	Catalogue of Life names it
e862d6e7-8ca0-4e4b-bdd0-c4d64876f4e7	Loxia molucca	cbd74fcd-5945-4f4b-9fae-e11bc99667e5	Lonchura molucca	Catalogue of Life names it
7161047f-5644-45d0-bb99-b4d12af67d93	Loxia philippina	22894ebc-de78-435c-a346-3a695f295701	Ploceus philippinus	Catalogue of Life names it
ef36987d-817c-4e23-a618-e02c59caac25	Loxia prasina	0b7053e1-124d-4ba7-bb58-ef05ec50740f	Erythrura prasina	Catalogue of Life names it
2315089e-0525-487f-be4f-d1ba85ec952b	Loxia quinticolor	6c0b86f8-3ab5-458c-8ae0-e35aa95b4e81	Lonchura quinticolor	Catalogue of Life names it
ff10275b-aefa-47a8-b021-5004194f7fb1	Loxia sanguinirostris	8f97da75-b900-484d-896f-cfda4ef25a1a	Quelea quelea	Catalogue of Life names it
dfd7ef3c-4fd3-4452-b9c7-d2c15226eb29	Loxia socia	dc5b563e-7582-4c87-8c29-e882941a634b	Philetairus socius	Catalogue of Life names it
15703253-a46f-41a8-a565-3852759b3e0b	Loxia tridactyla	0d10722e-a475-4569-aa97-5fec87c94bfc	Lybius guifsobalito	Catalogue of Life names it
7e892bb7-d256-4170-a626-537fb92ae16f	Luscinia aedon	2d563ae0-9062-4f4e-9fc5-3b2bf97273a6	Luscinia megarhynchos	Catalogue of Life names it
1058932f-67bb-4fcb-a1e6-08ec3ba40017	Macrocercus glaucus	d9bb99a4-7ac7-46e6-a3e8-4796bfbd3bd4	Anodorhynchus glaucus	Catalogue of Life names it
fde4bbcf-6164-4678-9ac8-223742935a5b	Macrocercus maracana	f6633642-948f-4032-b73a-f91b75decbd7	Primolius maracana	Catalogue of Life names it
72015d64-43df-4738-845c-54f07de89ae6	Mainatus dumontii	494e4410-9cd0-4cd7-89f9-e05d823ad8e0	Mino dumontii	Catalogue of Life names it
5be97cdd-9e20-497f-8aff-47e7703e9b41	Malacoptila minor	143cef1f-409d-4e42-a5c9-1a9aee331b5a	Malacoptila striata	Catalogue of Life names it
d4546f3e-4d3c-4637-a7da-270c5d5e85e9	Malimbus cristatus	73a1a431-d088-4fb2-bc01-7b489556c40c	Malimbus malimbicus	Catalogue of Life names it
981e8fcd-512b-4d1e-a394-f88127895acb	Manorina viridis	69a5b74a-4c0d-4792-b5a3-0982043c76cd	Manorina melanophrys	Catalogue of Life names it
1ade4f34-0117-4f23-bc01-d3e467540812	Manucodia chalybea	f2732d35-75cc-4e0c-bf5d-58b828203434	Manucodia chalybatus	Catalogue of Life names it
48e9900d-fc67-43a0-91a7-60b05ab2d250	Mascarinus barklyi	3f8c52ef-42ab-4a52-aabf-124ced2222a1	Coracopsis barklyi	Catalogue of Life names it
d9bc18f8-4eb9-4e1d-a9b7-f208aaab2678	Mecocerculus taeniopterus	f6db1bfe-7c39-473c-b9b3-c466d010a768	Mecocerculus stictopterus	Catalogue of Life names it
95759569-0c18-4548-8497-5398ae261e0c	Megapodius brazieri	65377ec3-2a44-4a90-a547-497b6db32ce1	Megapodius layardi	Catalogue of Life names it
203caab7-57b3-4232-ad68-b81a997b2be3	Megapodius forstenii	2ab3e087-61a2-4e55-9822-9ead94d282f6	Megapodius freycinet	Catalogue of Life names it
7514710d-eb43-4a53-9949-4f319e4f85b2	Megascops ater	b2032078-9294-42bf-bbe0-707542c57509	Megascops watsonii	Catalogue of Life names it
489e6b97-cd87-44ab-8de7-f5641665d9cc	Megascops colombianus	028bcef1-b447-42ce-8182-7d0a2f6064bb	Megascops ingens	Catalogue of Life names it
bcea71f7-a2d4-4f1e-bdc3-090f7afc5483	Megascops napensis	a3c20f6f-b0d9-4d6f-8de9-c0d671361004	Megascops roraimae	Catalogue of Life names it
6b602131-6e77-42e0-bef2-c8edf8793ab9	Megascops vermiculatus	463d624e-ab38-4812-b805-2ff849a687b1	Megascops guatemalae	Catalogue of Life names it
c1a3ada3-c621-4381-8b60-d506b27420bd	Melanocharis chloroptera	48cb55f2-8d60-4970-ac2e-01847271bd1e	Melanocharis nigra	Catalogue of Life names it
c4018007-df64-482d-8a17-4f1fa49c5a8c	Meliphaga chrysocephala	10694c81-7138-4386-86e6-4912f56545f6	Sericulus chrysocephalus	Catalogue of Life names it
8a4006cd-b244-4630-ae3f-44d9568498c4	Meliphaga chrysotis	d9daa41c-eead-4f44-90df-89357ceaf174	Meliphaga lewinii	Catalogue of Life names it
eac639b0-b74a-457f-9499-0962d0ce4bbe	Meliphaga maculata	30e736f8-02dc-4672-9c59-fbd10826fb47	Lichmera flavicans	Catalogue of Life names it
2c4b75bb-1eaa-407d-9fba-cf02b2c71ba0	Mergus minutus	39ede244-ee78-4a1c-b7a9-1ada854b47df	Mergellus albellus	Catalogue of Life names it
30368114-81c3-457a-bac7-581a3cbef08c	Merops cafer	6213a3b2-a815-40ad-9e9d-9b090750e013	Promerops cafer	Catalogue of Life names it
37e7f2cd-8eea-4f83-bce6-e92e71246222	Merops rufus	83beb943-a8e7-4016-937f-e185ed5ad213	Furnarius rufus	Catalogue of Life names it
474ac4da-bace-4dd5-97d4-32c54a3dba2c	Microeca tormenti	8d394be7-fad6-482b-b5ed-9cc935fd1a91	Microeca flavigaster	Catalogue of Life names it
d15e1b88-cc31-4afe-849e-c5fac7ff705d	Milvago ochrocephalus	2a8d2d0e-4690-43b6-a83b-f954df9673bc	Milvago chimachima	Catalogue of Life names it
359c3bd6-8e4b-4b91-8131-51437c3b29f3	Milvus cenchris	497b5fa9-62d4-4e89-b621-9df3ed0f237e	Ictinia mississippiensis	Catalogue of Life names it
8f1fadc7-6f2f-4d53-9979-3f3a262c4d05	Mirafra cantillans	6fa27156-f416-46db-b384-3b1cd5c7c78c	Mirafra javanica	Catalogue of Life names it; iNaturalist resolves it to the same taxon
96bf6ef6-b7ee-4074-9b8e-17f0e0bdd588	Molothrus minimus	baef45c6-742f-4794-bae6-d73e3fa3032c	Molothrus bonariensis	Catalogue of Life names it
b3525788-39c4-47f3-b732-ba499b8de3de	Molothrus occidentalis	baef45c6-742f-4794-bae6-d73e3fa3032c	Molothrus bonariensis	Catalogue of Life names it
0ddc4b35-ebc2-4bdc-bb09-4ddbda983380	Monachella coultasi	c81e5f74-ac61-4949-a2cf-4414b98e0818	Monachella muelleriana	Catalogue of Life names it
18044c1a-57c1-4d40-b92f-bc522b3b07df	Monarcha megarhynchus	9df66bc2-f3af-49cb-bd10-de8e79221b7d	Monarcha castaneiventris	Catalogue of Life names it
947bcdba-2261-4774-963c-62352bffd3f8	Montifringilla brandti	810bf5e9-05e3-4e83-b851-b5c89ff793fb	Leucosticte brandti	Catalogue of Life names it
7f8f72b7-6606-4bba-baa7-1160ffb8a243	Motacilla aurorea	230c8ca2-0733-4938-9c0e-78e27c7f5186	Phoenicurus auroreus	Catalogue of Life names it
ce2795e4-4cdf-487c-b62f-bf56049bdcb4	Motacilla caffra	5e307eb5-2ed0-450b-a434-8322fde24281	Cossypha caffra	Catalogue of Life names it
0e2e708c-b594-4685-88d9-bffe9e0b6899	Motacilla calidris	9ca82108-ce6a-4a56-9b3d-011c7351ba87	Todus todus	Catalogue of Life names it
286fff32-9578-42ba-9a1f-29b1cce63e21	Motacilla camtschatkensis	07088057-09b0-481a-b513-d13dc84f4afd	Acrocephalus palustris	Catalogue of Life names it
98c9705e-7066-407b-80e0-247e3541250b	Motacilla cinereocapilla	eb4cc630-6391-4d53-867c-bd7c0fd1f701	Motacilla flava	Catalogue of Life names it
0eaeb498-1ad7-44da-86ed-4edeb3c3ed36	Motacilla cinnamomea	fb2833aa-78ac-47f9-9d8f-4babc0968fe6	Pericrocotus cinnamomeus	Catalogue of Life names it
e8048477-fe3c-4f11-9603-cb04198c52ad	Motacilla cyanea	116cb868-58c3-4ede-afe5-240158849627	Malurus cyaneus	Catalogue of Life names it
8a910735-8309-4a8f-8e4b-06ba5d419b8e	Motacilla emeria	4a45d896-2f51-4663-9acb-875bae221915	Pycnonotus jocosus	Catalogue of Life names it
8c3673e2-8709-405d-9e05-b61e898ce528	Motacilla feldegg	eb4cc630-6391-4d53-867c-bd7c0fd1f701	Motacilla flava	Catalogue of Life names it
4d762b62-1dad-4ca7-8065-8905d790dbf0	Motacilla hirundinacea	bdaa6e23-81e8-40f5-b77a-9a0043a94312	Dicaeum hirundinaceum	Catalogue of Life names it
ec2cffb4-c289-41a9-bca0-5fb74e5aa5e7	Motacilla philippensis	0755cbb0-94a3-422f-af45-eeda3119c639	Agropsar philippensis	Catalogue of Life names it
cc3aabb0-eedd-473f-9b12-f47aa8a53a34	Motacilla philomela	2d563ae0-9062-4f4e-9fc5-3b2bf97273a6	Luscinia megarhynchos	Catalogue of Life names it
70ed261a-4604-48dc-9554-e50758c27c35	Motacilla pusilla	3ba091ca-8607-4dde-97bb-0a7e2c309754	Acanthiza pusilla	Catalogue of Life names it
61d55ddb-a7af-4dc2-9a16-fb93f095e91f	Motacilla thoracica	a0c587ba-2c96-4d47-b277-fb03dbf45d0a	Apalis thoracica	Catalogue of Life names it
a697bd90-1f1d-47b8-84db-0544a1be66ed	Motacilla thunbergi	eb4cc630-6391-4d53-867c-bd7c0fd1f701	Motacilla flava	Catalogue of Life names it
4f43e585-7646-4bac-bfb0-0e910ab9f0f4	Motacilla tiphia	13bee085-0667-42ab-99b9-aa25e1cc9143	Aegithina tiphia	Catalogue of Life names it
b0485587-7526-4c48-91c9-90cfbd04d3a8	Motacilla titys	2173e97a-6b87-47d1-9dd4-6ccb15ad5509	Phoenicurus phoenicurus	Catalogue of Life names it
4860334d-3c06-4a33-b42b-57ec8f3261b6	Motacilla voarula	11bca59f-a918-48a9-b5ea-4634e1954f46	Motacilla cinerea	Catalogue of Life names it
dd57fc8f-3099-4772-b343-a6a7305a0a95	Motacilla yarrellii	f8b1bdba-d2c6-476f-909e-6231ef62c057	Motacilla alba	Catalogue of Life names it
670f925b-14ff-4fab-b9b4-742495d10b35	Muscicapa auricomis	7a34ddb6-6b58-458a-ae8f-dfb24d0d08e7	Lichenostomus melanops	Catalogue of Life names it
66a400f4-cb03-4781-8499-83fa341a1c96	Muscicapa caerulea	4c99198c-ba3c-4d89-a3ce-d70bddf77170	Hypothymis azurea	Catalogue of Life names it
62b808cb-c741-4eb1-9d06-64cd94fd00cc	Muscicapa capensis	b11dff61-ba2d-4d55-acb5-3fa2e5b13ff0	Batis capensis	Catalogue of Life names it
2fe4c7c2-8855-463e-9b88-f9c985792f88	Muscicapa caudacuta	52ea56ac-583e-4fbd-85dd-6f1c32271657	Culicivora caudacuta	Catalogue of Life names it
dc521cc1-16e5-4c8f-b512-80a240076f71	Muscicapa chalybeocephala	8c91fc2d-72ab-431a-aed8-edaf6e559435	Myiagra alecto	Catalogue of Life names it
b5c51f7f-eae6-401a-b61d-a6132b6b583c	Muscicapa crepitans	2e06c322-a15c-41af-af78-56c18eff11b1	Psophodes olivaceus	Catalogue of Life names it
f7576af8-40d4-4e4d-86bb-b2fe0614ed9a	Muscicapa cucullata	c5f7de47-f044-41f7-a167-eada345a7a8e	Setophaga citrina	Catalogue of Life names it
e451c011-b1f0-47b9-a276-620b59fcfdc5	Muscicapa cyanea	2ac82d28-a43a-4051-85c2-983daa1392c9	Platysteira cyanea	Catalogue of Life names it
d7bf7084-7f31-428f-9d99-2b7dd893ed84	Muscicapa cyanirostris	1c425e70-5539-481d-a82e-0cd7e4924b36	Knipolegus cyanirostris	Catalogue of Life names it
aae96a15-e5f9-411e-b588-3f07e054db17	Muscicapa diops	f56bb97f-e603-4624-b3c2-1a7241264706	Hemitriccus diops	Catalogue of Life names it
0700f05c-1e08-4417-820f-bfe85bed0a7d	Muscicapa flammea	85ab39bb-5ed0-477f-80f5-c28a0477fe2b	Pericrocotus flammeus	Catalogue of Life names it
4dc0c716-697c-4843-8113-b3a9b7535ec9	Muscicapa fulvicauda	5336b1f4-8761-46d6-8c53-abe932759841	Myiothlypis fulvicauda	Catalogue of Life names it
f1d538e2-04ea-4c4a-8d4d-13c6f03d6551	Muscicapa fuscula	c016af18-f822-4135-bb81-b4b8ee9bd8ca	Muscicapa adusta	Catalogue of Life names it
3ba0b372-e54c-4ab1-b3ce-f5edca71871a	Muscicapa guttula	78127e56-632b-405e-a68b-08e38751267c	Symposiachrus guttula	Catalogue of Life names it
243dffd8-1d46-494f-8859-6e2ac5e5219b	Muscicapa hirundinacea	f958e810-7a1c-46e4-8c0c-1c5b5cc1bd60	Hemipus hirundinaceus	Catalogue of Life names it
682e4562-15c3-4b76-9409-eeb115faaf89	Muscicapa inornata	93f34626-c645-4c07-8db7-da39e6e5d238	Monarcha cinerascens	Catalogue of Life names it
214db367-cec6-4314-b380-1ad3321fc392	Muscicapa javanica	82a51e46-1c30-48fd-a24d-2498076f0181	Rhipidura javanica	Catalogue of Life names it
a769af9c-7346-436c-9bb0-11885db8f25e	Muscicapa lutea	dd386ccb-2a73-4c9f-9fee-52d97cd11cb1	Setophaga magnolia	Catalogue of Life names it
87cf8ed4-9eac-47cf-8bfe-3598adacec17	Muscicapa melanocephala	45936c09-1aab-4c89-bb05-996e3cbe4896	Malurus melanocephalus	Catalogue of Life names it
757565c4-44e8-426d-8bd4-5e1cfec168a2	Muscicapa melanopsis	953bbc3e-1d26-419a-a409-9cacf3faa7ac	Trichothraupis melanops	Catalogue of Life names it
5bb7ed94-7208-4fd9-a068-31c133404c55	Muscicapa molitor	719283c5-4bfd-486b-9f3a-c55fd82d1ae2	Batis molitor	Catalogue of Life names it
3cf92523-171a-4eab-a487-9c73fa575fce	Muscicapa rivularis	abcfc0ec-341c-4849-9bfe-30e8e18fae17	Myiothlypis rivularis	Catalogue of Life names it
1f8e3a75-4a5e-45ba-83cc-85050a085f7b	Muscicapa rubra	52dba638-6c9a-436e-85ec-38847c83d2f7	Piranga rubra	Catalogue of Life names it
80780de4-cf76-4fdc-a967-5a2dee6edc14	Muscicapa senegalensis	d3b47f7c-3e11-48d7-b21e-670eecf34e91	Batis senegalensis	Catalogue of Life names it
552a6e4c-fb6c-4470-a694-c5711d1a84a5	Muscicapa stenura	52ea56ac-583e-4fbd-85dd-6f1c32271657	Culicivora caudacuta	Catalogue of Life names it
8ffdfa3d-0296-488b-bf3e-1f8f77d58054	Muscicapa torquata	698d2475-938a-4c1f-a3fb-1f456b7b8e36	Saxicola torquatus	Catalogue of Life names it
ec00487c-8b8d-43cf-83f6-84610d6e28c4	Muscicapa yetapa	09c10589-9f27-4907-b30a-f56081c2e83a	Gubernetes yetapa	Catalogue of Life names it
d1784ef4-c783-4791-9e78-03ecc700afb9	Muscisaxicola occipitalis	d480c964-f1b2-4365-88a2-a5600a6b1fb9	Muscisaxicola rufivertex	Catalogue of Life names it
93c897ed-0b3b-4f2e-a09e-fc2f8d28b96a	Myiagra rubecoloides	79a07a28-f5f4-4a74-a378-cfd658c23bc2	Myiagra rubecula	Catalogue of Life names it
8a8f6045-5eaf-4c05-8ae6-6f3f86ff0d95	Myiothera campanisona	89bea651-cd00-4d34-8160-e4acefb6001e	Chamaeza campanisona	Catalogue of Life names it
4f74c8d8-1e1d-46e9-a4f8-5c0f4b35cd38	Myiothera nematura	edb4492e-4bb3-42d6-b599-dc4c8637e2e1	Lochmias nematura	Catalogue of Life names it
6fbac942-f6a3-46c9-a6cc-ce07ba848cce	Myrmeciza immaculata	0511269c-8aa8-4805-bc05-634f9ea241de	Hafferia immaculata	Catalogue of Life names it; iNaturalist resolves it to the same taxon
1b639b54-50e0-4659-926a-425eabec8941	Myrmeciza zeledoni	9bb773fd-baae-4923-9b64-c21fb965da7b	Hafferia zeledoni	Catalogue of Life names it; iNaturalist resolves it to the same taxon
5f309e94-9c43-4139-b6a3-9890b2119ebe	Myrmornis arada	a60bd9dc-6f8e-4790-9fca-fc387ca1736e	Cyphorhinus arada	Catalogue of Life names it
83ab4010-ffc5-4a8b-b83a-7c6cc59ef2b6	Myrmornis campanisona	424eb760-243f-443e-98f8-85fcd5beb9c8	Myrmothera campanisona	Catalogue of Life names it
72b444d7-14bf-4c53-8947-d3807563c57a	Myrmotherula oreni	b06a5d20-288e-4f50-91d2-c96575294be8	Myrmotherula iheringi	Catalogue of Life names it
d5bddcdc-909b-42df-bf10-9b302e39f7c3	Neocrex colombiana	865d95b0-ae20-4d31-bd55-09d13fd25d0b	Mustelirallus colombianus	Catalogue of Life names it
d60ac264-8d05-4008-97af-8b69ed08f41c	Neomixis pallidior	fbc263e5-7ae3-4c5e-8d2f-e5df8b9ed4c2	Neomixis striatigula	Catalogue of Life names it
62fd8efc-932f-469e-a41f-fbeef318b0cf	Ninox malaitae	bc73fff8-8d7f-4b83-b2e0-a31ad90bb103	Athene malaitae	Catalogue of Life names it
665d6807-766b-4457-9cd7-6b88195e5622	Ninox nipalensis	69c4ec84-34bb-4903-9ef8-74f0b42f1fb1	Ketupa nipalensis	Catalogue of Life names it
087f3762-a9d7-4667-983d-3370169a6f5e	Nisaetus limnaeetus	d56db00f-f458-43dd-b34f-7efbb166c733	Nisaetus cirrhatus	Catalogue of Life names it
0f3586b3-958a-4cb9-80ed-5263fbf6bcc5	Nucifraga brachyrhynchos	6b89b53f-03d1-420d-978e-fb74fdb2514d	Corvus brachyrhynchos	Catalogue of Life names it
19562068-eca9-4ac0-9d02-431a60d01c97	Nycticorax griseus	333ed09a-7248-4a5e-8810-b86ea34abdde	Nycticorax nycticorax	Catalogue of Life names it
6f67d9e6-4c8d-40a4-bd7c-7728506da49e	Nycticorax infaustus	333ed09a-7248-4a5e-8810-b86ea34abdde	Nycticorax nycticorax	Catalogue of Life names it
59d99a7c-9487-4d04-a3ff-e5c143d35b65	Nyctiprogne vieilliardi	40036cca-7adf-4fca-90af-2aee62c4cfa4	Nyctiprogne vielliardi	Catalogue of Life names it
ccbb0b90-c195-4425-bce5-d4470a817cbe	Oceanodroma cheimomnestes	f247df57-91e6-4cbf-ac3c-531ef0f4645b	Hydrobates cheimomnestes	Catalogue of Life names it
0479f562-bfd6-41cf-b31e-a7fdb24a26a1	Oceanodroma homochroa	7d692651-2e95-4a31-90f9-878032ab6a51	Hydrobates homochroa	Catalogue of Life names it; iNaturalist resolves it to the same taxon
dc74580a-17c6-426a-9705-8e7921246fff	Oceanodroma melania	2ae28d0c-f0a1-4a88-873c-5e364ac70ea6	Hydrobates melania	Catalogue of Life names it; iNaturalist resolves it to the same taxon
e99b2c3f-793d-49dc-b4cc-3ea9d2b64723	Oceanodroma monteiroi	cdbcc9a7-0f9e-42b1-839e-72ffa086a9f0	Hydrobates monteiroi	Catalogue of Life names it; iNaturalist resolves it to the same taxon
e14b52cf-22c3-4b45-a28b-cfa4b27a9616	Ocydromus insignis	53789d20-6bac-4ecb-a2cb-b23523083362	Gallirallus australis	Catalogue of Life names it
c849a8b0-f5a1-41be-938d-6e7866db8abd	Onychognathus preussi	569a17e2-10df-457d-8098-29ea228d76a9	Onychognathus walleri	Catalogue of Life names it
dad013ec-fcb3-4619-951d-19043fe22473	Onychorhynchus mexicanus	6a33ab2f-5d10-4578-883b-6fe6b8308d4c	Onychorhynchus coronatus	Catalogue of Life names it
22bfe4b0-a1fb-4d02-b226-a874890f8ab6	Oreonympha albolimbata	8470334c-942c-4aa1-ab97-b14b056f35a5	Oreonympha nobilis	Catalogue of Life names it
4fdddeaf-d370-48dc-96ca-681a2fc94378	Oriolus africanus	f6700230-e654-4dac-a413-98cf3bf836dc	Oriolus larvatus	Catalogue of Life names it
fe277519-7470-4274-9433-0fa271ad329e	Oriolus bonana	8794ad6f-ae05-470e-b15a-134eda473778	Icterus bonana	Catalogue of Life names it
8911bfb3-d69a-4aeb-b591-d747d09eee65	Oriolus capensis	426f87fd-5c3f-4719-878a-6c984feba6ea	Ploceus capensis	Catalogue of Life names it
1df6787f-1ec6-4f57-8010-2abb515380d1	Oriolus dominicensis	bc178016-b25d-4fce-a197-60e57ad3acb4	Icterus dominicensis	Catalogue of Life names it
60d2f5dd-33fe-481d-adda-c5de6223a9ea	Oriolus icterus	472b36d9-1277-49ac-a272-c0588b96f715	Icterus icterus	Catalogue of Life names it
789ff4f1-2e49-4f2f-abb8-29730bfa2f17	Oriolus vulneratus	75f10bae-ad7d-497e-a7f6-a8c7a6c2b23e	Oriolus cruentus	Catalogue of Life names it
339a27d9-e885-4525-99a4-ff9b2943111c	Ornismya angelae	a57b3609-3bf9-428b-97c0-5a92f075d423	Heliomaster furcifer	Catalogue of Life names it
93d19834-f9ca-4913-a3a7-060efb0eed6a	Ostinops sincipitalis	7a3b7212-48c5-4aec-8595-bcd827f57698	Psarocolius angustifrons	Catalogue of Life names it
48d22128-62f3-4a33-aac1-2e596875a38e	Otidiphaps cervicalis	4e05092d-7af7-4543-987e-fd4c3bbd6f7a	Otidiphaps nobilis	Catalogue of Life names it
5a0352db-606c-425b-b857-6c3ea1939e62	Otidiphaps insularis	4e05092d-7af7-4543-987e-fd4c3bbd6f7a	Otidiphaps nobilis	Catalogue of Life names it
41b2ec8f-ac8f-49d7-89ad-144a68be9e94	Otis barrowi	49141605-149d-47e7-acd2-ef8db6b3876a	Eupodotis senegalensis	Catalogue of Life names it
3b1e7fbb-b114-4303-a1ae-dd6f98657a6b	Oxypogon stubelii	5f219ca6-8a9c-49b6-bb8b-b4b4506b3c79	Oxypogon stuebelii	Catalogue of Life names it
a3e26a37-3fdc-46f3-a39a-6968653296e6	Pachycephala fuliginosa	bc1babf2-b976-4a69-b6a8-815e0bafdb25	Pachycephala pectoralis	Catalogue of Life names it
7b6459d2-dcf2-4772-b1e0-f760fc526982	Pachycephala par	106992fa-6a71-40a8-b49a-981e84123dba	Pachycephala macrorhyncha	Catalogue of Life names it
eef1409b-9c66-4818-9490-7092cf108e7c	Pachyramphus griseigularis	f2c6f471-3b5c-42b5-857f-87d5410d0467	Pachyramphus viridis	Catalogue of Life names it
1679b30c-d653-4fbe-b842-b0b23a66406b	Pachyramphus uropygialis	56d57475-6cfe-4398-8229-f884629d792a	Pachyramphus major	Catalogue of Life names it
4343656a-633d-442a-8710-4f5259b2c2ae	Palmeria mirabilis	b55c6263-530e-4b08-a74e-61fc9482d985	Palmeria dolei	Catalogue of Life names it
4bdfb8c7-e72b-4953-a480-7d82c3ed2e78	Paludipasser uelensis	44b49bea-ffb8-4b64-9baf-c28cb7ca4758	Paludipasser locustella	Catalogue of Life names it
80248d4a-199e-4b05-866e-c65c3bb212b8	Pandion cristatus	bb873dc2-084b-45a3-8c88-68e97a78d254	Pandion haliaetus	Catalogue of Life names it
bd45e24c-63de-4b9a-9641-20809292bef0	Paradoxornis polivanovi	031f23b5-0fcb-4028-9bea-c8dfd55fa377	Paradoxornis heudei	Catalogue of Life names it
459fc756-b9f6-4793-96cf-da3aa0a63952	Parus aureola	e0a238bd-7f5c-4ff3-ae08-ed9e78e4ca53	Pipra aureola	Catalogue of Life names it
6ca204a9-f025-4b26-938e-fe7ab232251b	Parus dichrous	589e4288-7b67-48e9-898e-d046e0152fb0	Lophophanes dichrous	Catalogue of Life names it; iNaturalist resolves it to the same taxon
33812a3e-d721-4563-a83c-e4e635a21ca3	Parus elegans	484263e5-515a-43b7-86e8-f05af9b4bff7	Periparus elegans	iNaturalist resolves it to the same taxon
7b5177f0-8185-413d-acf4-cde57c1fd85b	Parus flavipectus	bd0cf4f7-9df2-482a-b29e-162271a8514e	Cyanistes cyanus	Catalogue of Life names it
f5f39f21-8ea6-43d3-bde2-bdab218b3a78	Parus melanolophus	59b835f5-129d-426b-adac-b0aadf9e93c8	Periparus ater	Catalogue of Life names it
9f6c0738-e24c-4a7d-85ba-bf49bb6ab1e1	Parus minor	820dc14b-a8fe-4820-aaa9-30fe08915831	Parus cinereus	Catalogue of Life names it; iNaturalist resolves it to the same taxon
55d653f0-9534-41d9-aea5-24705135477d	Parus obtectus	39b3ac00-89cd-447e-ae3f-72a275df85b0	Poecile cinctus	Catalogue of Life names it
dd9105ff-6292-4ce9-ae2f-931ed469efbb	Parus rubidiventris	71ad4ba4-a905-4bc4-b80f-22377b0e2e53	Periparus rubidiventris	Catalogue of Life names it; iNaturalist resolves it to the same taxon
037435ba-a4fd-41a9-aa68-be3c3e2faeca	Parus rufonuchalis	d20f08e0-8b99-412d-963e-1bc2edd8fb78	Periparus rufonuchalis	Catalogue of Life names it; iNaturalist resolves it to the same taxon
3c5a13f3-e5a4-478a-8124-e442f6636de2	Parus superciliosus	0b28e0bf-550a-4d97-9dd4-786cdc323bbd	Poecile superciliosus	Catalogue of Life names it
5d46662d-88a0-46b2-b7e9-ef4808c19102	Parus venustulus	6c2d2777-86b2-4b34-bbbc-293085212957	Periparus venustulus	iNaturalist resolves it to the same taxon; via a synonym
bdcbf4d7-8281-4cca-bbbf-d34249b6d55c	Passer pensylvanica	15392f53-943d-44b6-b1e5-ed9930f23464	Zonotrichia albicollis	Catalogue of Life names it
9da8d496-66e4-4a80-82dd-1b69e45bfc91	Pelecanoides whenuahouensis	89229bb5-e0d3-4cbd-817c-e588d2d7f9f6	Pelecanoides georgicus	Catalogue of Life names it
8e3f6291-72ed-4b3d-af42-60f638c2e725	Pelecanus piscator	d9c3d1d9-bd8f-4072-a387-44a18043a67b	Sula sula	Catalogue of Life names it
a01fac1a-911a-41fb-b286-3ed6ba637004	Pericrocotus montanus	19c64f94-c7a8-4cf1-8f32-76e798a9128d	Pericrocotus solaris	Catalogue of Life names it
8d4df8b3-b133-4478-861f-10bd8145866e	Peucedramus olivaceus	d942ce92-eafa-4280-bacc-ee421d2f41a8	Peucedramus taeniatus	Catalogue of Life names it
30ac5356-bae3-477d-ba01-6eba7f721efe	Phaethornis major	63f1874b-0a6c-4494-8316-29652203da6a	Phaethornis bourcieri	Catalogue of Life names it
2864a0f9-dd8b-443e-a7f9-13fab4dbdda6	Phaethornis porcullae	bd2f6f71-c02b-4945-97c2-23f6890d8e33	Phaethornis griseogularis	Catalogue of Life names it
8c6b14b6-7d83-43ad-958e-632023f42bd1	Phalacrocorax lucidus	1e9f4ecb-f71a-45f9-b9f2-73bb4179cfc1	Phalacrocorax carbo	Catalogue of Life names it
d7883d58-2134-47df-92f0-2c03c563e457	Phasianus cristatus	57af35e4-4bb5-4d63-9eae-df46db355536	Opisthocomus hoazin	Catalogue of Life names it
906d2915-57f0-4fa5-96f7-f88c5cdbaf07	Phasianus hoazin	57af35e4-4bb5-4d63-9eae-df46db355536	Opisthocomus hoazin	Catalogue of Life names it
4b6fbd2c-23a1-4b4a-9499-9cc76e3d6d26	Phonygammus aruensis	6cb3f1f2-e1d9-4341-ad85-e04fe2a5ec56	Phonygammus keraudrenii	Catalogue of Life names it
87bc8090-4167-4d18-b399-3874389f9c0a	Phonygammus diamondi	6cb3f1f2-e1d9-4341-ad85-e04fe2a5ec56	Phonygammus keraudrenii	Catalogue of Life names it
6fb364fe-de37-4b13-8e53-2610930bf1eb	Phonygammus neumanni	6cb3f1f2-e1d9-4341-ad85-e04fe2a5ec56	Phonygammus keraudrenii	Catalogue of Life names it
ed4bd7f7-3133-4235-b4c1-5c4ff763f022	Phyllastrephus leucolepis	a555a321-b8c0-48a2-9d57-57346b5aae1f	Phyllastrephus icterinus	Catalogue of Life names it
01ae1096-af4e-4180-a99c-096d53b180d8	Phyllastrephus placidus	c4ce80d0-cdbb-4b90-9276-2b88ab3d1c4d	Phyllastrephus cabanisi	Catalogue of Life names it; iNaturalist resolves it to the same taxon
1926eb3a-9ff0-4234-9717-f70925957233	Phylloscopus floresianus	a5fccc30-7e9b-4c97-a3a3-443f0ecbb671	Phylloscopus presbytes	Catalogue of Life names it
63411166-d110-4a25-b4f3-ea18e1e5ecaf	Picoides funebris	f3a4b205-5e23-45a4-9f8c-548aa36786b6	Picoides tridactylus	Catalogue of Life names it
8305f27f-529b-47eb-99ac-9d9ead4a398e	Picus benghalensis	2962273a-3315-42d5-babd-cee6a8413654	Dinopium benghalense	Catalogue of Life names it
060701cd-6be6-4066-90da-7483cb40c2b6	Picus javanensis	ed993060-b21e-404c-80e1-13632460de02	Dinopium javanense	Catalogue of Life names it
8fd94421-0a49-44f5-b0d1-439a0af5d87c	Picus macrocephalus	ea53f392-8b6d-4728-8796-83ec86e90508	Piculus chrysochloros	Catalogue of Life names it
b6ee36dc-7568-4c23-92aa-91c336ca6238	Picus malaccensis	d480e797-64eb-4498-83b3-63a06e81a92a	Chrysophlegma miniaceum	Catalogue of Life names it
e7f6f37d-1591-414d-84c9-c784342b09c0	Pinicola rubra	e6801120-f330-4284-a7ca-7fb6a9b640a2	Pinicola enucleator	Catalogue of Life names it
270e2914-06a3-43eb-94e7-6f2bd184ddb0	Pionites xanthurus	444846b4-40c2-4db2-9798-4558ea4302cd	Pionites leucogaster	Catalogue of Life names it
6bce9761-8b97-415c-bc0a-2aaa0a79fcb9	Pipra australis	69fdc518-bf7f-4d46-abc4-3d3f3f705f70	Dicaeum australe	Catalogue of Life names it
3736f7f3-c488-4b9c-ae28-a1d001091495	Pipra pectoralis	56fd1a53-c5ce-46e6-8400-b06d2a76c839	Euphonia pectoralis	Catalogue of Life names it
97ee06f6-7705-4e27-86fd-92c3fe5477c2	Pipra peruviana	98d5199e-f766-4db0-9b65-d1e0dd6d56e2	Rupicola peruvianus	Catalogue of Life names it
7862db97-82dd-458e-a666-047df60719db	Pipra punctata	c32c55bf-3378-48b2-b00e-399721a54523	Pardalotus punctatus	Catalogue of Life names it
e758054a-2921-46fc-87fd-277039fd12e1	Pipra rupicola	97f9ca90-3f71-4d7a-b3a6-d4bc33241df8	Rupicola rupicola	Catalogue of Life names it
9b8bfa0c-6211-49ca-9d2e-831087ce3be5	Pipraeidea cyanea	5934061b-e5bd-4e20-9fec-f9b14a4dab6d	Pipraeidea melanonota	Catalogue of Life names it
001b901b-d71e-4637-ba80-397795bd05bd	Pithys leucops	5a3ef3f9-779b-4cb2-bfb9-07bac7bebd1c	Pithys albifrons	Catalogue of Life names it
ebbf2fcb-b405-48bd-b952-3feec9dc2e24	Pitta morotaiensis	f001893b-886a-41d5-b564-b35fc3f84a54	Pitta maxima	Catalogue of Life names it
ea6ed8a1-1673-4d1b-9092-c0c53b35e3fc	Pitta thoracica	59fe8f01-0413-4e85-94a3-f1614818cc34	Stachyris thoracica	Catalogue of Life names it
3fb9a373-5e22-4fde-9bdd-206492f36135	Platyrhynchos melanops	e6f44fbf-4e19-4a31-a6c4-31dfc7706b4c	Conopophaga melanops	Catalogue of Life names it
76e1f4f3-0867-4a0b-a5d2-06040b985217	Platyrhynchos rufiventris	edb6409f-b226-4f28-868a-c86a4705f985	Rhipidura rufiventris	Catalogue of Life names it
ad76027c-aa85-44a5-9137-b93a9d7cb839	Platyrinchus albogularis	0cc3ce13-13a1-4d50-9e91-331ec9c501fa	Platyrinchus mystaceus	Catalogue of Life names it
bb831025-5a0c-46b0-9016-5523f3dabca3	Platyrinchus fuscus	e63338bf-00f6-4545-b041-a254f3b8bbf0	Platyrinchus platyrhynchos	Catalogue of Life names it
805cc5b2-796b-4e28-9341-723f7028c4f4	Ploceus flavissimus	642a7c35-b93e-4ae1-adfb-6fe4916118c4	Ploceus galbula	Catalogue of Life names it
21ede326-3a86-455b-9c5c-64d8e6af24a7	Ploceus graueri	cdcd9586-70c3-4648-942e-bf266d1180bc	Ploceus cucullatus	Catalogue of Life names it
4653cac2-3ecb-4222-894f-0804a61ea66b	Ploceus ocularius	8267275a-86ec-4c93-b1f6-213c0ccd370c	Ploceus ocularis	Catalogue of Life names it
d112f22f-4dbb-4845-b759-1aff2d39eac6	Ploceus passerinus	22894ebc-de78-435c-a346-3a695f295701	Ploceus philippinus	Catalogue of Life names it
c08c9831-c1a0-43ba-a2bc-25c9e4c553a0	Pnoepyga mutica	e71a12a1-690c-48f7-bf21-de5de04b6daf	Pnoepyga albiventer	Catalogue of Life names it
4f10eead-1f2d-44b8-acea-021a08368b15	Podargus cinereus	f4e2d594-84a6-4b2e-afcf-6245cfe5e09c	Podargus strigoides	Catalogue of Life names it
6cbcf07d-12ce-49a5-ab6c-9833ffd2c311	Podiceps juninensis	fa976c24-cb15-4672-949a-797236b85f99	Podiceps occipitalis	Catalogue of Life names it
366c5f0f-b322-4c55-93dd-3cda7ef60b84	Poephila gouldiae	3a3d9844-944f-482b-b5fc-bfba8c1bfae9	Erythrura gouldiae	Catalogue of Life names it
7e7f3e88-df32-49a5-85e4-e5a41df42e44	Pogonocichla ruficapilla	2f168cd8-b063-4d4d-a236-ccdfd150597f	Phylloscopus ruficapilla	Catalogue of Life names it
02837708-a5b2-4123-89a2-c9c494fffefa	Pomarea pomarea	a22d1330-8298-42e3-94d2-0fb4ee26eac8	Pomarea nigra	Catalogue of Life names it
1bde5739-2c97-4564-a9df-3829d9e70b39	Premnoplex pariae	118f8eb4-4e59-44a0-afca-afee6cd30aeb	Premnoplex tatei	Catalogue of Life names it
52b7f975-92d9-4546-b0c0-11202f132aa1	Premnornis guttuligera	3ce59ca6-f4b6-4386-ac02-04cd46f29bd4	Premnornis guttuliger	iNaturalist resolves it to the same taxon
47746b03-9c7a-422d-b297-e88df0e5bbc1	Prinia cinerascens	1f665b8a-cb56-4f69-b82c-659d61b6dea2	Laticilla cinerascens	Catalogue of Life names it
642e6dc8-ff2c-4550-9f31-ea112cf8552a	Prinia deignani	1f57af2a-48b5-4d2b-bab4-d72951c9aad1	Prinia polychroa	Catalogue of Life names it
b3604256-552a-4b74-9f2a-57beb28a52f4	Prinia robertsi	87a9013b-10ff-498c-8381-cddf46d6389a	Oreophilais robertsi	Catalogue of Life names it
e834a18d-17d4-4442-b24a-c237c075c71f	Prinia sonitans	5c6f8190-0f81-494e-84c2-147ce3b6693a	Prinia flaviventris	Catalogue of Life names it
77cba9b2-1ba1-41c5-b056-f5312220ad8e	Prinia substriata	f30d8524-a3a6-4451-8716-03bc1d21779f	Phragmacia substriata	Catalogue of Life names it
1ef69f23-515f-4d38-84ea-1a9325b16158	Prodotiscus whitei	2362e18f-0200-48b1-880d-3e19659a4d66	Prodotiscus regulus	Catalogue of Life names it
6c8331d6-3b4a-4be4-b9d7-d365c46d234a	Promerops fastosus	d76dc3f9-4850-443b-b46f-92fdc82b5ae9	Epimachus fastosus	Catalogue of Life names it
a2e42820-a94c-452d-9553-b5137617b71b	Propyrrhula subhimachala	99642e16-8403-44b3-9276-1f51c8a4eed7	Carpodacus subhimachalus	Catalogue of Life names it
fde590e5-ddd5-43a7-9b4d-4b18ea6ce7b4	Psephotus pulcherrimus	a20725f7-d7a7-42e6-84bc-6fb7c2494b2a	Psephotellus pulcherrimus	Catalogue of Life names it
c2a45f4d-ccfc-4dc5-ba96-165901676967	Psittacella lorentzi	b99d47fb-4583-4662-a1f6-852b09d7c468	Psittacella picta	Catalogue of Life names it
f10a9c8c-dc66-4dc9-925f-a3e3a2313314	Psittacus aestivus	a429dd85-5f27-4c90-93d5-25c351ef55ff	Amazona aestiva	Catalogue of Life names it
f0971650-cd4c-444c-a1bf-665d7b030ad3	Psittacus arararacina	fc0d3820-708b-41c9-a032-dbc0f6df9381	Ara ararauna	Catalogue of Life names it
13594d23-17bc-4d25-8747-3c9ffe79e55d	Psittacus cyaneus	e358a99f-f638-41e3-b6c0-8096fb001168	Vini peruviana	Catalogue of Life names it
46dd921b-cee4-42c9-bcd7-5c16b7e784e3	Psittacus galeatus	345314d3-416f-4487-a7ff-e458bbcaf660	Callocephalon fimbriatum	Catalogue of Life names it
a75c4347-d28f-4047-9425-bccabfa93b3c	Psittacus haematod	bcf2d41f-ac04-4844-a28c-f171da02f39a	Trichoglossus haematodus	Catalogue of Life names it
7b5aa8f1-3468-4e21-aef4-c7b69a3692bf	Psittacus luteus	0f63eeb7-51f2-420b-91c3-b1c31aed5160	Aratinga maculata	Catalogue of Life names it
66a894d2-0646-4e43-ab03-023c8663edab	Psittacus niger	88e19d56-95f9-4c32-9cac-504ddbb94afe	Coracopsis nigra	Catalogue of Life names it
fbbbe0d9-bbf8-471e-aa7d-5216c349ae3f	Psittacus pennantii	73198db4-c691-42fd-873d-8e018b19ca6f	Platycercus elegans	Catalogue of Life names it
6740fc12-e2f9-4610-9500-2ffd51ee6957	Psittacus spectrum	fa3255da-a89e-4b10-aef1-5dadb683bce9	Probosciger aterrimus	Catalogue of Life names it
13ce3ddc-c322-42fd-b942-6f8ac979852c	Psittirostra olivacea	194c0d92-a07f-4e81-8ddc-186fe5510ba8	Psittirostra psittacea	Catalogue of Life names it
937f72dd-d223-4e44-9377-ea6577996987	Psophia creptians	d16ac041-9cab-4901-9f5c-917d5da06ed7	Psophia crepitans	Catalogue of Life names it
fee2b0a0-2f2c-4842-b556-09f4a495bb51	Psophia dextralis	657d9cd1-042b-4718-a335-6f2748b6ba87	Psophia viridis	Catalogue of Life names it
82ee06c9-0048-4c70-9240-a4c754a3a858	Psophia obscura	657d9cd1-042b-4718-a335-6f2748b6ba87	Psophia viridis	Catalogue of Life names it
dab5ffe0-6d1f-4a1d-876c-d86ed44d41d5	Psophia ochroptera	d16ac041-9cab-4901-9f5c-917d5da06ed7	Psophia crepitans	Catalogue of Life names it
f9253a23-659e-4a97-a17c-25e63f11dd43	Pteroglossus humboldti	9d42b911-986a-4ca7-b351-7885bc7625b5	Pteroglossus inscriptus	Catalogue of Life names it
8a99e146-ac96-477f-a588-1e73803dc38b	Pteroglossus sturmii	b0a9a878-d9f6-4ad4-afcc-5bcbc9723572	Pteroglossus bitorquatus	Catalogue of Life names it
da4ed6a3-b939-44a9-841a-edc2025f7609	Ptilinopus fasciatus	8fe2c56e-e83d-4ee0-8df1-0593300b4829	Ptilinopus porphyraceus	Catalogue of Life names it
4c214de5-3272-44db-909f-a8ae9badeab5	Ptilinopus gestroi	5b406a05-7797-4b55-8309-6a85353a8994	Ptilinopus ornatus	Catalogue of Life names it
5551b763-9be5-49b2-b832-3cf658f22387	Ptilonopus ponapensis	9753d05c-e412-4bb6-8b7d-bec8cc49bb2d	Ptilinopus ponapensis	Catalogue of Life names it
69385ca7-38d4-4df8-9e09-da30b0027829	Ptilonorhynchus holosericeus	20df3cd6-c1e9-4e7c-ba13-b17e780adfb0	Ptilonorhynchus violaceus	Catalogue of Life names it
cc52284f-c777-4072-a3a4-72ad2b735b30	Puffinus parvus	062b9123-12b1-40f9-a938-bb96b126afb1	Puffinus boydi	Catalogue of Life names it; iNaturalist resolves it to the same taxon
1fb578ed-95ae-4c5e-b928-d8223a4b1338	Pycnonotus dodsoni	0c1009e1-a502-4f9c-8164-7402a8d23d4e	Pycnonotus barbatus	Catalogue of Life names it
1b10b2d8-6d30-441e-b717-aa5cda525a8f	Pycnonotus somaliensis	0c1009e1-a502-4f9c-8164-7402a8d23d4e	Pycnonotus barbatus	Catalogue of Life names it
80223043-3166-4f1d-b9e0-0e29190a42ba	Pycnonotus tricolor	0c1009e1-a502-4f9c-8164-7402a8d23d4e	Pycnonotus barbatus	Catalogue of Life names it
f94f9831-582e-4815-8333-fd194fdb5c3a	Pyrrhula cineracea	7eeb7d60-c154-4a61-92de-c370458778ca	Pyrrhula pyrrhula	Catalogue of Life names it
6ace11cf-1e93-4809-8485-4d7e2779c097	Pyrrhula waterstradti	7e356382-a39b-4fe1-b82b-b21f03fee426	Pyrrhula nipalensis	Catalogue of Life names it
ae5d17e4-96a8-4bfe-9cab-43a3dae8a933	Pyrrhura chapmani	80a7f793-5f68-4509-b00d-cf1d7dcc1b23	Pyrrhura melanura	Catalogue of Life names it
18019937-47b9-480f-b1fa-80881c415c82	Pyrrhura pacifica	80a7f793-5f68-4509-b00d-cf1d7dcc1b23	Pyrrhura melanura	Catalogue of Life names it
0520e721-94eb-4f0a-af3d-3b7da0ddf996	Pyrrhura parvifrons	06d25776-8e97-43a1-ac60-0dfb312a1033	Pyrrhura peruviana	via a synonym
e0dbee60-f09c-4d5a-b487-057532c6fc95	Pyrrhura snethlageae	d0596646-c9a3-4d66-a4f2-9ada85c980fa	Pyrrhura amazonum	Catalogue of Life names it
f7046a60-0bc4-48d2-9437-dd65280863cc	Pytelia phoenicoptera	16a18a06-2f93-498d-8911-45f67607e63b	Pytilia phoenicoptera	Catalogue of Life names it
9f404aae-b525-4917-831c-86f925ae38df	Querquedula circia	a81f9907-4a4d-411c-9239-71f92d5c3195	Anas crecca	Catalogue of Life names it
209cb591-4d8a-402c-920f-b40998f3ed5a	Quiscalus fortirostris	6b862cc8-3806-45d4-a9aa-48d1397dd15d	Quiscalus lugubris	Catalogue of Life names it
7b54cefd-2417-4af9-b272-0368b20f54c1	Quoyornis georgianus	6150b638-9808-4e81-94bd-c0cd718722a5	Eopsaltria georgiana	Catalogue of Life names it; iNaturalist resolves it to the same taxon
a5d4ccba-42e7-483f-a840-5953aac60d15	Ramphastos ariel	291bbdca-f7eb-48c0-9f1d-2b33b05a166a	Ramphastos vitellinus	Catalogue of Life names it
e065159f-f434-4a13-a0e8-9b4de0805050	Ramphastos cassicus	60e67db9-b1ca-4a24-85c8-42b6d85c223d	Cracticus cassicus	Catalogue of Life names it
058749ee-4731-4940-80d2-85ea8d390ecf	Rhamphomantis megarhynchus	d26bb7e6-ba59-47bd-96a1-3241b6082207	Chalcites megarhynchus	Catalogue of Life names it
860ec52e-157a-43e4-80c0-97128ca73106	Rhipidura assimilis	edb6409f-b226-4f28-868a-c86a4705f985	Rhipidura rufiventris	Catalogue of Life names it
89760120-70a3-4309-9774-9f8afd6b5cbe	Rhipidura bouruensis	edb6409f-b226-4f28-868a-c86a4705f985	Rhipidura rufiventris	Catalogue of Life names it
4c9db66a-ce52-4ba7-a063-142b910afa76	Rhipidura cinerea	edb6409f-b226-4f28-868a-c86a4705f985	Rhipidura rufiventris	Catalogue of Life names it
8b4d0ece-ec7b-404e-92bf-b181f987c530	Rhipidura hoedti	edb6409f-b226-4f28-868a-c86a4705f985	Rhipidura rufiventris	Catalogue of Life names it
5ed31241-4ecc-400c-9437-cb894a4b24ea	Rhipidura isura	edb6409f-b226-4f28-868a-c86a4705f985	Rhipidura rufiventris	Catalogue of Life names it
38db03a7-30b6-407e-a4da-3c065008cc9c	Rhipidura kordensis	edb6409f-b226-4f28-868a-c86a4705f985	Rhipidura rufiventris	Catalogue of Life names it
b219fc81-9bfc-44fc-9dc8-9aa2d32bd09a	Rhipidura obiensis	edb6409f-b226-4f28-868a-c86a4705f985	Rhipidura rufiventris	Catalogue of Life names it
b42641f2-1a29-4c65-9dc3-1680c7710803	Rhipidura tenkatei	edb6409f-b226-4f28-868a-c86a4705f985	Rhipidura rufiventris	Catalogue of Life names it
1c9411c9-c253-4738-812c-a0a79c70e049	Riparia europaea	79365a74-68ad-4fd9-8f62-a2bc1e0f1e1b	Riparia riparia	Catalogue of Life names it
7c31afe2-8602-4726-aaa9-7a685714aa0c	Rissa brunnichii	ee7e6f45-1b55-4b24-a063-5ebafd7e8554	Rissa tridactyla	Catalogue of Life names it
cdf3f909-cffe-4678-9ff1-b8e3663d2e4e	Rynchops fulva	3fb79476-79e4-487e-b637-b56c99df6c2d	Rynchops niger	Catalogue of Life names it
21351d22-1954-432b-8855-57e2f5e9e0cd	Sclerurus cearensis	df35c927-3ec3-4968-ba3d-84092208953e	Sclerurus scansor	Catalogue of Life names it
f7b9ff71-f695-4d94-a903-74867b7ac731	Sclerurus olivascens	2e15c376-8c79-45cb-a934-598fb3e6654d	Sclerurus caudacutus	Catalogue of Life names it
97bdf558-4e48-4419-93e5-c532302417b4	Scolecophagus affinis	96ff6efd-bfb1-43a0-86db-72c070e91ced	Euphagus carolinus	Catalogue of Life names it
54fd2be9-e35a-4e9b-b0fc-ee0e1b183cb5	Scolopax aegocephala	ddedd604-b5db-49ff-9953-d8d733821f26	Limosa lapponica	Catalogue of Life names it
d5997221-575e-41a0-acb9-35feae8bc900	Secretarius reptilivorus	44e5e7dd-d9cc-492a-b94b-d61997e8c32b	Sagittarius serpentarius	Catalogue of Life names it
bb38e8a1-e7d6-4aea-be21-722cc7c69833	Sericornis virgatus	c6090137-1e10-485d-8203-3d3cc242dd0f	Sericornis nouhuysi	Catalogue of Life names it
451a3d82-0a8b-4e02-818e-0f550fd516ec	Serpophaga munda	f06a986a-3394-4c59-869e-6310397f3ccb	Serpophaga subcristata	Catalogue of Life names it
a1700009-d183-4b07-9955-e8d74c7a2e72	Sialia azurea	c14bfdb0-d2f8-4c0f-b0da-0be2a2afa7fe	Sialia sialis	Catalogue of Life names it
6d575a30-cf6e-4bb9-892a-30c2cad0ac05	Sitta chrysoptera	61650e7b-d671-4ec1-aae5-be14456bad6b	Daphoenositta chrysoptera	Catalogue of Life names it
925a32ca-29a0-4048-a8c1-95a3b7cb5f8d	Sitta fusca	a5ad8e3a-aa1a-4fbe-a24c-a9ddf313f8a2	Anabazenops fuscus	Catalogue of Life names it
175951f8-d835-413c-9576-70032f6da7c8	Sitta punctata	bfbdfcad-d587-47af-ac6b-88245154d601	Acanthisitta chloris	Catalogue of Life names it
eef5b9be-48fd-4f5d-a67e-ea8894852f48	Sittasomus griseus	46d7db80-e0de-43ec-bce1-1bae528f96a8	Sittasomus griseicapillus	Catalogue of Life names it
52369b41-ef83-4c87-bd1d-f757ec4dbc40	Sphecotera viridis	8fed23bf-f8f2-4017-b8b4-80271ed898bf	Sphecotheres viridis	Catalogue of Life names it
45a71b89-f957-4219-9684-b9681437c64b	Spilornis minimus	556130f5-a45d-4c8e-895e-d59b7fc9f32e	Spilornis cheela	Catalogue of Life names it
35e5c2aa-ef49-4a47-b3de-d8ba5f58e54f	Spinus alleni	04c06625-5eef-465f-956a-87bdf2e8757b	Spinus magellanicus	Catalogue of Life names it
9a50df1c-dd06-46fd-8060-a358418deef2	Spinus nigricauda	5ad14719-3b61-4f5e-bc6d-3fd09f78b943	Spinus spinescens	Catalogue of Life names it
704a757c-0970-446a-acd4-5c01466d8ffa	Sporaeginthus subflavus	b274dfac-3947-414c-b895-90b2a3e379bb	Amandava subflava	Catalogue of Life names it
7817106e-b61b-4cba-a3d7-4cf806a3c905	Stelgidopteryx ridgwayi	a5b87aa2-f1bf-47d3-ab8a-0e1abac8cfec	Stelgidopteryx serripennis	Catalogue of Life names it
47c46cc3-1282-4acd-8476-c4d2c3c4f3e3	Sterna fuliginosa	793f13e3-760f-4cfd-8d1e-39a4a55b1863	Onychoprion fuscatus	Catalogue of Life names it
d080022a-19f3-4e21-a44a-5ecdd6c525d8	Sterna galericulata	1b7d16c9-c79d-41c4-a15c-32a0285fdf02	Thalasseus maximus	Catalogue of Life names it
e97b4d11-a473-4593-bc4e-0565f76f5400	Sterna minuta	cc0d1fd5-0e69-42c3-8847-0eb14d5572bb	Sternula antillarum	Catalogue of Life names it
7c3cb3e3-f354-479f-90df-fbff747671f1	Strix davidi	8c307a37-8f21-413b-b1fa-aadc2c0ca3e5	Strix uralensis	Catalogue of Life names it
21ba23e7-f4e1-4cd6-a236-4fe55f51a42a	Strix georgica	0dd0c962-ba5e-441c-bdf2-e0d906027a61	Strix varia	Catalogue of Life names it
79c1453e-8052-4b2e-9aa9-d7609ad95464	Strix nyctelea	49feefd3-9ad2-4fed-9e6e-31a8216cf674	Bubo scandiacus	Catalogue of Life names it
76ded727-2066-4d2e-b26c-0e38c415044d	Strix pulchella	6023bee9-0285-453d-b0e4-ddb1a2876780	Otus scops	Catalogue of Life names it
e6566390-1372-41c7-9d5c-22df4b6a39b9	Strix tengmalmi	00079352-7bde-483a-818c-8155ecf257a1	Aegolius funereus	Catalogue of Life names it
c3d76392-0870-4ca9-b703-708abfd7757a	Sturnus luteolus	3b755111-9d65-4e5a-a71c-bc2a6d2297ad	Oriolus xanthornus	Catalogue of Life names it
a5bc9224-2878-413b-80b1-500c39ad9ff5	Sturnus tenuirostris	16215692-12d6-437a-ab44-7539d5beca1c	Sturnus vulgaris	Catalogue of Life names it
1abaf4f5-afcd-4ba4-ae77-35ae07d1d221	Sylvia aequinoctialis	e33c0f96-9130-4f7b-add2-d65c065c60e1	Acrocephalus aequinoctialis	Catalogue of Life names it
fd7d87f7-83c5-4b06-9289-c167b7f48ee9	Sylvia baboecala	338945ea-55f2-4890-9920-fa33feed8994	Bradypterus baboecala	Catalogue of Life names it
0e9c089b-1ee0-4e07-9371-fa89b87b0129	Sylvia brachyura	137b2311-4d87-4ea4-a46c-c58ae600a37c	Camaroptera brachyura	Catalogue of Life names it
32fb5998-a01f-4b6a-bc0b-3666b399f1d3	Sylvia cantillans	f9ebba31-7d40-4721-ad0e-edb19733d937	Curruca cantillans	Catalogue of Life names it
cdf0c024-0de5-45ff-ab04-0c994b78b0b0	Sylvia domestica	bc7e6915-ba10-4bb8-bd84-edb677893d1e	Troglodytes aedon	Catalogue of Life names it
3528d29f-80e8-4ac2-a972-ba6a46fdac8f	Sylvia elata	d55c0592-ccb6-462f-a5fe-1c429dc31136	Tyrannulus elatus	Catalogue of Life names it
4c0d1d40-e949-48da-b6fc-db643fa5428c	Sylvia flavicans	dbd6ba1e-5b85-4219-a8fe-7d5a1f8e182e	Prinia flavicans	Catalogue of Life names it
11a0b5bb-2f18-45d6-941b-ba76089cab68	Sylvia inornata	1e24fd7d-1eee-41d4-8b18-cc400b903d2a	Curruca iberiae	Catalogue of Life names it
bf695884-022c-4a1d-8210-d0028c4ede96	Sylvia leucoptera	4dcdb2dd-c564-499c-96ec-6209c99c830a	Setophaga americana	Catalogue of Life names it
bd9cbf64-7bf5-406c-a3fe-170c3543df33	Sylvia ludoviciana	a7cc9281-038a-4069-b196-63e61cc7dc5b	Thryothorus ludovicianus	Catalogue of Life names it
9bcf8d61-f940-412f-b029-249c86f730c2	Sylvia minuta	8c62be4d-cda1-4e57-8e9b-a5ec84e341ba	Anthoscopus minutus	Catalogue of Life names it
0e52d169-d02d-46d0-a40b-d8c7b33709de	Sylvia moltonii	51c38c47-7aa0-47ac-b8d7-01df6eeb22d6	Curruca subalpina	Catalogue of Life names it
d6dfca1a-4718-4939-8b8d-3b306dd04252	Sylvia philadelphia	00224199-6003-4805-82a9-0167c6fca285	Geothlypis philadelphia	Catalogue of Life names it
59590f66-7059-480a-b06a-236e8cd6c487	Sylvia sagittata	9b9adb1f-e240-43ef-a6a5-119f6ef819c7	Pyrrholaemus sagittatus	Catalogue of Life names it
390e78fb-d13a-4513-a76d-d0177026e42b	Sylvia solitaria	3dd094be-80ec-4f5e-a96f-50282f6957f3	Origma solitaria	Catalogue of Life names it
fa98996f-c313-40c0-98fc-89ca282bf7e7	Sylvia subalpina	51c38c47-7aa0-47ac-b8d7-01df6eeb22d6	Curruca subalpina	Catalogue of Life names it; iNaturalist resolves it to the same taxon
a7b85180-2221-406e-ac1b-c7ae8e360f6b	Sylvia subcaerulea	cca7e176-a685-46c9-926e-9287ff54c762	Curruca subcoerulea	Catalogue of Life names it; iNaturalist resolves it to the same taxon
c736b31b-b3b7-42d7-bfe4-b144b93043cc	Sylvietta leucopsis	9a3a9680-5267-490a-9c90-5d290f6fdb14	Sylvietta brachyura	Catalogue of Life names it
7541d7a6-0fa6-4443-aee6-3821074ab825	Synallaxis amazonica	4cf96b1f-453f-4e7d-af56-e2ddeaf551ba	Synallaxis rutilans	Catalogue of Life names it
26e5298a-8703-48ae-a9c7-29ca395719bc	Synallaxis caquetensis	4cf96b1f-453f-4e7d-af56-e2ddeaf551ba	Synallaxis rutilans	Catalogue of Life names it
bd3c9e41-fa08-4243-8163-6cb9de124562	Synallaxis dissors	4cf96b1f-453f-4e7d-af56-e2ddeaf551ba	Synallaxis rutilans	Catalogue of Life names it
b054e7a9-b259-48cb-8bc7-f3af6bb20d3e	Synallaxis omissa	4cf96b1f-453f-4e7d-af56-e2ddeaf551ba	Synallaxis rutilans	Catalogue of Life names it
24c8ad8b-3325-42c4-bba4-70ccca35d05c	Systellura roraimae	a5ea487f-11f8-4b42-9dc1-a49ddaf66793	Systellura longirostris	Catalogue of Life names it
a1c9284c-e314-406f-bdf0-6a3d8dcf52ae	Tanagra archiepiscopus	ab021f25-5248-477b-abf1-6e45fa6448e5	Thraupis ornata	Catalogue of Life names it
273eb704-bb62-4803-a7fd-99b97f6e0adc	Tanagra capitalis	c083181e-1f81-4edb-b543-a566f4a96741	Ploceus melanocephalus	Catalogue of Life names it
438bf556-a563-49cc-bf7f-ecc6f285a5f2	Tanagra malimbica	73a1a431-d088-4fb2-bc01-7b489556c40c	Malimbus malimbicus	Catalogue of Life names it
0ceb03af-7dea-4633-93c2-24be71bd6a61	Tangara argentea	20c823dc-4aa2-4ed4-81ce-e7de42cb1b3b	Stilpnia cyanoptera	Catalogue of Life names it
96504fcd-f63f-4be8-9e8c-6d0d04924544	Tapera brasiliensis	68648c4a-81b7-4334-b928-31d82b4d249f	Tapera naevia	Catalogue of Life names it
536fe60b-28ef-432e-91a1-76fb7325bfb7	Telophorus quadricolor	5cde0798-7163-45c9-a92d-b95465698115	Telophorus viridis	Catalogue of Life names it
47209f31-ee07-4cb9-96e8-85aa3c24a433	Temenuchus pagodarum	4ac71851-5ff2-4565-9ed4-71a121f57866	Sturnia pagodarum	Catalogue of Life names it
e352bd4d-5603-4950-b59f-8c7d04946841	Terpsiphone smithii	939b2c07-d27f-4a6e-be71-6fdc00518422	Terpsiphone rufiventer	Catalogue of Life names it
d0ec63d5-cebf-44c7-93a4-e6c0def1b109	Terpsiphone unirufa	60a92397-cd7d-48be-8576-03fbdceef82e	Terpsiphone cinnamomea	Catalogue of Life names it
4dc1ddea-8e1d-45b8-8b56-1a0876ac873b	Tersina caerulea	196789d4-af7c-4716-a72d-9ceba4c64aee	Tersina viridis	Catalogue of Life names it
d29f59ba-ed79-4b4f-9ec3-c0d588069efb	Tesia albiventer	e71a12a1-690c-48f7-bf21-de5de04b6daf	Pnoepyga albiventer	Catalogue of Life names it
51e84cb5-58b0-4cba-88b7-c3a6f7a30865	Tetrao falcolinus	efea548e-70f8-4c20-9109-153e9afc9c65	Francolinus francolinus	Catalogue of Life names it
dcf13b8a-84aa-48a0-a3a3-997ac105e2bb	Tetrao major	1deff610-85df-42db-a3e2-5fab4627fe2b	Tetrao urogallus	Catalogue of Life names it
dec21e3e-a634-4440-8f5a-5b7f2781971c	Tetrao umbellatus	6654b0d5-8b91-436a-8eb8-4d44017968d5	Bonasa umbellus	Catalogue of Life names it
df0d395c-10e0-46f7-9e2d-fce8cd1b0f68	Thamnistes aequatorialis	47e9fef7-d3e2-4b54-8371-c44a66f61f99	Thamnistes anabatinus	Catalogue of Life names it
cce6f4b7-ec1d-4a98-bc67-3f42d4155c74	Thamnophilus strigilatus	b929ba33-0c65-4afa-8fce-f87b7be74c35	Ancistrops strigilatus	Catalogue of Life names it
76172fc8-ec71-4b73-8c20-c9c46e97fc2f	Thamnophilus subfasciatus	db6a6821-d9b6-4aa5-9611-3333daa88e5a	Thamnophilus ruficapillus	Catalogue of Life names it
8327f3ee-6bab-42ab-822c-8880cf43b10b	Tityra personata	39d0a447-f78d-4735-89ab-e3a6864b67d7	Tityra semifasciata	Catalogue of Life names it
a3c65bbb-5e44-4250-bb11-a13fe5f33688	Todus platyrhynchos	e63338bf-00f6-4545-b041-a254f3b8bbf0	Platyrinchus platyrhynchos	Catalogue of Life names it
e8979c51-539c-4bb3-9d2a-0396cdbeed5c	Todus regius	6a33ab2f-5d10-4578-883b-6fe6b8308d4c	Onychorhynchus coronatus	Catalogue of Life names it
e63399fa-bc42-4f2e-a750-ec4d12375140	Todus rubecula	79a07a28-f5f4-4a74-a378-cfd658c23bc2	Myiagra rubecula	Catalogue of Life names it
d4843d70-c5d6-46f1-9613-d786a5f91ccc	Totanus totanus	b6d029de-d593-456e-829c-cec604ab1359	Tringa totanus	Catalogue of Life names it
3005a42d-5d81-44ec-a800-2a5be83b3845	Toxostoma dorsalis	cbc8b576-4180-4992-8479-33af220a3381	Toxostoma crissale	Catalogue of Life names it
5c3c4a35-4b36-424c-96fe-ad3f5ea610e2	Trachyphonus emini	a6f1317b-58d3-42d8-b532-d78b7171d5c9	Trachyphonus darnaudii	Catalogue of Life names it
acdd30c5-a91d-45f0-bdcd-afb22121b5df	Tricholaema lachrymosa	40ab6d4e-edb8-4258-a6a1-69f996f7e464	Tricholaema lacrymosa	Catalogue of Life names it
bc6fc736-cada-416b-8709-4b7fe671f327	Tringa gambetta	b6d029de-d593-456e-829c-cec604ab1359	Tringa totanus	Catalogue of Life names it
5fbc2453-f01a-4788-aeeb-f1646a36d2cc	Tringa littorea	de2d5f71-baaf-4285-a4de-44f1c06faf15	Tringa nebularia	Catalogue of Life names it
61c0d999-1be6-4854-b228-ee65a1ba0e25	Tringa ocrophus	773d6042-4482-4bda-8960-a3acafa095c7	Tringa ochropus	Catalogue of Life names it
ed97453d-fdcf-485f-b714-985b595d19ee	Trochocercus bivittatus	2cd33a08-2a9f-4ca4-93e4-333d6f19b44e	Trochocercus cyanomelas	Catalogue of Life names it
99932d7a-04b1-45ee-9373-0b2e615f28ba	Trogon asiaticus	559b5188-fe54-4f62-9ede-2b2bcf5c5569	Psilopogon asiaticus	Catalogue of Life names it
32990452-c410-4d42-ad96-0856400725f4	Tropicoperdix tonkinensis	ac57c15d-7442-421d-905b-b3df2931f18f	Tropicoperdix chloropus	Catalogue of Life names it
8219e9c2-1d0b-4fa5-ac92-ac85e3eb209b	Turdinus perspicillatus	851fae0d-97fb-43b6-bb81-988a81dfb561	Malacocincla perspicillata	Catalogue of Life names it
1558736e-5d10-4d5a-85e6-2ff406b28d59	Turdinus sepiarius	17a8a2bf-1910-4fac-b38f-2b31850b226d	Malacocincla sepiaria	Catalogue of Life names it
34720b68-f94f-4bbf-a4e1-d1128299a6b4	Turdus anthracinus	64152c74-2df3-45d8-9ad6-5dc9602dd612	Turdus chiguanco	Catalogue of Life names it
7bac3471-1ec5-4190-b577-89f09eb7594b	Turdus atriceps	fad8fc46-6c04-4dd2-bb95-1d809e7da3fc	Brachypodius melanocephalos	Catalogue of Life names it
18645a35-1ae1-4c9d-bed0-88530dfaba1a	Turdus borbonicus	a116343a-5f1d-44f4-a725-791853f3ed4d	Hypsipetes borbonicus	Catalogue of Life names it
030a174b-9658-4959-bbc9-832b2a6276d5	Turdus capensis	58117480-21f8-4897-8f28-b07da7f4e727	Pycnonotus capensis	Catalogue of Life names it
bd175a51-8b0f-4ba1-b259-fde2e6620fdc	Turdus caudatus	e5b67bbe-0458-4fae-87a9-a0739a5537a3	Lamprotornis caudatus	Catalogue of Life names it
b714b87f-c384-4f0b-9392-5e3fb556b0f8	Turdus cochinchinensis	3e35ecc9-ea19-4f5f-a1e5-4dff771b99b2	Chloropsis cochinchinensis	Catalogue of Life names it
c0e2f4dd-4d3c-4633-a929-80748a80ff69	Turdus confinis	36ab63c5-6224-49a7-ae4b-01db5f3df870	Turdus migratorius	Catalogue of Life names it
8dd81b45-7df9-452e-ba1e-b87439649c1e	Turdus gigantodes	628fd74f-949a-4d45-a649-2ce61ea3c10e	Turdus fuscater	Catalogue of Life names it
0647bb8b-02b6-4090-ae5d-38f05718e6c0	Turdus ginginianus	25173c22-6624-470c-a0db-90524f0bfa68	Acridotheres ginginianus	Catalogue of Life names it
536207d5-4ff3-4679-a3f6-9897bc19fb46	Turdus harmonicus	35fee194-5ead-49a5-98ab-57770e07f07f	Colluricincla harmonica	Catalogue of Life names it
e26df140-8b83-4dea-8137-d78ea2609136	Turdus inquietus	a09d2ac2-cb67-466d-84c5-5048786d53bb	Myiagra inquieta	Catalogue of Life names it
0493adb1-2ce2-41cb-8a44-f95b766dc448	Turdus leschenaulti	347764d5-dccf-4f3f-ba4d-ee4f43ccda7d	Enicurus leschenaulti	Catalogue of Life names it
4190286c-621a-4a78-bc99-078cfe6d8448	Turdus leucophrys	0b30f5be-3a4d-43f2-bc8e-28036c6a8ec9	Rhipidura leucophrys	Catalogue of Life names it
a6dc3125-554f-433a-9444-9843349aa7eb	Turdus morio	9673f13b-22c0-42c0-93b8-ef16a96fd6b5	Onychognathus morio	Catalogue of Life names it
58ff12ea-a481-42ea-af7e-c59692c19c53	Turdus niger	d20f75e2-b1b5-4905-b7d4-1c953b625d72	Lalage nigra	Catalogue of Life names it
9d544596-8b44-4e12-b628-11edd897fdf7	Turdus nitens	b89e6d06-3bcc-47bd-8492-14cfb80f69ac	Lamprotornis nitens	Catalogue of Life names it
9fcfb19c-bbb2-487b-9165-6d2828d65cc9	Turdus orientalis	d20f75e2-b1b5-4905-b7d4-1c953b625d72	Lalage nigra	Catalogue of Life names it
443b542e-becd-453b-86a1-285afcd6e09f	Turdus orpheus	cd6ae305-3759-4f99-9518-1ff0f674da37	Mimus polyglottos	Catalogue of Life names it
a6548a04-6b9d-437b-bbef-02a231a983e5	Turdus pectoralis	e2a7d7a1-6e00-40a9-b357-85528541c704	Gymnopithys rufigula	Catalogue of Life names it
59eb27d6-2666-466b-9d44-571f556aa78d	Turdus rubripes	d2c40ae3-8ac9-4cb2-94af-4700b3e1b0fd	Turdus plumbeus	Catalogue of Life names it
f7348adc-1961-451c-b46b-278d40dad86e	Turdus strigatus	99e52038-d933-41ac-baa1-0dc25968d941	Aplonis panayensis	Catalogue of Life names it
2d69320a-1c99-4eac-99e7-28f4d5cb4275	Turdus vociferans	caf8f6d1-9a6e-4392-8bd5-479d67ea2d7a	Cossypha dichroa	Catalogue of Life names it
f6368085-090b-4242-bb5d-8162d47e0f38	Turdus zeylonicus	1950ee06-0e62-48e0-8f60-b0e166f1d7d1	Telophorus zeylonus	Catalogue of Life names it
a4742591-e939-4c0c-b2d3-3600d0bab5ca	Turdus zeylonus	1950ee06-0e62-48e0-8f60-b0e166f1d7d1	Telophorus zeylonus	Catalogue of Life names it
3e935011-6467-4f97-8e5b-9a3b800b8929	Upucerthia jelskii	c8f69b68-6873-4437-82ff-56a51838e03e	Upucerthia validirostris	Catalogue of Life names it
2112e35b-9cab-4995-a627-5b459ae624d7	Upupa erythrorhynchos	11f49fb3-c075-4238-839f-7a0266e71b28	Phoeniculus purpureus	Catalogue of Life names it
7c626c47-31ef-4da2-8a54-d9dd5fb27f22	Upupa magna	d76dc3f9-4850-443b-b46f-92fdc82b5ae9	Epimachus fastosus	Catalogue of Life names it
b1a3ff5d-79d3-4456-8e2a-f0c6fa3e396a	Vermivora americ	a86e6d2d-9945-42ff-9347-c49ec4be0f02	Helmitheros vermivorum	Catalogue of Life names it
c790200d-4e8c-4e56-ac57-376890ccd9b5	Vermivora browni	dc43d358-9a4c-407c-829f-817b70406bff	Leiothlypis crissalis	Catalogue of Life names it
2a6c3298-74d5-4abd-8b44-b517e1a5fdbd	Vini coccinea	f23f1911-4e12-4223-bbe6-b9a2ab8d7942	Vini kuhlii	Catalogue of Life names it
c84686a4-6608-4da2-9777-acc8f5f51d06	Vireo musicus	10e2d64e-c02b-4f6f-b494-59fb5912e22f	Vireo griseus	Catalogue of Life names it
3f6df80d-60a0-4ac8-9e6e-ee32fbfc6995	Vireolanius mikettae	e424afca-e31b-4430-a429-7b0715ab78e0	Vireolanius leucotis	Catalogue of Life names it
1da0491c-9a6d-4003-829e-1bc478ea622e	Vultur audax	2d0c7bc2-4acb-4b53-965a-4089b1d42ba5	Aquila audax	Catalogue of Life names it
515ec63b-86ac-458d-b7ad-c53bd62a494c	Vultur aureus	034300c1-5480-4e37-aaff-1b19866634af	Gypaetus barbatus	Catalogue of Life names it
f983660e-87d8-451b-ae79-a87798af20e3	Vultur niger	7cb8deef-41a8-4da1-af07-71875df784f0	Aegypius monachus	Catalogue of Life names it
b54664e6-99b8-413f-adc2-116a492a1a78	Xanthodira flavigula	f35cba80-fc9e-44a4-b922-5c94e258db82	Gymnoris superciliaris	Catalogue of Life names it
fd2ecfbe-3739-4fd6-9c91-101b7dc21e45	Xanthornus affinis	ac8f57bf-19c8-4670-8488-6b725670a26e	Icterus spurius	Catalogue of Life names it
9229f32c-e5c6-4e77-9bb0-b75d31d09edd	Xiphorhynchus necopinus	47bdebd7-4cdd-4f65-9399-be1eb5b4d51c	Dendroplex kienerii	Catalogue of Life names it
e59b0251-a227-44e9-bb9b-5e51bdb40039	Zonaeginthus bellus	20ac1306-ee2c-4d1a-9492-c2cc5c53da76	Stagonopleura bella	Catalogue of Life names it
94e83ab8-5cc6-4a19-85b1-8b4786236a64	Zosterops anjouanensis	46c9dee4-60c3-4054-83ab-ae8f39d44b65	Zosterops maderaspatanus	Catalogue of Life names it
0a18aeb4-23b6-4242-8652-fc426ea9b026	Zosterops crookshanki	7ab9befd-8f8f-45cc-bacb-ecc02c0e2f9d	Zosterops fuscicapilla	Catalogue of Life names it
b2e87430-65c0-4af4-962a-eeda32b4af36	Zosterops insularis	9ca1b208-8149-44af-a548-04bf44d1bd38	Zosterops japonicus	Catalogue of Life names it
71a3e1c2-d9e6-4402-8df2-9614cd0b6001	Zosterops saypani	36f302b3-25e1-4711-bad4-06a21e7cb79e	Zosterops conspicillatus	Catalogue of Life names it
13054400-3dee-4132-93b9-bdd09cdfd899	Octopus variabilis	064acfd2-0265-4dc6-8c52-2c27c9c6878a	Octopus minor	Catalogue of Life names it
6b0b9983-7dd9-4ed7-bba8-5e45e0395c6e	Sepia whitleyana	05f4f4f8-8331-493f-989d-d9b5bc640a10	Acanthosepion whitleyanum	Catalogue of Life names it; iNaturalist resolves it to the same taxon
44b9c344-4428-4703-b2ae-0ac8a764af21	Acanthastrea rotundaflora	502f71af-df8c-4eb7-800d-c07301140439	Acanthastrea rotundoflora	Catalogue of Life names it
8607665d-f039-4ab9-ba21-510dd14e5b1e	Montipora porites	3ed93338-4442-4694-9a62-dff1e2c4670c	Montipora angulata	Catalogue of Life names it
8befc4d1-e367-4266-8dae-a1424d807e16	Calliasmata pholidota	17375d06-68d7-491c-b64b-ccf033e5fa55	Calliasmata pholidata	Catalogue of Life names it
f8c8033a-9219-4769-9ba1-5c41e16e4cbf	Echidnocerus foraminatus	4ab20428-45eb-46e3-8778-ca3511b35a90	Lopholithodes foraminatus	Catalogue of Life names it
2efe1ff8-4f33-4267-8055-713b889c0d94	Gelastocaris paronai	bf84f692-778c-40d9-bc91-6c8362b91dc1	Gelastocaris paronae	Catalogue of Life names it
435fd800-8a2a-41f3-9244-ff013bd7adc4	Geothelphusa lanyu	297bf56c-f7ec-403c-91cc-bd424c958c13	Geothelphusa tawu	Catalogue of Life names it
217c3ca4-cc22-402f-8488-1cf9f3f24e97	Geothelphusa lutao	297bf56c-f7ec-403c-91cc-bd424c958c13	Geothelphusa tawu	Catalogue of Life names it
882ad9c2-c32c-483c-abac-19298247265f	Heikeopsis arachnoides	39ef3b10-50c8-4504-9c6a-b22f40eff854	Heikeopsis japonica	Catalogue of Life names it
85a10293-e0e1-468b-af88-3d67b81c31fa	Hemigrapsus estellinensis	82a52dec-1f79-44cd-9f7b-7e720cc9cb8f	Hemigrapsus oregonensis	Catalogue of Life names it
7e628272-30f8-4adb-a14e-00b9cc544e81	Neocaridina heteropoda	85d12b52-10f2-496e-8388-ae7af2715db6	Neocaridina davidi	Catalogue of Life names it
9521b9ed-68c9-4756-8b25-a39842271dbd	Palinustus mossamicus	d41ac307-26c8-44f1-beaf-402ae45dde01	Palinustus mossambicus	Catalogue of Life names it
e44f4b68-722d-490c-a33c-59dbb0d923c7	Anasterias sphoerulata	22d6df65-f599-44e3-8c0c-4852aaef150b	Anasterias mawsoni	Catalogue of Life names it
5634af25-e2c5-45d3-9e0b-5f61dd19504f	Anthenea edmundi	6a48434d-21e5-4f4f-b12d-bc1270a17f2d	Anthenea edmondi	Catalogue of Life names it
444fdf10-cd05-4de6-9e90-c2f6fd9725cb	Anthenoides piercei	bff1e02d-07f7-490e-b023-c87b9b400f5c	Anthenoides peircei	Catalogue of Life names it
9e07b2ae-2abf-4eaa-8c1c-77f87e19b7f9	Anthenoides tenuis	50c1206b-4f79-4dee-b3ef-a4bdb08d61ba	Anthenoides cristatus	Catalogue of Life names it
d05b3f42-2564-4d7e-b3f0-74b97b8aa334	Aporocidaris eltaniana	90c0d834-74b7-43fa-a578-1fa585c9df0f	Aporocidaris incerta	Catalogue of Life names it
7ab887b9-e9c7-4be6-8cf1-36280b74f881	Arbacia incisa	dd903d40-2ed0-42a7-8f20-38261707dd4e	Arbacia stellata	Catalogue of Life names it
1c2f40ef-2ba7-4ac8-9c38-2330d1e9e777	Asterias calamaria	02833b68-8c97-462f-ac32-40b7b63967d0	Coscinasterias calamaria	Catalogue of Life names it
8d859655-d808-45f9-a6e5-9b672ff1eef8	Asterina coronata	ceccd310-af62-4e96-a970-4c48a123fd82	Aquilonastra coronata	Catalogue of Life names it
7ac64a5a-53fc-4874-881a-136947becd67	Asterina lorioli	a3af5182-f108-4410-961c-9072f7183510	Aquilonastra lorioli	Catalogue of Life names it
87ef51ac-1449-4f61-bfe8-1fac8a98876a	Asterina pacifica	b3139db8-6331-4e85-847c-1763998f5faf	Cryptasterina pacifica	Catalogue of Life names it
06cab159-f06d-4de3-baca-394bd2920741	Astrogonium miliarus	7cc7e4fc-0780-43ea-bd00-73ff95670c4e	Diplodontias miliaris	Catalogue of Life names it
2de6d2b9-246a-4f53-b27f-dfe15c374a87	Bothriaster primigenius	5d586b2d-2390-4ecd-97ad-828ad38becd4	Choriaster granulatus	Catalogue of Life names it
364611ab-cbc8-4403-a93e-e6630b6b4697	Brisinga robusta	f068cbcf-53b6-4a25-80c7-33a6f3b03cda	Novodinia semicoronata	Catalogue of Life names it
b70b1cd2-2bd1-4334-9eb8-7645b2e17001	Ceratophysa valvaecristata	8e2c8169-b24c-4024-8569-a4c4a9653c58	Ceratophysa ceratopyga	Catalogue of Life names it
a3110f1e-c629-4dd8-9a1f-2a26b5ed7876	Cidaris mauri	1ca11516-175c-4f16-be5e-fd01f2af189c	Eucidaris metularia	Catalogue of Life names it
17de1d76-bdca-4237-9235-ce6617b056cf	Circeaster loisettae	a1e0a025-2b7c-4770-add7-d41f75662243	Circeaster loisetteae	Catalogue of Life names it
ecbc31c2-8254-4500-b188-0a1aea51577f	Dicoptella agassizi	4f81a45a-85a6-4f81-9da9-65aedbe1e130	Temnotrema sculptum	Catalogue of Life names it
5378dbf8-f318-4ec9-a243-6709c6995c27	Echinodiscus auritus	3b0753fe-9f1f-4eb2-8633-ea4d3e17a1dc	Sculpsitechinus auritus	Catalogue of Life names it
377f1bdb-f6d0-4e7f-ade1-3b03892b65a2	Echinus atlanticus	ea5fd7e0-2f3c-4957-ae9e-11a8b62c0deb	Gracilechinus atlanticus	Catalogue of Life names it
f60297ce-0586-44eb-9b6f-69dd6219f910	Echinus depressus	5c8cbcd9-15d6-4f99-93b8-e71a6017b083	Gracilechinus acutus	Catalogue of Life names it
976067b5-f6d3-4665-991d-91e48bc39988	Echinus minutus	d6334fcc-7252-472f-b6a3-4fc4a954c687	Echinocyamus pusillus	Catalogue of Life names it
0b5290c9-ee64-439f-a24e-c903d516b38e	Ferdina sadhensis	94c54d41-b06f-41e8-9fb7-a3947e7a2a5d	Ferdina sadhaensis	Catalogue of Life names it
04c57f4f-eaa1-4148-b494-dee16b721f4c	Fibularia oblonga	2e42f2e2-3a54-4583-92b0-74764a058ecc	Fibulariella oblonga	Catalogue of Life names it
15c5a639-c565-41a4-8a04-910fe990942a	Freyella mutabilia	77b6707e-be2f-4fd3-b83f-b5fd050d119f	Freyella mutabila	Catalogue of Life names it
39d35d29-fbea-481a-bc1c-187d3a45b1e8	Henricia augusta	91153d17-5a31-4de8-a9ed-dc2c960942bc	Henricia angusta	Catalogue of Life names it
5e96ff21-ec5e-4fad-a5e4-a5397e87a8c1	Henricia spinulfera	de60f421-eb82-4fec-9012-746566c18bb2	Henricia spinulifera	Catalogue of Life names it
d58d850d-3288-4f03-a04d-6f3ccd6482b5	Hymenaster blevgadi	2c921207-0abd-44fc-b370-54d43d2150b5	Hymenaster blegvadi	Catalogue of Life names it
34790767-df2a-4503-8f1d-3c638ba1b80e	Leptasterias epichlora	f833de99-3d3a-40f5-8fca-fb37bba0e819	Evasterias troschelii	Catalogue of Life names it
3e594c75-3085-4c04-bd1b-dfc77a9afbed	Leptasterias islandica	c1ac72cd-89ed-4045-979c-bcb4500405b3	Leptasterias arctica	Catalogue of Life names it
9966c25a-c069-44d7-9da5-3a179ecbc287	Lithosoma novaezealandiae	4a539964-8f02-4200-abc3-b3eadc2ef5e1	Lithosoma novaezelandiae	Catalogue of Life names it
0eeef4fc-6306-49ad-bbba-a59d250d1498	Neomorphaster forcipatus	1a256d80-17a1-409a-ad69-fae01798ae89	Neomorphaster margaritaceus	Catalogue of Life names it
85350948-5ba2-409a-8836-830f95908252	Nymphaster habrotatus	f1f9ce82-b655-4f46-9cd3-96644100076d	Nymphaster meseres	Catalogue of Life names it
e9a7252d-8e61-4c85-9f80-43d14999a1e2	Odontaster setosus	c1adcab9-0fdb-4f69-a26f-6c01ea39b628	Odontaster robustus	Catalogue of Life names it
081f6c4a-a4d2-4d69-b2bb-b31c4b09f63a	Patiriella pseudoexigua	17eeed7b-63cc-4a8f-8837-b6c79bf84022	Cryptasterina pentagona	Catalogue of Life names it
5faef065-6434-4611-8228-fe546bde98ea	Perissasterias monacantha	6ab66fc6-303a-4d91-a03f-86149c0e403f	Perissasterias monocantha	Catalogue of Life names it
780ce22e-50bc-4116-90a2-04bd73dc45f4	Petricia imperialis	8b8fcb26-4c7f-45a7-b79d-c3a61229ff5d	Petricia vernicina	Catalogue of Life names it
1bdfa4f9-6c23-413b-b4d1-692894e33cd6	Porcellanaster coeruleus	44b3e2d9-a193-40cc-9359-ac73d037f544	Porcellanaster ceruleus	Catalogue of Life names it
3e6d2fff-78ee-4e19-bc10-e17a16d1a0ab	Rotula orbiculus	34b88be5-793b-458f-a9f4-d1046564baf2	Heliophora orbiculus	Catalogue of Life names it
e67032d1-2602-41c2-8a90-fb8b08f563dd	Solaster dianei	62ff8c48-153c-4e71-8d9c-f22d1b211887	Solaster notophrynus	Catalogue of Life names it
6a899e6a-6c77-49ab-85c6-8a3ba26dc421	Solaster papposus	f1501529-9cb3-486e-a9d6-8783f3852935	Crossaster papposus	Catalogue of Life names it
64cd9b58-cda5-4043-8f58-5222cdad0141	Stereocidaris japonica	dd6bb329-d958-4d04-8e49-8c3eea41ca0c	Phalacrocidaris japonica	Catalogue of Life names it
8558d203-413a-4c6e-a573-847b99010d56	Adamsia palliata	c683d1e5-d9b2-40e3-9cc1-d3702ba342c3	Calliactis palliata	Catalogue of Life names it; iNaturalist resolves it to the same taxon
d358c07d-1fa7-4ba5-bce2-073a8c66e4d2	Anemonia sulcata	8187a147-3b78-4466-8bcd-e0ddc78dea92	Anemonia viridis	Catalogue of Life names it; iNaturalist resolves it to the same taxon
53f11d61-b958-4d14-b0df-82712cb40770	Cricophorus nutrix	85599b25-e9c5-4b54-b29d-e58a3724efc0	Handactis nutrix	Catalogue of Life names it
845d5034-f249-42f2-8d84-9abaebf94c6c	Acinonyx hecki	fc2d353a-d73f-4f80-bbfe-a5d7d3f50f23	Acinonyx jubatus	Catalogue of Life names it
6a7349e9-5c25-464e-a44e-53239cac471f	Acomys airensis	d39330de-0f04-4cec-b909-e22b715db3e9	Acomys chudeaui	iNaturalist resolves it to the same taxon
29792ea7-3e05-49ad-87b3-8a77ff1d6b55	Aegialomys ica	d02ab223-1f4e-422c-9bf6-cc7c72a9a7b5	Aegialomys xanthaeolus	Catalogue of Life names it
140b43fb-8b78-4cac-9d4d-1b49880857be	Akodon molinae	76be0544-313d-480c-84b8-7feb781f68ed	Akodon dolores	iNaturalist resolves it to the same taxon
3fd28445-4f53-4ab9-bb43-e33d31a14ae4	Alouatta puruensis	740d7b16-81ba-4ff3-901d-c81503fcb764	Alouatta seniculus	Catalogue of Life names it
68bcdb39-73cb-414c-aff2-231517460321	Anotomys trichotis	2c12eee1-d782-4bd2-97da-956cfcb00a23	Chibchanomys trichotis	Catalogue of Life names it
2ba17c4e-e71d-405e-b123-bfd694c21b78	Antechinus ferruginifrons	6566b75e-2915-436a-867b-37bdcb642b01	Sminthopsis leucopus	Catalogue of Life names it
7fd345a6-11ca-481c-bf03-f21daf2c3b75	Antechinus froggatti	65ce9032-7633-4033-838f-4154bcb90ef7	Sminthopsis macroura	Catalogue of Life names it
b388c83d-1c1f-4ed5-bfb2-b99bebe46343	Antilope depressicornis	c4d727ba-0593-4b23-8d6c-cbc61ba51cd4	Bubalus depressicornis	Catalogue of Life names it
62a38f96-ec99-4400-9827-6581657d11e7	Antilope zebra	df7bd8a5-edb7-4992-92b0-2a127f739593	Cephalophus zebra	Catalogue of Life names it
bf38e5da-63b3-48d8-b666-6b4f84f62d21	Apodemus avicennicus	0165b57f-ebeb-4258-a92d-8d6e94df8b3a	Apodemus witherbyi	Catalogue of Life names it
759d8a81-6b32-459f-80bb-bf68a026643c	Arctogalidia sumatrana	491204f5-3bbb-4dc9-b302-053840990109	Arctogalidia trivirgata	Catalogue of Life names it
ecbf6b6f-d022-4559-a379-ed8b644e2dc6	Arctogalidia tingia	491204f5-3bbb-4dc9-b302-053840990109	Arctogalidia trivirgata	Catalogue of Life names it
04a1f7a3-bd02-4ecc-b327-e44a5a8c80f1	Ateles grisescens	269e0323-a3af-492b-8c85-d242a451bdca	Ateles geoffroyi	Catalogue of Life names it
910dc13a-48ed-4f00-ab10-57a2b1ec53d8	Babyrousa bolabatuensis	f157beb5-d94c-4eef-b1eb-178b7c4eb2ab	Babyrousa celebensis	Catalogue of Life names it
5363be28-90da-4950-a6ab-fa6c8e27bfa5	Belomys trichotis	5d6277d0-f08f-46d6-a5c8-ad06d6e2ede2	Belomys pearsonii	Catalogue of Life names it
1ef027b0-04a1-40c6-b134-92df9d21a806	Bos bubalus	627f7bbe-00ae-4ed8-84e1-dc06b09d4dac	Bubalus bubalis	Catalogue of Life names it
b313c233-06d8-4922-9811-a176c9e09d16	Caenolestes obscurus	b8ec949e-fdf4-4068-8c65-43072ec99237	Caenolestes fuliginosus	Catalogue of Life names it
f0559a29-812f-4a2f-a753-2b6d69342a87	Canis ochropus	bb4938d1-3dc2-44de-8334-25ff3f12e18c	Canis latrans	Catalogue of Life names it
83e44dbd-32a9-4d0c-a2d3-d103c9268988	Capra waile	fa98a6ab-5fb7-4155-b2f0-0491be88d531	Capra walie	Catalogue of Life names it
e7cbc03f-1c24-4fa4-959f-dd105bd52322	Capromys gundlachianus	80f5d2e0-74e5-430f-9771-198ee09fc4ed	Capromys pilorides	Catalogue of Life names it
d1823524-01b9-4ff0-95ce-56395492afd2	Cavia cristata	ee3c911d-8b2a-472f-97f1-ac14777fe427	Dasyprocta leporina	Catalogue of Life names it
9c5c237d-30ed-4532-bd03-d7c680306f61	Cavia nana	43d3cd3a-64cb-4bda-b72f-ca4490d6f6c2	Cavia aperea	Catalogue of Life names it
484238b1-85ab-4b69-93d7-99f5530abe8a	Ceratotherium cottoni	9fe90a9b-1712-4b85-ae8a-c42dfc3caea4	Ceratotherium simum	Catalogue of Life names it
5fa884e9-92bb-48a7-a6dc-cb9c916f35e0	Cercopithecus talapoin	69743554-2d74-4abb-80af-f8c735834159	Miopithecus talapoin	Catalogue of Life names it
e03a498c-66b1-4b9c-9e9a-521f0fc41e4e	Cervus kopschi	c4243baa-f970-42a7-b401-8551a509ed25	Cervus nippon	Catalogue of Life names it
6269f495-6cf0-4b85-966d-f8e8521e3048	Cervus pulchellus	c4243baa-f970-42a7-b401-8551a509ed25	Cervus nippon	Catalogue of Life names it
fa90fed0-fbdd-427f-abb1-8b6d99645c0c	Cervus timoriensis	a4e8679f-b951-4720-8ee3-649bef22641b	Rusa timorensis	Catalogue of Life names it
537f4873-c145-4a1b-9d7c-fb7520e8dff4	Chaetodipus dalquesti	db273217-3cfa-47ed-9e2b-c49fd0c2e400	Chaetodipus ammophilus	Catalogue of Life names it
bdf90dd8-8f5e-41fe-ad0b-4363387bdc3b	Chaetophractus nationi	1dab48fd-8050-4d66-a024-b4c6af77d0c2	Chaetophractus vellerosus	Catalogue of Life names it
025c2dbf-0433-40c0-8cfd-8f4e7107c65e	Chiropoles albinasus	d648a723-cdc4-4a8d-b38f-f5e557924313	Chiropotes albinasus	Catalogue of Life names it
768c89e4-874f-40ac-90d1-9e41c7b6bda3	Chiruromys vales	e214efbe-a914-447c-9ef0-28fba89bd6d6	Chiruromys vates	Catalogue of Life names it
436438fa-73e5-42a3-83bf-d2347ae787ac	Chlorotalpa duthiae	aab2740c-12d9-404a-8c01-5a475df46517	Chlorotalpa duthieae	Catalogue of Life names it
0c66101f-b804-4d19-ac73-c9caaa243998	Chodsigoa lamula	32f15072-3b69-4446-8821-c3045d2ca8ed	Chodsigoa hypsibia	Catalogue of Life names it
14cd29ed-447b-4d89-a797-6ca8d7dd126c	Chodsigoa larvarum	32f15072-3b69-4446-8821-c3045d2ca8ed	Chodsigoa hypsibia	Catalogue of Life names it
16130d11-48df-445b-9d35-90f9974dc9d6	Clyomys bishopi	b9683a31-6e03-415c-bafb-1d2b0ca311f1	Clyomys laticeps	Catalogue of Life names it
100dd396-633c-4fc0-95da-ee0721147f87	Coendow ichillus	207731cf-c6fc-470c-831e-dea22e3917ac	Coendou ichillus	Catalogue of Life names it
f471d232-7e19-4dca-8219-c859dd9044bb	Cricetulus curtatus	5d817b3d-a052-42fc-878d-229d8316c635	Allocricetulus curtatus	Catalogue of Life names it
e53b040f-72fd-422a-9bc3-1e8e66feb8e0	Cricetulus tibetanus	a75020b8-8eac-40a9-b430-cfcbdbe1ae5a	Cricetulus kamensis	Catalogue of Life names it
3cc01b37-f71c-4898-9a6a-36e60e2e1d2b	Cricetulus triton	8b63ceb2-ac28-4905-bda1-abc644b880bc	Tscherskia triton	Catalogue of Life names it
eadf395c-451d-4dfc-b489-f79be024b369	Crocidura buttikoferi	7b95cd00-ed49-4d99-acc7-fcb63499da71	Crocidura buettikoferi	Catalogue of Life names it
d86a3a9b-1c42-4792-954f-573bedb0437f	Crocidura crosser	8e55aa01-066d-4b7c-8ae6-ff0b581c8785	Crocidura crossei	Catalogue of Life names it
9721d0e0-fa63-4a3b-9162-8f7e7dc0dca3	Crocidura cyrnensis	0a772b34-be8d-4c32-a509-4adf758ddff1	Crocidura russula	Catalogue of Life names it
cb47ea23-3677-4eff-ba04-4b845c805c8d	Crocidura doriae	7809e143-9243-4cbf-b818-8443d13e867b	Crocidura foetida	Catalogue of Life names it
afe90338-e107-4a44-8d0b-db3573d4d893	Crocidura gmelini	18c202ad-d462-4d37-9143-dc48d24a1cd7	Crocidura suaveolens	Catalogue of Life names it
e8bf58c3-9392-4236-b3d7-a742c09badd4	Crocidura ichnusae	1f3c0772-ebd9-4afa-9d75-05f1b411f64f	Crocidura pachyura	Catalogue of Life names it
e1d13307-9de6-4005-b722-0df1bafa6fb0	Crocidura lueina	33c7e11f-0a88-4190-902f-0096ebb1b230	Crocidura lucina	Catalogue of Life names it
1d5adc3d-ac1c-46d1-81c0-42e848b8b058	Crocidura manni	bc49c095-4b56-45e4-b3b5-d6d5321b0fe8	Crocidura olivieri	Catalogue of Life names it
ab36799b-3a05-4bf8-ac91-e3e33982f1c7	Crocidura martiensseni	bc49c095-4b56-45e4-b3b5-d6d5321b0fe8	Crocidura olivieri	Catalogue of Life names it
cd0b1f24-c02f-4ece-ac69-db3108e260b0	Crocidura microtis	4fd23956-6a56-4c6e-bade-5d138c95b0f1	Suncus murinus	Catalogue of Life names it
3f364139-0fc7-427f-8c0f-f9de88fdb03c	Crocidura mumnissii	df1bee5d-824c-4009-89b8-f92d0875b8cc	Crocidura munissii	Catalogue of Life names it
7ee796a0-d195-434d-bc7e-995cfe03ea69	Crocidura seiina	f7c99751-c8f8-41eb-bdbd-ad211dfc2710	Crocidura selina	Catalogue of Life names it
6b8a936e-98ec-45bf-957b-ace46be2442c	Crocidura somatica	6508a66e-661e-4f32-af76-4cd0004a7c06	Crocidura somalica	Catalogue of Life names it
b5417cd5-abbc-4a1d-8c8c-9a92f23e68ed	Crocidura torello	337d091c-c73b-432b-ae50-8fff76c388da	Crocidura tarella	Catalogue of Life names it
1d851c3e-a567-4e90-a230-22ece20e4843	Cryptotis evaristor	2f7a0875-eb55-48be-9f9a-d328a4e3d011	Cryptotis evaristoi	Catalogue of Life names it
75b64f29-3140-4645-9189-0f901dc229b7	Cryptotis obscura	c0862d84-bab0-4950-9ed1-3bf512d4ca8f	Cryptotis mexicana	iNaturalist resolves it to the same taxon
cdbe8f61-5d53-4700-8ce8-5b49818ba1fd	Ctenomys budini	4556fc9b-3662-4dae-b05f-92efca6efab3	Ctenomys frater	Catalogue of Life names it
ef3dd76d-4450-4aaf-a7dd-5cf6f583a0da	Ctenomys colburni	d73a8b9c-c0d8-4487-b4d1-08c92139c275	Ctenomys magellanicus	Catalogue of Life names it
d906c3de-68af-4c91-af04-333eaf3f7bee	Ctenomys coyhaiquensis	1d846321-011a-45bc-918d-ed88a14128bb	Ctenomys sericeus	Catalogue of Life names it
11affe8e-e7df-4d3c-9716-81cb4727f2d3	Ctenomys sylvanus	4556fc9b-3662-4dae-b05f-92efca6efab3	Ctenomys frater	Catalogue of Life names it
87b23630-37fe-4fdf-8eab-b7cc9aa1f6e7	Ctenomys taiarum	602b0cf6-5ef6-4ea8-a7eb-272b273dc45d	Ctenomys talarum	Catalogue of Life names it
7d015705-f18b-4d3a-95e1-1dff2d85dfca	Ctenomys validus	6bf3af1f-bfa4-4f32-9f82-b3c9e10fc883	Ctenomys mendocinus	Catalogue of Life names it
60951c9d-8f8f-4957-809c-132839d6ced7	Dactylopsila melampus	3663ecac-37ac-4294-a2c3-f58fe8f4e942	Dactylopsila trivirgata	Catalogue of Life names it
6eaa701d-808f-4474-ab54-1abbc32891fe	Dactylopsila picata	3663ecac-37ac-4294-a2c3-f58fe8f4e942	Dactylopsila trivirgata	Catalogue of Life names it
f3fc8aa5-51e9-4fce-86a7-b55b78710e51	Dasymys capensis	1e559a9d-8852-4182-b178-48f6f2b6f953	Dasymys incomtus	Catalogue of Life names it
f6a0e442-170d-4ba5-b5fe-bb4131230650	Dasyprocta cristata	ee3c911d-8b2a-472f-97f1-ac14777fe427	Dasyprocta leporina	Catalogue of Life names it
fbbe294d-3376-4f43-bb72-5d8c78588cab	Dasypus hybridus	7fd43fc5-36d2-4fda-aa8e-a8906bd3b6fc	Dasypus septemcinctus	Catalogue of Life names it
90b0e4da-0c97-44d7-adc4-689811eb7344	Dasyurus gracilis	988c4d0f-949d-4058-9875-2dab421968da	Dasyurus maculatus	Catalogue of Life names it
03bf2cb5-db92-464b-847b-23b6857c8923	Delphinus albicans	5b286669-c63b-40d6-822d-2dd3e65a030e	Delphinapterus leucas	Catalogue of Life names it
13a37abb-9d7a-451d-9444-3531871c4e9c	Dendromus pumilio	43c81e70-c3a9-4de1-8dc1-6887a0a6c986	Dendromus mesomelas	Catalogue of Life names it
ce694c10-0411-449f-9a87-abb3569f6985	Deomys ferruginous	4322d654-8cf4-4706-8756-c348a841dde6	Deomys ferrugineus	Catalogue of Life names it
2644851e-4528-4d63-80e0-2f70d03de3e2	Didelphis canescens	c3487d45-66d6-4f41-b80c-db1074bede86	Tlacuatzin canescens	Catalogue of Life names it
239c15d7-b59f-498e-baed-30d5b3dcda02	Didelphis ursina	5d0d793c-d925-4fd6-8791-0e6860c18a34	Vombatus ursinus	Catalogue of Life names it
66e4afca-ef2a-41b0-8501-586dabf532e5	Didephilus obesula	66745afb-1db2-4bd4-8163-1b5dfb74b66a	Isoodon obesulus	Catalogue of Life names it
98e7def4-866f-4839-9e46-fbf42c985978	Dinomys branicku	fc0258f6-3e0c-4440-b50f-2c23471b6eeb	Dinomys branickii	Catalogue of Life names it
0b9f8012-d2cd-447b-9662-7c8e2f9d417e	Dipodomys insalaris	e78175e7-1d44-4c94-a76c-e9e282e1fa94	Dipodomys merriami	Catalogue of Life names it
03684666-78f4-4b90-bc10-46db9945d25a	Dipus mitchellii	f5a7a633-c811-49de-997f-222b7a541764	Notomys mitchellii	Catalogue of Life names it
7c8c9de1-1750-4c84-a968-269433ff499b	Dromiciops mondaca	bb6ffcb1-53db-44a8-835c-25b59af23cde	Dromiciops gliroides	Catalogue of Life names it
d2520afe-7836-4c0d-ad59-2fa1620fdb07	Dusicyon vetulus	b94beb3a-d2a7-4f11-b20f-cb87410ebd07	Lycalopex vetulus	Catalogue of Life names it
ba3c9acc-d335-41cf-a65b-6824e5225d46	Elephas cyclotis	139bd81d-f77a-4901-906c-3c723d43dbac	Loxodonta cyclotis	Catalogue of Life names it
496be9e2-cc5f-4dcd-ba6e-693bde56cad8	Eothenomys andersoni	8d9cb483-cbab-41dd-8793-4ecb8363ccc6	Myodes andersoni	Catalogue of Life names it; iNaturalist resolves it to the same taxon
e6917a6f-af8b-458c-966a-9ec3f905bb12	Eothenomys hintoni	7d42898a-7722-43e1-84eb-1a4d5d01a7ae	Eothenomys custos	Catalogue of Life names it
ec632871-35bc-4596-b56b-2d3f6c1f6b2e	Equus hartmannae	2bcd0ec1-d08e-47e8-9ca7-9b3d490586e3	Equus zebra	Catalogue of Life names it
483f05c1-4d96-477b-bc9a-e5ecc95422e5	Equus hemippus	262aed6e-05f7-47c7-9aab-80d960204ede	Equus hemionus	Catalogue of Life names it
67fb3a72-d1f1-44fd-9c4b-f03d495b778d	Equus khur	262aed6e-05f7-47c7-9aab-80d960204ede	Equus hemionus	Catalogue of Life names it; iNaturalist resolves it to the same taxon
9dcca928-be86-42f2-860a-7773b8cbd63c	Eqvus asinus	9a94772b-ae10-44a5-bdfe-a56c5c84b00a	Equus asinus	Catalogue of Life names it
adab122f-70ef-4e76-b4bc-c3d29f692737	Eqvus caballus	01a454dd-ec63-4b35-81c8-797c2ab59819	Equus caballus	Catalogue of Life names it
c94f7d65-83d0-4be6-a961-6126609432fe	Eqvus faurei	1abbb397-1936-4c07-918c-d46b3492795c	Equus grevyi	Catalogue of Life names it
866937e6-22bb-407c-a662-c5263a98fda8	Eqvus grevyi	1abbb397-1936-4c07-918c-d46b3492795c	Equus grevyi	Catalogue of Life names it
c3b0276c-034c-4bae-a593-fdd31ea0bd65	Eqvus quagga	12580fb9-72ac-4cd7-9884-b2c567f4c51a	Equus quagga	Catalogue of Life names it
1ce45fef-8ec7-479f-9989-611c9ff8ace6	Eqvus zebra	2bcd0ec1-d08e-47e8-9ca7-9b3d490586e3	Equus zebra	Catalogue of Life names it
2c551bdc-adb1-434f-b995-4b8c82bb78c6	Erimaceus roumanicus	d236e420-52dd-499b-8b53-e4e4e053e5ce	Erinaceus roumanicus	Catalogue of Life names it
248b3712-f5db-47b0-a5b6-4551073c84b5	Erinaceus sclateri	2e1bbc31-c370-44f8-a109-6e413ab4910d	Atelerix sclateri	Catalogue of Life names it
3567a0f6-03bf-4519-b491-f3282e7b6ab1	Eupleres major	9b7e14c5-1cb6-4f7a-a4d6-5f2639661a34	Eupleres goudotii	Catalogue of Life names it
e6c0b665-54a1-4c5a-a721-d1cbdcb75752	Felis fearonii	fc2d353a-d73f-4f80-bbfe-a5d7d3f50f23	Acinonyx jubatus	Catalogue of Life names it
1abb8d1d-3c37-4f54-9acd-54f66441301f	Felis fontanierii	ee3c10e6-39e4-40b2-9891-347b354786f8	Panthera pardus	Catalogue of Life names it
cbfb5e4b-e52f-413d-a9ee-1465640cb7f5	Felis grampia	5849c14a-ccb2-465b-ba96-8caec5f312a3	Felis silvestris	Catalogue of Life names it
5ee6c2ef-c666-4e28-a294-3c84542d076f	Felis ingrami	51cb301c-2d29-436c-9912-b03a6d1a9eb3	Prionailurus bengalensis	Catalogue of Life names it
0406de7c-dedd-4f09-8b99-8d35df34d2bd	Felis leopardus	ee3c10e6-39e4-40b2-9891-347b354786f8	Panthera pardus	Catalogue of Life names it
647c013f-0678-4037-a8e4-4a423de29ecf	Felis longicaudata	585b93a6-399b-4ec6-93ae-54f17b31093d	Pardofelis marmorata	Catalogue of Life names it
c7d4a7db-11b5-4ffa-bf09-2d906c31b4b8	Felis panthera	ee3c10e6-39e4-40b2-9891-347b354786f8	Panthera pardus	Catalogue of Life names it
c84473e8-5784-4ac6-8673-3d4fee880ff9	Felis tulliana	ee3c10e6-39e4-40b2-9891-347b354786f8	Panthera pardus	Catalogue of Life names it
8f3b9fa9-d30c-4360-9bab-85e6e95784fd	Felis villosa	ee3c10e6-39e4-40b2-9891-347b354786f8	Panthera pardus	Catalogue of Life names it
f801ef0f-86c8-4851-a052-e222f106fb81	Fuchoreutes naso	5926efa5-133d-48de-80d3-557c87dd212f	Euchoreutes naso	Catalogue of Life names it
43999a87-3781-478a-b0ea-c2f6de294652	Galago zanazibaricus	adc402d5-8ddd-424b-8cec-26f3fd03c0d4	Paragalago zanzibaricus	Catalogue of Life names it
4795a60a-eb22-4a33-87b0-a32193ee43c0	Galidictis grandidieri	2d8ec638-f639-416b-9752-14d2322bc7ff	Galidictis fasciata	Catalogue of Life names it
34733972-fc2d-4d98-a5d7-82d3e8910ac3	Gerbillus perpallidus	67510aa5-c3f3-49c3-83e5-cd74f9f32b80	Gerbillus floweri	iNaturalist resolves it to the same taxon
5daeb0c8-438b-4b37-a654-2b2d8407cdf1	Giraffa infumata	8698c194-ccfe-42ff-b1cd-b41c921fa17d	Giraffa giraffa	Catalogue of Life names it
fab85202-e62c-4cb5-8a4b-2dd09b77f1b5	Glossophaga mexicana	a21fd15d-686b-4c98-ba0a-3281b51437da	Glossophaga morenoi	Catalogue of Life names it
d72674c1-1fd9-4e86-b03c-5b7188286b0c	Gorilla mayema	b1058eed-4439-42e2-90b7-97ebb5e39bcd	Gorilla gorilla	Catalogue of Life names it
c16bd517-0e78-4693-b02f-983a1504794b	Gracilinanus ignitus	2976c048-34cf-41ec-887b-91a68e94fb49	Cryptonanus chacoensis	Catalogue of Life names it
8c77799a-66fb-4a51-b6c3-8c208e835783	Grammomys selousi	27f20284-7749-478b-92a0-87b726ef032e	Grammomys cometes	Catalogue of Life names it
d0bda5d2-1955-4992-87b0-03a656b36e03	Heliophobius spalax	60057414-d425-434e-b9a1-9762834576ef	Heliophobius argenteocinereus	Catalogue of Life names it
5ea4c168-51de-4907-8277-2fe10824ded0	Hemiechinus sylvaticus	1ebbb595-970b-4061-85a5-3cd488dacc54	Mesechinus hughi	Catalogue of Life names it
228a74d9-39c7-4fa1-a756-b489c97c29ea	Heteromys fuscatus	a15ad47b-d2cb-4891-b225-5de2701fc808	Heteromys desmarestianus	Catalogue of Life names it
240dadef-891d-4e10-af46-1dc1ee84ab1a	Heteromys temporalis	a15ad47b-d2cb-4891-b225-5de2701fc808	Heteromys desmarestianus	Catalogue of Life names it
208a29b3-8777-4817-af41-f79670406fbe	Hippocamelus antisiensis	c339e695-f1fa-4e7d-8ad9-9a7dace865e9	Hippocamelus antisensis	Catalogue of Life names it
92ba7dea-004c-4885-814f-df4e231f87af	Hipposideros abac	096ecb3f-0b9d-48ae-baeb-9ea6f3b32f51	Hipposideros abae	Catalogue of Life names it
6739fbcb-9872-44ee-ba63-52d381298695	Hoplomys truei	7b06375d-e7da-41de-8c9e-56e36257a8b2	Hoplomys gymnurus	Catalogue of Life names it
2a7416cc-67be-4d10-9cc1-f10f6cb846b8	Hyladelphys kalinowsku	d31e9e8b-3ef5-4712-ad48-8b19d4424588	Hyladelphys kalinowskii	Catalogue of Life names it
e6327ebd-212e-4438-bc5c-b03c60f231b1	Hypsugo anchieta	3a27d45e-20de-42e6-aabb-14343440a5fd	Neoromicia anchietae	Catalogue of Life names it
01f1285f-e933-457b-a516-109329096088	Hyracodon fuliginosus	b8ec949e-fdf4-4068-8c65-43072ec99237	Caenolestes fuliginosus	Catalogue of Life names it
34aecc46-eaeb-4f96-8ea2-214184988532	Ichthyomys stoltzmanni	710bd2c5-27d3-47b0-aa6d-8ee8a53f0cdb	Ichthyomys stolzmanni	Catalogue of Life names it
3d0140d8-d06b-44fd-ae41-f24f2081a7f3	Isoodon arnhemensis	a49ee79c-f879-4f8e-8593-4265f6cae4d6	Isoodon auratus	Catalogue of Life names it
0749a712-4f91-4f8d-8494-7d836fe9347b	Isoodon nauticus	66745afb-1db2-4bd4-8163-1b5dfb74b66a	Isoodon obesulus	Catalogue of Life names it
1561c04e-dcc9-4d5f-9426-021967758c3e	Lagenodelphis australis	86596533-cbbb-45ad-aede-cfd2c618bb5c	Lagenorhynchus australis	Catalogue of Life names it
831c6c6a-7694-43ce-8a51-930d4e5b4c1c	Lagenodelphis obliquidens	5cfa688c-a2ae-4271-899d-05a07bf6b0e7	Lagenorhynchus obliquidens	Catalogue of Life names it
9b30a732-1461-48bb-973e-e58d979e3b50	Lagidium peruanum	a0ef0930-6527-4bfe-bba9-503fcbbcad0c	Lagidium viscacia	Catalogue of Life names it; iNaturalist resolves it to the same taxon
e368b6d1-766f-4de1-916a-853dc2ef553f	Lagorchestes leichardti	545ea233-a174-4f64-8909-4464c9d00165	Lagorchestes conspicillatus	Catalogue of Life names it
9ebff058-0d64-41f0-afd9-f7f8384e14df	Lemmus schisticolor	f316455a-d74e-429b-a864-c2c7c523fb06	Myopus schisticolor	Catalogue of Life names it
3898725f-e45c-42d9-8dd8-943ab89e63b9	Lemur rubriveuter	9b868f3d-2869-443c-95ba-7c79dbb80eb2	Eulemur rubriventer	Catalogue of Life names it
ce8115f8-3e07-4e44-a3e2-06e06d43f106	Leopardus hernandesii	d0d59eec-2f9b-46d0-acec-afcfb2792ebb	Panthera onca	Catalogue of Life names it
2292ca55-c013-4981-863b-88c968b0892e	Leopardus japonensis	ee3c10e6-39e4-40b2-9891-347b354786f8	Panthera pardus	Catalogue of Life names it
c23414d4-6577-4e31-b8b4-876b4c8584b7	Leopardus perniger	ee3c10e6-39e4-40b2-9891-347b354786f8	Panthera pardus	Catalogue of Life names it
b4e12d65-48c1-4654-a764-ac4868455bef	Lepilemur mittermeieri	211ac33a-a73b-4893-82a6-3fbb55504d72	Lepilemur dorsalis	Catalogue of Life names it
b1f7b650-04b7-4008-b746-29121afa75ec	Leptonyctenis curasoae	5397e466-844f-46c1-9d07-4b1318bdfab0	Leptonycteris curasoae	Catalogue of Life names it
560748ca-3d95-442f-90dd-aaf737d30a1a	Lepus pallipes	3c597397-7307-48c1-972b-af5fa2d3df6b	Lepus oiostolus	Catalogue of Life names it
f700af76-dc29-4fd3-bf90-ac56302ed6be	Lynx fasciatus	b5e01fb8-db02-408c-8229-fa5a2f0a2088	Lynx rufus	Catalogue of Life names it
c0743c03-7d1a-4f1a-8d69-a82280675e14	Lynx vulgaris	3ee2ba66-a540-4d94-b06a-4abca3c3d381	Lynx lynx	Catalogue of Life names it
c3afe124-12d9-4b3d-b14a-339fbcdebcfd	Macropus gracilis	443b5b46-b0ce-4980-b9ac-df782dee2708	Thylogale brunii	Catalogue of Life names it
b721d1a9-7d32-4f2a-ba1b-9ca6bd143939	Manatus inunguis	f6f26b88-c4ca-4f1e-a6cf-65605c9415d3	Trichechus inunguis	Catalogue of Life names it
a34cdde4-5c79-4eb2-a525-212b191d0a1a	Manis tetradactyla	c1693865-9db3-4ce9-aa84-410a58d0380a	Phataginus tetradactyla	Catalogue of Life names it
677900ed-ade4-434d-991a-40865435e21d	Mastomys shortridgeri	29fb5a74-fa10-4949-8758-5ee1b288be75	Mastomys shortridgei	Catalogue of Life names it
03e805e8-3643-4727-950b-038fdfc7cf21	Mazama bicenii	3c5d6898-1abf-4527-ab85-258b612f60de	Mazama rufina	Catalogue of Life names it
ded7c73d-623c-4b91-9ec4-d02f56a42221	Mazama bricenii	3c5d6898-1abf-4527-ab85-258b612f60de	Mazama rufina	Catalogue of Life names it
c12e1862-40c2-44a4-b9fe-29c17a0663ba	Menetes berdmorer	13222790-8bc2-41e7-a55b-efb80b577b1a	Menetes berdmorei	Catalogue of Life names it
df3cd863-68a4-437b-9c72-2e9929f4cafb	Mephitis avia	694b8580-8c44-4070-b987-e8076ba24c72	Mephitis mephitis	Catalogue of Life names it
86bc2004-141a-43fb-8141-da21b34ae3b3	Mephitis estor	694b8580-8c44-4070-b987-e8076ba24c72	Mephitis mephitis	Catalogue of Life names it
972a55ba-550c-4610-8674-cd4e2fc2b843	Mephitis mephatis	694b8580-8c44-4070-b987-e8076ba24c72	Mephitis mephitis	Catalogue of Life names it
24e40f07-c5a2-49b5-a7eb-f427d3e363ed	Mephitis occidentalis	694b8580-8c44-4070-b987-e8076ba24c72	Mephitis mephitis	Catalogue of Life names it
7d76a802-1f4c-469d-808a-ffb91c7b7604	Mephitis spissigrada	694b8580-8c44-4070-b987-e8076ba24c72	Mephitis mephitis	Catalogue of Life names it
e1ab7418-fe14-4e25-b73d-70b33719675a	Mephitis varians	694b8580-8c44-4070-b987-e8076ba24c72	Mephitis mephitis	Catalogue of Life names it
76564d20-fc28-4ed5-af26-107e2be56fdd	Mesocricetus brandii	acc762c6-d648-4d6c-a077-6b9032ea0404	Mesocricetus brandti	Catalogue of Life names it
463050c3-c909-46f0-bdc0-e803d88ca5e5	Mesocricetus radder	ef4e71d6-3043-4bdb-bf0b-6d3448fde363	Mesocricetus raddei	Catalogue of Life names it
a1f406ae-c95c-4a6a-9b8c-6df5492b90a9	Mesoplodon thomsoni	9e813f2e-7cc9-4ea4-8773-5a514b95ad4c	Mesoplodon layardii	Catalogue of Life names it
678e4c21-a238-4e64-8c73-f4137753cfc5	Microcebus mittermeieri	cf929812-6934-4180-b368-76b3da66ed60	Microcebus lehilahytsara	Catalogue of Life names it
469326bd-56d1-4849-9970-08c0199110ef	Microgale pusilia	f41cd19e-0ea4-4e35-b475-90c961f15994	Microgale pusilla	Catalogue of Life names it
e2145e3c-09c5-4648-960d-4db7267c33a9	Micromys erythrotis	0cbc3152-f3e7-46aa-a7cb-bf14e32990b2	Micromys minutus	Catalogue of Life names it
d2bb122a-1c79-4461-98e0-4109d8654a12	Microtus brandti	a41d739d-e723-458b-a7c3-e3cacef4668c	Lasiopodomys brandtii	Catalogue of Life names it
afc9ace1-b74c-44ed-a58c-a46fe98cecd8	Microtus mandarinus	c59e898b-2454-4c9d-9ead-3cf74e18a266	Lasiopodomys mandarinus	Catalogue of Life names it
eab67ea7-210b-4dae-9a46-224aa81fabae	Murina balstoni	63cd26b2-bc1e-42d9-87b8-5872165560f0	Scotorepens balstoni	Catalogue of Life names it
fe5e7a44-422f-434b-98c3-49494a4f0069	Mus aspalax	6904c9a3-c4f5-4427-aa99-0939ca37546d	Myospalax aspalax	Catalogue of Life names it
a42bfe83-933b-4842-8392-a12724fdd5f0	Mus barabensis	81f136be-37aa-4820-ace5-6c05fb9c71df	Cricetulus barabensis	Catalogue of Life names it
dd032325-6662-4685-8d10-87fc2f786866	Mus guyannensis	cb91529d-eea0-41c9-9db8-9fa673deca8f	Proechimys guyannensis	Catalogue of Life names it
e3a19c90-1147-4bc1-95d0-b9340a400b6d	Mus sumatrensis	2bdb4d9d-b057-485d-b054-ab1f57399d85	Rhizomys sumatrensis	Catalogue of Life names it
702fe3ab-74b9-4b0b-aa3a-02c2a4bcde65	Mus tomentosus	c49ff2c7-db39-4a76-9cf7-f65f96136582	Kunsia tomentosus	Catalogue of Life names it
3711e27c-ae17-42c6-b0b5-d6410818a7b1	Mustela lineiventer	e9bf3508-24dc-4474-a385-b594b3b9f825	Mustela eversmanii	Catalogue of Life names it
0c06d67c-d6ba-4142-b908-a1c008875ff9	Mustela tiarata	e9bf3508-24dc-4474-a385-b594b3b9f825	Mustela eversmanii	Catalogue of Life names it
7f0859f4-de26-4924-a2cc-6d0101c6b3f1	Mysateles meridionalis	8a1d6180-3276-4687-b5ca-9671710115de	Mysateles prehensilis	Catalogue of Life names it
44cb445f-fcfc-47a4-9b98-f48072b44b18	Nemorhaedus baileyi	3855d39d-533f-42ef-b365-3370a16cd259	Naemorhedus baileyi	Catalogue of Life names it
7a3e1fc3-a421-455a-ba4f-5163a4626841	Ningaui yvonneae	3ebe25ba-da15-4111-9a6a-b02652296d3c	Ningaui yvonnae	Catalogue of Life names it
a9b92868-828e-4c05-99ca-1fd9f052960f	Notiosorex evolis	3bf9e031-accc-48dd-92d8-b7855e75d123	Notiosorex evotis	Catalogue of Life names it
2c1d8c57-2f75-4444-bf22-cfda0001da6e	Notosciurus granatensis	8cb81ef6-2e17-4bf6-94d6-c5f83ebe2d17	Sciurus granatensis	iNaturalist resolves it to the same taxon
2e0d7cc0-919d-46c3-a26c-6823e355a69d	Oecomys awyantepui	bcc771b9-f094-4aab-824c-1ac73886e06e	Oecomys auyantepui	Catalogue of Life names it
25c3f622-3eca-488c-80ea-c46894533be6	Oligoryzomys delticola	38a01fe1-84bc-4ae2-ad9a-f5a13c077f77	Oligoryzomys nigripes	iNaturalist resolves it to the same taxon
aec2755e-e6bb-4493-9b5a-f2ef52816233	Oligoryzomys macrotis	08cf1ccb-a24b-402a-a6ab-ba4755e60e89	Oligoryzomys microtis	Catalogue of Life names it
32373f0d-38cf-45c1-8b51-f25da1f9387b	Orthogeomys cuniculus	ac4d3f28-625b-4600-bb08-35bad34402f5	Orthogeomys grandis	Catalogue of Life names it
28116c3b-efc6-4ea1-be47-17f8cf83981c	Oryzomys caudatus	bae4134f-f8c4-403f-af43-5a8ec826e3ac	Oryzomys chapmani	Catalogue of Life names it
f60a9b49-bd14-463f-915b-1968c82ac12e	Oryzomys fulvescens	50272bd2-423a-45fd-8f5d-72aa3a2f18b2	Oligoryzomys fulvescens	Catalogue of Life names it
a15eb1f1-6c3a-4166-8464-172044ec388e	Oryzomys melanostoma	d9a62077-5129-4aa0-89b9-f4d8dd28e080	Oligoryzomys brendae	Catalogue of Life names it
4aa08e8c-8f8c-433f-aa59-a4bd16f49ee4	Oxymycterus dosytrichos	b148ec6a-3f37-4491-af20-6c4eddfd11b0	Oxymycterus dasytrichus	Catalogue of Life names it
1e48354b-b2b7-4646-adaf-5c262188067d	Panthera hanensis	ee3c10e6-39e4-40b2-9891-347b354786f8	Panthera pardus	Catalogue of Life names it
df822964-485b-4f0a-a805-8ea5c82578c7	Paraxerus flavouvittis	cd42e7f2-4b9f-4d41-8468-4d3860d3e9cf	Paraxerus flavovittis	Catalogue of Life names it
b164f90b-3b9a-4642-a34b-722b628fb058	Pelomys harringtoni	61a9c5b2-0551-4b3e-b27f-3e636d1db0c9	Desmomys harringtoni	Catalogue of Life names it
a4e767ae-ec55-46a0-804b-de915b346827	Perameles affinis	66745afb-1db2-4bd4-8163-1b5dfb74b66a	Isoodon obesulus	Catalogue of Life names it
f372335c-ba9f-4c8b-addb-3fbb4633a3b0	Perameles fusciventer	66745afb-1db2-4bd4-8163-1b5dfb74b66a	Isoodon obesulus	Catalogue of Life names it
fe057d39-8895-47a0-a273-8ff0183f147b	Perognathus dalquesti	db273217-3cfa-47ed-9e2b-c49fd0c2e400	Chaetodipus ammophilus	Catalogue of Life names it
a4c4973a-1df5-4a47-995e-e24e3f710d42	Peromyscus lepturus	ee2337af-97f8-4455-bfcd-9dfcdc42d8ca	Habromys lepturus	Catalogue of Life names it
64b413f1-f2e4-47e6-9bff-599f17a253b4	Petaurista batuana	9c7af2b1-7e60-49bd-9296-4f1445951449	Petaurista petaurista	Catalogue of Life names it
91144587-983f-4c52-8018-3f68c0d5fea2	Petawrus norfolcensis	15c1609a-90c1-4feb-a7d2-34dad80c4008	Petaurus norfolcensis	Catalogue of Life names it
39eb0c75-f1cb-42af-a95e-72dd65d08806	Petrogale celeris	720b653b-5521-4fdf-b114-a06fa0747a3d	Petrogale xanthopus	Catalogue of Life names it
fe752a36-4e85-4c6f-851e-43fc6db5ef25	Phaenomys ferruginous	06575835-56a7-4c42-92a6-e0ce157f0ea6	Phaenomys ferrugineus	Catalogue of Life names it
5731258e-2837-4100-abda-531004421b90	Phalanger interpositus	c6e7aa00-dbad-441e-8e60-55ed9e13110f	Phalanger vestitus	Catalogue of Life names it
f9e4da1b-a4a8-408b-b48c-8bac83e4746f	Phalanger leucippus	58c435a2-f1cf-4cdc-8832-a6a15fe6ec9f	Phalanger gymnotis	Catalogue of Life names it
9dee4391-3049-4f67-b1f6-0cc0e48eba24	Phalangista archeri	577db542-7d65-406b-9d46-90f71b4b5cec	Pseudochirops archeri	Catalogue of Life names it
6757c1ff-92f8-45cb-a93d-cc1a6b43209c	Phalangista convolutor	7b0163e7-7447-4f10-be26-e15befd9cabe	Pseudocheirus peregrinus	Catalogue of Life names it
d76f5202-620e-441e-a224-bd72f4879c50	Phalangista cookii	7b0163e7-7447-4f10-be26-e15befd9cabe	Pseudocheirus peregrinus	Catalogue of Life names it
18cc8453-9cce-47d5-ade5-499e3247ee83	Phalangista herbertensis	ab91c7ed-babe-4604-aa87-0b91bc0e6208	Pseudochirulus herbertensis	Catalogue of Life names it
55935f7d-899d-4e0c-bd75-1cca4f917338	Phalangista hypoleucus	21251b76-8774-4d77-a555-f76f43fb8d32	Trichosurus vulpecula	Catalogue of Life names it
ccc4263a-9951-49ad-9b5e-1f5ae9ca96e2	Phalangista lemuroides	45433ee8-379c-4437-b16c-1b355b4b2764	Hemibelideus lemuroides	Catalogue of Life names it
e7fad493-ce06-403d-bae0-e6a9abf5785d	Phascogale lanigera	a330eb18-6fc2-4877-8434-563c0adc4c9a	Antechinomys laniger	Catalogue of Life names it
70204987-da79-4860-9692-04ab5bc38848	Phascogale leucopus	6566b75e-2915-436a-867b-37bdcb642b01	Sminthopsis leucopus	Catalogue of Life names it
f089e159-4def-4155-a8cf-438d57222c17	Phascolomys gillespiei	0a62f4f6-1fe9-4dd1-9af9-4a7f342343cb	Lasiorhinus krefftii	Catalogue of Life names it
d0c99068-c832-4671-a17a-ef5029116bc1	Phascolomys tasmaniensis	5d0d793c-d925-4fd6-8791-0e6860c18a34	Vombatus ursinus	Catalogue of Life names it
131c8cce-54ad-4493-981c-6f534b3ccec7	Physeter cylindricus	d1899080-72b2-48c4-8d18-53ee7af668a1	Physeter macrocephalus	Catalogue of Life names it
fcce6bf4-8b3b-4fe5-9e99-eeebf405ebb9	Physeter mular	d1899080-72b2-48c4-8d18-53ee7af668a1	Physeter macrocephalus	Catalogue of Life names it
f55fbf60-8064-4a3a-b914-dd392714d9a4	Physeter trumpo	d1899080-72b2-48c4-8d18-53ee7af668a1	Physeter macrocephalus	Catalogue of Life names it
a2803799-759f-4d4f-a239-03e5711ba933	Piliocolobus kirku	72d6cd8a-046a-48b1-afda-526c83458ac3	Piliocolobus kirkii	Catalogue of Life names it
8f341354-da57-43a6-aacb-89f3c7b406bf	Pogonomelomys bruni	e158e4c9-16c5-4bd1-bfea-ad6193c9afc3	Pogonomelomys bruijni	Catalogue of Life names it
cfc3235c-a486-4858-9f08-e19ef3fa8cd2	Pongo borneo	fb798d75-b95a-4000-87bd-db4f2bb3de31	Pongo pygmaeus	Catalogue of Life names it
35580495-6580-4105-95d4-72c3ffe1f1d0	Presbytis francoisi	49763a35-ceab-4041-a9d6-a8a32148a068	Trachypithecus francoisi	Catalogue of Life names it
b418fd8a-cc8c-4c92-8cbf-bbd0070d8faa	Presbytis johnii	79d30ad9-44a4-43cd-aca8-8a39829f5444	Semnopithecus johnii	Catalogue of Life names it
d980e2e5-18a2-4e58-b56b-647d0bc7c447	Presbytis obscura	0ac899c6-616f-4981-8e26-7a46f54f0b6e	Trachypithecus obscurus	Catalogue of Life names it; iNaturalist resolves it to the same taxon
88d9ac22-c1c4-4445-9580-d87f10175731	Presbytis pileata	7ecf6067-2df5-4789-8255-9bdb9e72a9a6	Trachypithecus pileatus	Catalogue of Life names it
d6029b51-18e2-45c2-bdfa-f740a194610c	Presbytis suamensis	003fb7a0-3c31-40bb-b449-7854959f8901	Presbytis siamensis	Catalogue of Life names it
6a643590-36e7-44c0-9e2d-9c56fa5edeb5	Prionailurus iriomotensis	51cb301c-2d29-436c-9912-b03a6d1a9eb3	Prionailurus bengalensis	Catalogue of Life names it
8a724316-3a21-4d49-b329-efbbeaf79ba2	Procapra altaica	523cc201-ca7b-4dc0-91f9-3de1cceaa5c5	Procapra gutturosa	Catalogue of Life names it
3e3eaffb-cb12-42f7-aec9-f3d328040b67	Procyon aequatorialis	492d459d-5946-40a2-ae24-dc899e258341	Procyon cancrivorus	Catalogue of Life names it
0ca90f3b-bd17-4969-8192-39ef683d078e	Proechimys magdalenae	74f8df03-07ae-4edc-b3c8-9f802030bd75	Proechimys chrysaeolus	Catalogue of Life names it
7864cc4d-d357-4602-84e8-3278aaa1b119	Proechimys poliopus	9b7bf47b-4ccc-42f7-bb56-544670eafc08	Proechimys guairae	Catalogue of Life names it
ab6ee2e2-3ec6-41d1-9b00-d0a53e6eaf39	Proechimys urichi	347a52f3-5c37-4ffe-b471-d516ac6f75ef	Proechimys trinitatis	Catalogue of Life names it
3d218f94-31e4-46e2-938d-040c9f53591e	Pseudantechinus roryi	f73f6bac-528b-4aaa-ba6f-16f6392b681c	Pseudantechinus macdonnellensis	Catalogue of Life names it
6931f298-2f69-4ef0-abbe-28dcd2b15c35	Pseudoberylmys muongbangensis	a93b2fb6-ef2e-4a8e-b6d1-e241230d9fe0	Berylmys bowersi	Catalogue of Life names it
7ad28142-adb6-42af-8728-5239f8257e6e	Pseudochirulus carols	79117b4a-691f-4393-9a26-f3323c062997	Pseudochirulus caroli	Catalogue of Life names it
75158714-3b07-42a3-98a2-b4b3e1cb5cce	Pseudochirus dahlii	d1217dbb-5b61-41d4-89b7-c52b7086dba8	Petropseudes dahli	Catalogue of Life names it
83b2b15e-46b2-41f5-9055-3b76731acdd1	Pteromyscus borneanus	3a5cd1f6-5a51-4631-a007-b17c7b5861bf	Pteromyscus pulverulentus	Catalogue of Life names it
36277d3a-7060-499f-9ba7-dfcd46234c19	Pteropus pyrivorus	f11b9207-9e61-48b5-9254-5877bcd335f4	Rousettus leschenaultii	Catalogue of Life names it
f2bec01c-2d7e-4ead-99d3-e429b24a1601	Pudu mephistopheles	97f33bad-846a-4759-bda0-e2f786eb3d90	Pudu mephistophiles	Catalogue of Life names it
7c76c72d-ad67-476c-947e-13a8bcfccdd5	Rattus elephinus	48eef84f-d842-4f42-b7d7-3fa689d0e9bd	Rattus elaphinus	Catalogue of Life names it
c9f95e8d-5f07-432e-ba99-f06f3c47522a	Ratufa insignis	3a0d7763-b201-4286-b2cf-ec0ab7d5a06c	Ratufa affinis	Catalogue of Life names it
9ff0a1bf-ead1-4b2d-8938-6cb6332a2e04	Rhabdomys pumalio	2575f027-5f3a-434e-af38-8ada960e0166	Rhabdomys pumilio	Catalogue of Life names it
e776adb4-d917-41e2-b50e-e661cd761b6b	Rhinolophus deckend	ab5ba869-26f8-4753-abcc-9a5ba524e1d5	Rhinolophus deckenii	Catalogue of Life names it
b128a00c-8c6a-4496-b393-0f9aeaa3f2c5	Rhinolophus diadema	df11c1b2-9eb5-42b0-90b9-2290b155e335	Hipposideros diadema	Catalogue of Life names it
e821a3ed-15cf-4bde-a76d-137f0269ba64	Rhinolophus geoffroyii	bdb1014e-b33e-4236-8f89-7dbf67d53af0	Rhinolophus clivosus	Catalogue of Life names it
1b6cc417-4500-43a4-befb-c11e0ffab031	Rhinolophus lakkhanae	64542967-416d-43dc-b686-e1a4fe4d266b	Rhinolophus pusillus	Catalogue of Life names it
9704b6fc-1526-4579-b9b4-7895f9dc412e	Rhinolophus lanosus	a7c34c7f-296c-4760-abd5-f25093d5f0fc	Rhinolophus perniger	Catalogue of Life names it
377e5f33-73d7-42c8-93f1-3a78b6a123f1	Rhinolophus luetus	44de020e-017a-4e1d-93f8-28015dea265a	Rhinolophus luctus	Catalogue of Life names it
03c45b2e-3771-4bf6-a881-7eab22c9a02e	Rhipidomys albujari	56ab82fb-030c-4f7b-9da9-22d3fc303516	Rhipidomys albujai	Catalogue of Life names it
9e00159e-b98f-4a7a-bc1d-9c71d319e541	Rhizomys umbriceps	bdd9cce5-9161-4050-8b76-2a3ce693d4e5	Rhizomys pruinosus	Catalogue of Life names it
46f0608b-ef31-49da-83d7-e174e74449ff	Rousettus obliviousus	2ffa6b3a-b5a2-4794-a776-e5d9b15f435a	Rousettus obliviosus	Catalogue of Life names it
d0775fc0-d961-4380-8875-a70088ae209b	Saiga borealis	27ef5a31-d25c-4e8b-9dd3-7730aa34beaf	Saiga tatarica	Catalogue of Life names it
1b8c338d-1ddf-47c5-ae57-387650ae21a3	Sciurus ebii	0c503d96-63b5-46d4-923e-76709d2a961c	Epixerus ebii	Catalogue of Life names it
78736352-2341-4ad2-bf79-d400c89c7f4c	Scotophilus pumiloides	744c1c71-26da-4435-adfe-4c0479d5c590	Pipistrellus abramus	Catalogue of Life names it
162b5157-ae0c-47fb-8c3d-f38446cfd20b	Simia cynamolgos	0b0f152a-a591-4e76-b301-bf3eb25b3e9e	Papio hamadryas	Catalogue of Life names it
3c2cfab6-049e-4aa5-8593-35b8ea441cb1	Sminthopsis boullangerensis	b9f47593-93b3-4c32-8364-f2f0b70eee42	Sminthopsis griseoventer	Catalogue of Life names it
d729fd8e-061b-4813-8375-b1109161d4c5	Sminthopsis fuliginosus	b9f47593-93b3-4c32-8364-f2f0b70eee42	Sminthopsis griseoventer	Catalogue of Life names it; iNaturalist resolves it to the same taxon
a14cc28b-2eb8-4a5a-b745-87db71bba57b	Sminthopsis rufigenis	d892989c-834f-497a-ad64-442c4047307f	Sminthopsis virginiae	Catalogue of Life names it
a29e9cac-d7c1-43da-b1b9-9921004b0b99	Sminthopsis stalkeri	65ce9032-7633-4033-838f-4154bcb90ef7	Sminthopsis macroura	Catalogue of Life names it
283f1fc2-5820-41ee-b5fb-b79b67b30b63	Sorex arunchi	9ecd3b78-430f-4421-b24d-7f7fbb07f4da	Sorex antinorii	Catalogue of Life names it
ed787425-2e19-4d64-8d23-970cbcfcdb53	Sorex averini	5a3e0ac8-d62a-49e7-b945-3677ba1a8b23	Sorex araneus	Catalogue of Life names it
f3b35b2c-ce29-4e57-b21d-6fa0f4b494ee	Sorex bairdi	34914317-4ee0-48aa-a9af-80341177204b	Sorex pacificus	iNaturalist resolves it to the same taxon
d1faa4a6-0cc2-4478-b82a-a07435fc9442	Sorex gaspensis	b126294d-d71f-465c-8355-e2eec5a70c36	Sorex dispar	Catalogue of Life names it
4dd39853-77f9-4bda-a7c6-8a12316fe38f	Sorex juncensis	b4797dc8-cccc-46ee-939d-aab7159713d1	Sorex ornatus	Catalogue of Life names it
42e34df7-ae35-44ee-a0d4-4e1129a2a3f2	Sorex kinezumi	b58ed604-7c31-43c2-922e-6a9dd27acf43	Crocidura dsinezumi	Catalogue of Life names it
abb260a1-d972-4f2a-97f8-8969fe98058d	Sorex kozlovi	f8305d9f-1633-4799-ae0a-f84c4a567155	Sorex thibetanus	Catalogue of Life names it
b4e66153-ef15-43f8-a010-aaa1d00e71f8	Sorex sinuosus	b4797dc8-cccc-46ee-939d-aab7159713d1	Sorex ornatus	Catalogue of Life names it
6525d5ca-2baa-496e-a13a-7ade41eb37c2	Sorex yukonicus	3573cbc8-7146-4f0b-be74-902afa162ed5	Sorex minutissimus	Catalogue of Life names it
f1e61f6c-bc42-4afa-a0c3-c59ffeb6463e	Soriculus irene	5c825f5e-5f02-44f0-bdce-6b8e7a086c40	Episoriculus macrurus	Catalogue of Life names it
2d3234bf-ba13-49ec-8c9a-a5f038f0f42e	Soriculus lowei	40a961e1-d1d0-4fb1-8f3a-424ef719d0d5	Chodsigoa parca	Catalogue of Life names it
c75b7bee-bdaa-471d-bc8e-db9e3aa9532b	Suncus infinitestmus	1c40d6e9-af57-4d8d-bfc7-0a1ffb3760af	Suncus infinitesimus	Catalogue of Life names it
77870c3d-ac0b-420a-b519-ecfc1f95b4d9	Suncus madagascariensis	21b85e56-40bd-4d3b-b7bf-4ddc74d772c6	Suncus etruscus	Catalogue of Life names it; iNaturalist resolves it to the same taxon
76693d4a-ba68-414c-8f8b-aa7a43818eed	Sus bucculentus	510ee133-5603-44ef-baed-588952ce6dbc	Sus scrofa	Catalogue of Life names it
15bc284e-e464-43a0-8435-2d423e707fb2	Tachyglossus lawesii	ef8d9aa2-6b3c-4a27-974c-281f6c6283e7	Tachyglossus aculeatus	Catalogue of Life names it
d0182cd8-d2dc-484b-a070-ed3889161912	Talpa grandis	eec253dc-00a1-4974-acfa-9d0f3215db92	Euroscaptor grandis	Catalogue of Life names it
b4f5f13c-2540-47a3-99ee-33c4c109cf0d	Taphozous hargravei	a3231850-c861-44d3-b4c3-58583f03bf99	Saccolaimus flaviventris	Catalogue of Life names it
10f86ac6-bbe6-4028-b428-4a3bc64f69b2	Tapirus kabomani	cf4e0d0d-18cf-4072-b5cd-63a565f26327	Tapirus terrestris	Catalogue of Life names it
0326b21a-92ec-41f7-a23b-e1fc6afa2ce6	Thomasomys cinererventer	fe34e472-ae6c-44b9-acec-66805e8f26b3	Thomasomys cinereiventer	Catalogue of Life names it
e8e6fd68-ef95-4f11-b0be-2e794e5e9d26	Thylamys cinderella	f1fc1f77-7c99-40a4-aed4-6bc1b2904533	Thylamys venustus	Catalogue of Life names it
d7d1c16f-c08c-41c5-9828-78d24b947bc8	Thylogale billardieru	53bed2b8-32bb-459b-bc53-238228c29514	Thylogale billardierii	Catalogue of Life names it
43435ddb-e0fb-4783-ae06-c44627bb300f	Thylogale lanatus	1b74d84f-b983-4c6e-bd6b-2411d5de10c6	Thylogale browni	Catalogue of Life names it
4ee0491b-dc70-47a9-bf8d-4c22222f1394	Tragulus batuanus	88346cbc-f8aa-4353-a50b-1d65c7dd4025	Tragulus napu	Catalogue of Life names it
a44d8c32-2186-4eb7-a29d-ae40645c5bc9	Tragulus fulvicollis	10b11817-4e7e-4912-bb89-f9f0fbb9b360	Tragulus kanchil	Catalogue of Life names it
d0ff11b9-9c48-48fa-bb7c-8c29570ce3eb	Transandinomys talamacae	d1c0e774-74ed-41c3-ad84-4da3419ce8ea	Transandinomys talamancae	Catalogue of Life names it
cc60228f-83c4-4f0c-976d-825710c04ba5	Trichosurus arnhemensis	21251b76-8774-4d77-a555-f76f43fb8d32	Trichosurus vulpecula	Catalogue of Life names it
54e9df86-ba32-4f62-af65-b36fb0e18dc2	Trichosurus cunningham	74bdfd0a-04d6-4801-a6fa-096acae65588	Trichosurus cunninghami	Catalogue of Life names it
c3d4e854-7543-4141-837b-a09f8f21bc0b	Trinomys myosuros	410d3ab2-8dac-4484-975f-e1c741849ff3	Trinomys setosus	Catalogue of Life names it
8b0aa9c8-982b-425b-b343-75deacc5a416	Tupaia cervicalis	c3a53a4e-1027-470a-b5f0-549025b6a9aa	Tupaia tana	Catalogue of Life names it
756c96a6-2713-4f60-ab87-d22b81f0f67f	Tupaia moellendorffi	8e0b3100-1f8f-456b-b403-f7230e0020d1	Tupaia palawanensis	Catalogue of Life names it
187b3ef6-33d8-47eb-aadd-89cce6b03df6	Tylonycteris eremtaga	475230e1-e7a4-4edb-a162-06bd324cd544	Tylonycteris malayana	Catalogue of Life names it
b306397a-b3ae-4bcb-98f0-fee269c22f38	Tympanoctomys aureus	d5111eed-fd1e-4a92-8d55-64876518d1dc	Pipanacoctomys aureus	Catalogue of Life names it
49028970-5d56-4504-ab82-a02fba8b9cd5	Urocitellus endemicus	e999669e-275e-49c1-bbe6-c858d3ba37ae	Urocitellus brunneus	Catalogue of Life names it
4f95e767-1eb0-409d-a065-e1ddfbae6a43	Urocitellus nancyae	a17d95f3-9319-4d85-a519-9d8f64bf2254	Urocitellus townsendii	Catalogue of Life names it
bab5e112-d680-484a-b58a-8efdffb26903	Urocitellus parryu	a7980cc9-e20c-456d-9d84-b6debd7bf83f	Urocitellus parryii	Catalogue of Life names it
60fdad39-39b7-4428-b8a0-8ae8dfe244c9	Uropsilus andersont	a7333167-c90a-4ee7-8a00-70b48becc8e8	Uropsilus andersoni	Catalogue of Life names it
61853829-2acf-4a6a-9f95-56e60bac0b9c	Ursus dalli	2c2e8e4c-9d4e-457b-85fc-ccc246f312b8	Ursus arctos	Catalogue of Life names it
25cf0182-80a2-4fc4-bc21-f850c48f6290	Ursus euryspilus	93f701fe-ab7a-4ce7-bbab-f994f6c26201	Helarctos malayanus	Catalogue of Life names it
cd36e8e1-61ca-4fab-8b73-9a5ce4604683	Ursus gedrosianus	84bd9cc1-4ee0-4b9d-8387-1707daaeb9ff	Ursus thibetanus	Catalogue of Life names it
3e19a845-035b-4643-9978-0ef2998219ac	Ursus inniutus	2c2e8e4c-9d4e-457b-85fc-ccc246f312b8	Ursus arctos	Catalogue of Life names it
1eafcf3b-bbf3-4c89-bfc6-2affb1ee5320	Ursus isabellinus	2c2e8e4c-9d4e-457b-85fc-ccc246f312b8	Ursus arctos	Catalogue of Life names it
67e1ed02-d9de-4610-bf8e-3aab75d2bb63	Ursus kwakiuti	2c2e8e4c-9d4e-457b-85fc-ccc246f312b8	Ursus arctos	Catalogue of Life names it
efc90023-d707-401c-8435-c1b0913d3cfb	Ursus middendorffi	2c2e8e4c-9d4e-457b-85fc-ccc246f312b8	Ursus arctos	Catalogue of Life names it
fdc4b2a1-e754-45c8-bcb4-c2460b66c404	Ursus perturans	2c2e8e4c-9d4e-457b-85fc-ccc246f312b8	Ursus arctos	Catalogue of Life names it
5ac4060b-55db-45e6-9a6b-713bad0986a8	Ursus pruinosus	2c2e8e4c-9d4e-457b-85fc-ccc246f312b8	Ursus arctos	Catalogue of Life names it
f6e206d8-9d7c-474b-b344-e4117695552b	Ursus sitkensis	2c2e8e4c-9d4e-457b-85fc-ccc246f312b8	Ursus arctos	Catalogue of Life names it
db1c3412-d283-45d4-abbc-359d64110e31	Ursus stikeenensis	2c2e8e4c-9d4e-457b-85fc-ccc246f312b8	Ursus arctos	Catalogue of Life names it
b2217cba-3b04-49f3-940c-0ee4195f1621	Ursus tahitanicus	2c2e8e4c-9d4e-457b-85fc-ccc246f312b8	Ursus arctos	Catalogue of Life names it
c986148d-367d-4981-b842-3f6e5759d12d	Viverra hermaphrodita	b3572aaa-fa7f-4b9c-a59a-37a2c6cf8f91	Paradoxurus hermaphroditus	Catalogue of Life names it
04e8c723-9e6b-4d1e-b1fd-aa2b36db7796	Vulpes flavescens	3ff1fecc-8ae4-4786-bccb-b6e87057fefb	Vulpes vulpes	Catalogue of Life names it
24b678cb-6be8-4b43-8eee-5a5fd22da193	Vulpes ichnusae	3ff1fecc-8ae4-4786-bccb-b6e87057fefb	Vulpes vulpes	Catalogue of Life names it
311d4dda-c75f-41d1-afbb-c4d98268a80f	Vulpes indutus	3ff1fecc-8ae4-4786-bccb-b6e87057fefb	Vulpes vulpes	Catalogue of Life names it
5a4a6ebf-90d0-4a62-a5a9-9eef1f547e4a	Xeronycteris vierai	09c3c7ad-4fdb-4f47-88d5-4341de0a7e13	Xeronycteris vieirai	Catalogue of Life names it
2a754be9-ae7e-495b-bfd7-5a42870f94c5	Acanthina punctulata	db2b2e4f-20fc-4133-80dd-2fefab837864	Acanthinucella punctulata	Catalogue of Life names it
c0721311-8af9-41be-8b6c-9a06119d69e6	Aclis hyalina	c8b0d717-f735-4211-b9e0-b32f93e559c9	Costaclis hyalina	Catalogue of Life names it
5085fbd3-2805-4102-908b-a6ebd4ad518e	Aclis hypergonia	ebe3dd94-0445-45d5-b0ba-f86d19b876e1	Aclis hendersoni	Catalogue of Life names it
67e40782-1424-488a-9038-79cccb48cb48	Admete couthouyi	d440b932-8e18-4336-9a18-0e0ab31d1675	Admete viridula	Catalogue of Life names it
1a5ca4a1-ca26-485e-a148-de9f1c966c50	Admete hukuiensis	cb86b5f9-3e71-48fa-9120-a8ceb5bd4344	Nipponaphera semipellucida	Catalogue of Life names it
ee948145-9e09-4a3c-9111-84f15e0d6fac	Admete laevior	d440b932-8e18-4336-9a18-0e0ab31d1675	Admete viridula	Catalogue of Life names it
fb797728-dbcb-4cbf-a8ae-78744010acaa	Agathotoma secalis	8c7487ce-8542-41e3-84f9-b09a1ea1982f	Agathotoma klasmidia	Catalogue of Life names it
3a57c2f7-daee-4c73-aea7-b1bf945afd5a	Alvania kenneyi	d300e29d-5a33-438a-b013-d3c5e4c567fd	Mareleptopoma kenneyi	Catalogue of Life names it
382a06b9-2ada-4511-a447-eea2c0d531a5	Alvania leptalea	000d1d38-a07a-4b18-96b3-6e06e13de074	Onoba leptalea	Catalogue of Life names it
f5e400b4-b7fc-4736-afcb-d086283db8da	Alvania salebrosa	206c188d-588b-40ec-aaec-24d064f84d8a	Pisinna salebrosa	Catalogue of Life names it
447271d7-ffcb-4c82-a8f2-5499af1e07fa	Alvania wyvillethomosoni	d3435778-5d17-4579-8821-86734769e7b3	Punctulum wyvillethomsoni	Catalogue of Life names it
493f439c-9bf2-46db-9632-8763ad8d73f0	Amnicola annandalei	62b1aafc-bdfc-4b9d-89c6-2f7ae47d523d	Gabbia misella	Catalogue of Life names it
9b73aa3d-206d-40e2-8189-296d4ec79f80	Amphiperas smithi	4ce3ea03-5985-4f24-9140-3977b12426f7	Phenacovolva zuidafrikaana	Catalogue of Life names it
c25805ce-a84c-4eff-aca6-da4cce1bd9ba	Amphithalamus alphesboei	6eb9714b-5747-4697-afb4-5e76961ea18e	Pseudonoba ictriella	Catalogue of Life names it
f2b4e710-773b-4882-8880-2858e2f641cd	Amphithalamus elspethae	0544cc02-e683-4b0a-8799-df706cea56df	Chevallieria columen	Catalogue of Life names it
ecc41625-3eac-405b-b209-f2e802367afa	Anachis albella	0c40079f-970e-47ef-9a50-fbfbb78d84c9	Suturoglypta albella	Catalogue of Life names it
89bacc9b-5b98-4542-bd39-4c6f4c64eff7	Anachis bicanaliferum	48468c23-dd8c-419f-9248-05db446f20d3	Bifurcium bicanaliferum	Catalogue of Life names it
362ce5f6-0927-4502-8a6f-ec9ac32dfe9b	Anachis similis	fb5ccb7d-3880-40d6-9f67-77c378c9b87a	Costoanachis similis	Catalogue of Life names it
65442103-4b7a-4799-bc53-10a67b86f1c0	Ancilla apicalis	e21a9144-19b2-4e78-95f7-25d3d7d61d40	Turrancilla apicalis	Catalogue of Life names it
83d3809b-1936-435f-b936-f306525c5736	Ancilla lienardi	d428895f-6279-4443-b365-d3734f9b849a	Eburna lienardii	Catalogue of Life names it
63724ade-da8e-4f41-986a-1a11c01ae30f	Ancilla monachalis	54805793-e893-4a3d-ae70-974bdc20dad9	Turrancilla monachalis	Catalogue of Life names it
79ce9d87-8af7-48e7-a7d1-c68a4f4dd2a3	Anentome broti	3648a098-0d23-44c2-bb58-ed70c7505525	Anentome jullieni	Catalogue of Life names it
9f0ac3ac-6432-4ba5-871f-8b976fe37237	Antiplanes beringi	5de8d185-020d-411b-9ffa-0111b88a5941	Antiplanes sanctiioannis	Catalogue of Life names it
69d4c689-1b7a-4a48-a5c0-1165cc93f8f9	Antrobia breweri	c02fd966-dc6c-466e-94f4-2f6c79a72a38	Antrorbis breweri	Catalogue of Life names it
263cfd6f-b17b-4e4c-8ab2-ebdcecac5092	Apicalia hians	ae107bb0-d16e-48b1-8af8-1babb0526d29	Asterolamia hians	Catalogue of Life names it
fcb872db-916e-46f2-b4ed-f64e3d5d49db	Apicularia guerini	2ffbd2fb-7815-41f0-b424-68a2d15f0831	Rissoa guerinii	Catalogue of Life names it
300df2b6-92b2-46ad-af3a-df38a93ef172	Aquidauania brasiliensis	32988348-2828-4d36-91dd-358c2d29e8ac	Idiopyrgus brasiliensis	Catalogue of Life names it
0463894e-6836-4b53-bc8c-2a9aa6d9e978	Asprella cancellata	ca969475-1bfc-4550-aead-491e929e7cdf	Conus cancellatus	Catalogue of Life names it
c97debd2-3d10-4ba0-a081-fe152ec4c63a	Assiminea francesiae	6f91ee94-8967-477c-bfb0-4c028e71e1ad	Macrassiminea francesiae	Catalogue of Life names it
d5f74808-60a5-415e-9c94-f3e369c0f291	Assiminea glaubrechti	de517e45-5dd0-403b-8cd0-b126a3e1e500	Assiminea eliae	Catalogue of Life names it
2bb6a8dd-0ccd-434b-a73d-734728ece1f9	Assiminea hayashii	3d1ea46e-d91c-4822-8036-082b64fe0fe0	Taiwanassiminea hayasii	Catalogue of Life names it
baa724f6-ea32-4fc7-aa5f-86c20fb109ca	Assiminea hungerfordiana	3600fa68-5e33-42c2-97b8-495a2599b4e0	Paludinella hungerfordiana	Catalogue of Life names it
43ab8e35-af32-475c-b539-b1b089daa281	Assiminea infirma	b17d8562-5964-49a6-bb95-4353c1d335c8	Angustassiminea infima	Catalogue of Life names it
b64d7b54-58c9-491f-a122-25b69918ec3b	Assiminea nitida	f1cbcce7-0262-42b0-9757-2c85ee421968	Angustassiminea nitida	Catalogue of Life names it
1962ab7d-53ec-4382-aea8-bfd632269e34	Astraea olivaceae	b93a58b9-10bf-4dae-bbf9-a78f7f3cdec4	Uvanilla olivacea	Catalogue of Life names it
76ac0837-fff4-4e05-a31b-db95b2f44627	Babelomurex yumimarumai	a863eafb-030d-4806-b848-fb11fd3f84e7	Babelomurex yumimarumae	Catalogue of Life names it
83f10155-2cea-4653-bee5-a7d5e4811fb7	Balcis arcuata	383a8e42-d50d-448b-b91a-b6fcb0b17dec	Vitreolina arcuata	Catalogue of Life names it
360cf40b-28e2-4e01-84f8-923da09ee3c3	Barbitonia arthritica	8ea3eaf2-a9a3-4e76-9655-6452c08cfea8	Neptunea arthritica	Catalogue of Life names it
b802e8a2-8014-4735-82d0-9ed941f2173d	Barleeia majuscula	081c6500-664b-4d8f-acb2-a2b35b619b25	Barleeia gougeti	Catalogue of Life names it
9ceccb40-66a3-4934-aea9-23c22949c5a7	Barleeia rubra	99af333c-f242-4ec0-8b5d-5f8fa171849b	Barleeia unifasciata	Catalogue of Life names it
e8ba9dcb-f611-4765-8595-e92b43eb9a8b	Bathytoma luhdorfi	d1803676-b751-44b7-94ed-03377ceb5f53	Bathytoma luehdorfi	Catalogue of Life names it
3483f6d4-a621-4fce-9083-fbe2692b534f	Belgrandia bigorrensis	5bf82f15-2402-4e1c-a052-071e74fac787	Bythinella pyrenaica	Catalogue of Life names it
1daa15d2-1d95-4515-8fc8-f27e3902d61d	Belgrandiella intermedia	9fab673f-2695-4685-96b8-2dcf46ed7584	Belgrandiella boetersi	Catalogue of Life names it
d9bdc2ce-f6dd-404a-a8c6-62ddaed52a31	Benthomangelia gracilispira	e3a8b588-efbc-4528-9a1b-a47409e38847	Benthomangelia trophonoidea	Catalogue of Life names it
73c253dc-9ddb-48bb-ae34-9389c5ecf8e5	Bithynia moutonii	850e2817-6973-43fe-a2c1-a38e9002ce7b	Bythinella bicarinata	Catalogue of Life names it
e59f28ba-81c8-48ae-b698-31a3bba303dd	Bivonia serpuloides	055f72ce-1913-47f9-ac3d-2b15fdd57290	Vermetus granulatus	Catalogue of Life names it
6ae4c4c2-966b-4a2c-9c92-808212320c46	Blasicrura cylindrica	e5f76bf4-47b0-4611-8789-16522494e25f	Erronea cylindrica	Catalogue of Life names it
b131cf07-ffdf-4e9c-84be-5439391ca056	Boreotrophon verrilli	40b3b7a6-a120-434a-bf49-86562b049662	Pagodula verrillii	Catalogue of Life names it
7684777d-8d71-4f99-95d0-1f552401cd88	Broderipia subiridescens	695608ad-282a-415a-aa6f-7fca279f85dd	Broderipia rosea	Catalogue of Life names it
a3036828-1edb-4cfa-98fb-d3c25804a403	Buccinulum colensoi	535db8f6-068d-4aea-92af-94037ca8ab3a	Buccinulum littorinoides	Catalogue of Life names it
0ff36bd1-63ce-476d-9013-3e5fc0ca7d05	Buccinum antarcticum	8dc106cc-0ed6-4201-bc2c-4764ff1abb0b	Pareuthria fuscata	Catalogue of Life names it
f67a3d3f-41fd-4246-a4ef-1797dd7b88a9	Buccinum bilineatum	cb07927d-6db0-43ed-8a2c-9def42118807	Semicassis undulata	Catalogue of Life names it
de070463-6ec4-4da3-95aa-df4bca830b78	Buccinum canaliculatum	c27c2851-d1f5-4647-a89d-1d18d1a7d635	Nassarius canaliculatus	Catalogue of Life names it
92e03d0b-0fdc-41ca-b0dc-ea499911e49b	Buccinum chinense	21e6fcfa-3f36-447c-9101-154568fd0e4f	Tonna chinensis	Catalogue of Life names it
e91468a6-3b8b-40e9-8144-78bf81b9d305	Buccinum cinctum	ca5ee7b9-62c6-4884-a9bf-899f74686657	Burnupena cincta	Catalogue of Life names it
635aaba0-6ecb-4cbc-a0ef-12ccdd160603	Buccinum cnismatopleura	76722f63-f733-4cf8-87fe-881ada4f7d86	Buccinum glaciale	Catalogue of Life names it
fd9919d0-d95c-4669-9887-96a1d69c22e0	Buccinum cumingianum	c78a31c5-8372-469e-b08b-1d9836ae25b6	Cantharus cecillei	Catalogue of Life names it
d9e9f5bb-a3c3-45eb-b642-063da6a0b8e5	Buccinum declivis	311a54e9-a85a-4596-9470-3f1bcd497eb4	Plicibuccinum declive	Catalogue of Life names it
dd1a3c5f-3a32-4f18-857a-31668df9befc	Buccinum flammeum	be2e6e50-fa07-4a83-9582-889cf91ab216	Cassis flammea	Catalogue of Life names it
b4744603-929e-4cf7-aede-678b82c14a97	Buccinum flexuosum	7b44e296-6351-494d-9c42-1ba1a388fd63	Euplica scripta	Catalogue of Life names it
1b51fd8c-32d8-4880-a656-4ef5ae945331	Buccinum funereum	28c76a58-fbbb-4379-9311-9688cfdf0ca5	Cominella glandiformis	Catalogue of Life names it
f0f8fd05-d8a3-4d0a-afab-5c777e62fb2d	Buccinum hertzensteini	e8d2e884-7239-416b-875e-ea922e69e071	Buccinum herzensteinii	Catalogue of Life names it
b3a6ad09-5298-4ad7-b910-ec42ab4a42f9	Buccinum meridionale	5f7c5b98-73a1-4edb-affd-a966a0d6793e	Buccinum undatum	Catalogue of Life names it
1af54ee4-d9c4-4830-983d-cd924e86ac06	Buccinum morchianum	74611409-c072-45ba-8613-d974530cf79b	Buccinum baerii	Catalogue of Life names it
0aded2fc-5c70-4dd4-a0e2-05061aa63b00	Buccinum nipponkaiense	4b978ad6-badd-43d7-a9ab-7c3ad716815a	Volutharpa nipponkaiensis	Catalogue of Life names it
3bdbf241-4bb4-4b64-8765-54d3d937705d	Buccinum ornatum	f0912f3c-3a41-447e-940c-f2a2426a23c2	Nassarius stolatus	Catalogue of Life names it
5fa35aea-0f37-4ec3-aa6a-a5640035ba48	Buccinum perryi	401f168c-c2ad-49fc-a47b-b9ceba29739c	Volutharpa perryi	Catalogue of Life names it
f56c6b56-d1d4-4214-90f5-d3ecb1151003	Buccinum pulchellum	7055f942-3317-41b3-9b76-90869be608aa	Falsuszafrona pulchella	Catalogue of Life names it
ac3b5f12-aceb-4752-abb4-c754df401e62	Buccinum scabriculum	6e6409b9-5cad-4692-8a22-7d92df61e19f	Pterygia scabricula	Catalogue of Life names it
aa26a46b-e7c6-4e2e-9434-1c33bb4224d3	Buccinum simulatum	7b14872e-a9bd-4ae7-911d-98e12f7a387e	Buccinum mirandum	Catalogue of Life names it
ef5f99a9-9b7a-4206-92fb-193298533a98	Buccinum strigatum	9e5575fc-5ca5-46de-97d2-9eb7ecb1c50d	Phalium flammiferum	Catalogue of Life names it
77421791-2e3a-49d8-a7da-98e766cc2eba	Buccinum superangulare	5f7c5b98-73a1-4edb-affd-a966a0d6793e	Buccinum undatum	Catalogue of Life names it
a96d0397-b97b-4a03-950b-8828b1292513	Buccinum trescostatum	eafb53ed-e878-4822-92e5-0453e43552a2	Buccinum verkruezeni	Catalogue of Life names it
aa050833-f926-47cc-9b0e-9cc5d80785e4	Buccinum tumidulum	30eb5ae7-ec43-45bc-9f62-2794cb863462	Buccinum hydrophanum	Catalogue of Life names it
bf5242db-7d5a-433b-be3c-920495c5532c	Buccinum wakuii	64fc8b7f-298e-4272-9431-4ace498b089a	Buccinum shiretokoense	Catalogue of Life names it
8a9a2f28-81c5-4b04-b51c-13f558144050	Bufonaria albivaricosa	994f3f8d-163a-47ed-9f63-74bb095626ec	Bufonaria rana	Catalogue of Life names it
c694274a-9ddf-4c69-adeb-3b72de368348	Bufonaria perelegans	6724d2e2-c970-48e1-8e79-f6ade586a28b	Bufonaria granosa	Catalogue of Life names it; iNaturalist resolves it to the same taxon
a4c2e065-8c29-45dc-a55b-15c5b725a527	Bursa rhodostoma	010b88dc-069a-4062-8ab2-59e922c57879	Lampasopsis rhodostoma	Catalogue of Life names it
a65a779e-5271-49d0-8162-e6dd60b5656a	Bythinella anianensis	3dd998df-cb17-480a-9bfb-e3631756be5c	Bythinella cebennensis	Catalogue of Life names it
18c55b10-e582-4fdb-81bf-89b73f6024d9	Bythinella badensis	2983eade-3a67-48ea-9d99-ee1ce5066c41	Bythinella reyniesii	Catalogue of Life names it
e3d712e8-8272-403e-8c83-654ed6ab12f5	Bythinella bouleti	0dde490f-a03e-4655-ac88-d100b8be5ce6	Bythinella bouloti	Catalogue of Life names it
188266c6-3346-4b96-86b7-e0b95c94b7f4	Bythinella compressa	2983eade-3a67-48ea-9d99-ee1ce5066c41	Bythinella reyniesii	Catalogue of Life names it
8428c8b6-632e-4ce7-ac0b-34e6c4800d14	Bythinella dunkeri	850e2817-6973-43fe-a2c1-a38e9002ce7b	Bythinella bicarinata	Catalogue of Life names it; iNaturalist resolves it to the same taxon
a3f87842-6943-4da9-b78b-111d4e60299d	Bythinella parvula	2983eade-3a67-48ea-9d99-ee1ce5066c41	Bythinella reyniesii	Catalogue of Life names it
991652a8-a3ad-4e2a-9485-a4940cd90b30	Bythinella persuturata	2983eade-3a67-48ea-9d99-ee1ce5066c41	Bythinella reyniesii	Catalogue of Life names it
4e663b85-720f-4363-a226-f67877088548	Bythinella pujolensis	850e2817-6973-43fe-a2c1-a38e9002ce7b	Bythinella bicarinata	Catalogue of Life names it
3501f7d5-df37-4c40-8012-65fdc486c64f	Bythinella simoniana	603547d4-5be6-40d2-8b69-5284ff98138d	Bythinella rubiginosa	Catalogue of Life names it
b5f71272-f2a3-4e3d-9443-38509ab3f751	Bythiospeum meyrarguense	8fdfbe0e-c50c-4b28-bba9-bb1e0396fa12	Bythiospeum diaphanum	Catalogue of Life names it
cf2b2e6c-2a34-45c6-99c9-ea756c2d2c45	Caecum elegans	9f97fb28-ec36-4ddf-b08d-0c4ebc369bc5	Caecum trachea	Catalogue of Life names it
62ed8b57-90ae-4996-a665-b69f15f8c845	Caecum hemphilli	4aef4c18-386b-4ad0-ba9c-0300fbebfcd8	Caecum dextroversum	Catalogue of Life names it
9091fb5b-94ee-4e84-9677-13261ab40b9b	Caecum profundicolum	1af56c23-6f94-487e-8c8a-51c0e78484de	Caecum crebricinctum	Catalogue of Life names it
060b6764-2ed7-40d1-9b92-372de5d08dfa	Caecum rosanum	1af56c23-6f94-487e-8c8a-51c0e78484de	Caecum crebricinctum	Catalogue of Life names it
58a67817-e17d-490a-bacc-91136ef09a15	Calliostoma costatum	fa3a059d-db8e-4ff8-a585-8d5569940645	Calliostoma ligatum	Catalogue of Life names it
216e9cf2-61f3-414a-8d09-b372f562bbc7	Calliostoma formosum	863c6c33-715e-4553-86e9-6cdb831a2cf4	Calliostoma gemmulatum	Catalogue of Life names it
5bf0770e-b518-45a5-9765-9cb63dfe91bb	Calliostoma funiculatum	73404dd6-85b0-4498-885b-02c5db90d441	Calliostoma laugieri	Catalogue of Life names it
ce31c361-eba8-4298-b1eb-d77c8b069917	Calliostoma gualterianum	73404dd6-85b0-4498-885b-02c5db90d441	Calliostoma laugieri	Catalogue of Life names it
b4151b54-c1ac-447c-8b58-2465a918afd7	Calliostoma lividum	c87fbeac-f973-4e24-93e7-d3274d265eaa	Calliostoma zizyphinum	Catalogue of Life names it
fa576775-aad8-4421-a7b6-2faaf9071c56	Calliostoma shinagawaense	8de21e61-d8de-4060-93b3-98c02d5548fe	Calliostoma shinagawense	
45722019-d433-442d-88ea-ff3f74a16695	Calliostoma spongiarum	73404dd6-85b0-4498-885b-02c5db90d441	Calliostoma laugieri	Catalogue of Life names it
17a3063a-d36a-4eae-92cd-da037c0ada2e	Calliostoma virescens	73404dd6-85b0-4498-885b-02c5db90d441	Calliostoma laugieri	Catalogue of Life names it
ff576791-c98a-4151-8796-92a5ba56ea9d	Calyptraea aspersa	354e75a6-1dc1-4a3a-86f1-5ae7a6157e74	Calyptraea conica	Catalogue of Life names it
1a7bf524-04b9-4851-90d7-119f8f4ef0ad	Calyptraea imbricata	b488cacc-aaca-4005-821f-bf5679215774	Cheilea imbricata	Catalogue of Life names it
899a0bed-2e3b-4fe1-8d81-41510ec75c07	Calyptraea striata	0d9eafb3-a964-4e2f-9141-3affb2a6bcff	Crucibulum striatum	Catalogue of Life names it
a0e01f9b-d5b1-41c8-86e1-6e1159535deb	Cancellaria habei	738f13bd-0404-46f8-a31e-b252ac334dce	Nipponaphera habei	Catalogue of Life names it
db12289a-e94c-44f7-8b6e-4d34aebdfc34	Cancellaria macropira	351c2632-ee9c-4ccb-b260-e815fb8b4c52	Fusiaphera macrospira	Catalogue of Life names it
90b38036-c148-42bd-a79e-f890ae0d9473	Cancellaria nassoides	e2894e36-9096-4a2b-9f69-02a210202df4	Admetula garrardi	Catalogue of Life names it
53419283-3fcc-4d30-8252-d7c580ac4b8f	Cantharidus exasperatus	c9f00db6-d054-46f3-b17f-6f62147d386a	Jujubinus exasperatus	Catalogue of Life names it
979ba041-ed2b-4adc-9797-134890b838f6	Cantharus leucotaniatus	56a2bcf9-5cf7-4c7e-9e6a-939b587a1839	Cantharus leucotaeniatus	Catalogue of Life names it
ad59a995-eed7-4dcd-ace0-ba68c98d18f5	Cantharus rehderi	b9fdee9c-1369-48f7-a614-4ac4e3cb0c3b	Hesperisternia elegans	Catalogue of Life names it
e81db2ce-fa9b-42ec-8c5f-e1f9a5a57f7f	Carinastele wareni	455610bc-8b33-48cf-9b27-2c3392ebc23a	Bruceina cognata	Catalogue of Life names it
bfdd4ff1-afb3-4e3b-b925-c9943b802dd9	Cassis contusus	e151965a-568d-4b98-8498-9bb87d4de142	Cassis exigua	Catalogue of Life names it
13a3e0f6-2591-4a7a-97e3-66ab53b46a3e	Cassis nana	e151965a-568d-4b98-8498-9bb87d4de142	Cassis exigua	Catalogue of Life names it
b04feda4-2399-4bcd-99ab-5fcc1e2ecfa5	Cassis salisburyensis	e151965a-568d-4b98-8498-9bb87d4de142	Cassis exigua	Catalogue of Life names it
cc992198-748f-4e8b-8dce-40b3de60221b	Chicoreus backeljaui	5bfa7c8a-468b-4e4d-8c01-ff0f85d7d693	Chicoreus cornucervi	Catalogue of Life names it
017d0254-0566-441b-a44c-544e4113b327	Chicoreus cossignanii	953b4033-a74e-4ece-b4b5-175439e9d19e	Chicoreus exuberans	Catalogue of Life names it
b75e3378-87d5-4fda-82bc-5b1eaa272ee9	Chondropoma auberianum	861db360-b939-4e11-a8d9-8281932cfb9f	Parachondria auberiana	Catalogue of Life names it
1832a22b-5c84-40b7-9afd-e09064f0b60e	Chondropoma canescens	d227c0b6-8c86-4eb5-893b-e8bd148baf87	Parachondria canescens	Catalogue of Life names it
37770999-b88c-4611-be6e-b7ff4cbdead4	Chondropoma delatreanum	c5aca1d7-3bec-406a-a834-c4017632f10b	Parachondria delatreana	Catalogue of Life names it
9893438d-2360-4bab-bf33-e7c77a334599	Chryseofusus hyphalus	4402d412-bc91-4e06-8794-303432dd0505	Chryseofusus graciliformis	Catalogue of Life names it
2e79d20c-c408-43c7-a1aa-e40cd2af8d66	Cingula cingillis	87b5f833-c530-4f54-930b-dbe2c02fc7db	Cingula trifasciata	Catalogue of Life names it
0f105ea3-210d-4cf0-a16a-b1ca75476900	Cingula striata	69969dff-444a-4e23-84b5-29d5e33c17c1	Onoba semicostata	Catalogue of Life names it
001055fc-fd69-40fe-8889-caa0fe02a359	Circulus hendersoni	f81c82af-ab8a-4709-97b4-8e6123ea2fe7	Cyclostremiscus hendersoni	Catalogue of Life names it
93624e90-609f-4b71-8020-9060ab186456	Cithna margaritifera	7366dea9-81dd-4a14-9667-e314b62afa3f	Benthonella margaritifera	Catalogue of Life names it
f60a1339-752f-4770-a7c0-705758d0493c	Clathrocaspia knipowitchii	35d09302-488e-49fc-8907-25dbc45c7708	Clathrocaspia knipowitschii	Catalogue of Life names it
c36f70e3-f1c6-4b7c-b68c-44793d447e39	Clathrocaspia stanislavi	35d09302-488e-49fc-8907-25dbc45c7708	Clathrocaspia knipowitschii	Catalogue of Life names it
4e06025e-a576-42a6-8d2d-6f252cbb3c95	Clathrodrillia inaequistriata	cbe0f011-95a5-458d-b8fa-9093489ee045	Crassispira maura	Catalogue of Life names it
55aa6d0b-5bc0-4e07-a765-f9661fe78c60	Clathurella castianira	93f375ca-d693-4521-889a-b59fbda2727e	Crockerella castianira	Catalogue of Life names it
e277b2d5-279a-4dfb-a45b-014b5c5064b4	Clathurella erminiana	2ebffd07-f856-4aed-b78d-e7ede23e2d39	Lioglyphostoma ericea	Catalogue of Life names it
63ce2a5c-06f3-4e5c-8a07-3dec1276ffa0	Clathurella harpa	053a3075-8797-4be6-9fbf-11582a3bb7db	Tritonoturris cumingii	Catalogue of Life names it
92b49cb8-1515-4ac3-8377-45a11150b741	Clavus cadensai	b19d8e48-2cd1-48ff-8ed1-636ce5a3d67b	Clavus cadenasi	Catalogue of Life names it
dee6f345-5e9e-4269-8aee-688aac67d410	Clinopegma unicum	32cc64d5-40f6-4b27-a81b-70c3bfc15abc	Clinopegma magnum	Catalogue of Life names it
a2ff3968-26f6-40d1-aabc-1fc458b9306d	Cochlespira kuroharae	a23f51b7-2930-4fba-9491-e0c86f60bb46	Cochlespira kuroharai	Catalogue of Life names it
983e811f-bbc3-44fd-bf7b-6800d71ffd9e	Collonista glareosa	25712d34-5cbc-4098-b441-2899e80cc899	Argalista glareosa	Catalogue of Life names it
646e6a1a-0e52-4b85-9f62-4b8f3d59efd8	Colubraria fautomei	c373502e-2cc4-42f0-959b-e168851788d2	Colubraria tenera	Catalogue of Life names it
ad65f111-9f9d-4af2-89d9-7f69cf65206b	Columbella aureola	b0658c33-73a8-40e7-bfde-586736e1b941	Columbella aureomexicana	Catalogue of Life names it
bf5a39f2-c040-45d8-88c7-d9f68d650200	Columbella compta	6d47ec2e-a5bd-4ad5-89e4-9807a68cc2b2	Zemitrella websteri	Catalogue of Life names it
295f3fa0-4e76-4717-b8d5-1e3111aeb861	Columbella nivea	48da4e48-fd4b-48f2-9fec-887945ef0651	Astyris raveneli	Catalogue of Life names it
132214b3-ad59-48e6-8856-c2b50de7a5e1	Columbella pallida	ccaf0bde-aa19-46c6-87dc-ef3e5d2796fd	Euplica varians	Catalogue of Life names it
24d5dff3-c434-46aa-b93e-749ed28c0000	Columbella taeniata	1f1cfb1e-7d19-447f-9704-97323f4ba18f	Anachis menaletta	Catalogue of Life names it
a3f4bc0e-e1bb-478c-b427-12cbefd012b9	Colus glaber	e2c54b16-09db-460b-806f-d5dace6a50b1	Colus gracilis	Catalogue of Life names it
7e8317e2-d70a-4c9f-abb2-a0bcc6b996bb	Comitas opulenta	7fcfcce9-258b-427b-9740-ec93cb696024	Tropidoturris scitecostata	Catalogue of Life names it
293f2fef-4a56-4894-944f-ebe83058f975	Conasprella keppensi	9e5b715a-3215-4cb1-95e5-a1cce134290a	Conasprella iansa	Catalogue of Life names it
5c4f5b7b-88c3-491d-9fa7-cf7dfa61c685	Conasprella philippequiquandoni	68b25a5f-567a-4f3f-b621-b3db7d5c4d85	Conasprella hopwoodi	Catalogue of Life names it
4b430ad9-cdbc-40a0-b205-ae1ecfe91c5a	Conus abbotti	0ee68787-ef56-4c59-a152-bdc0eb4dffd0	Conus sphacelatus	Catalogue of Life names it
0e57c495-fe78-4471-8f6d-3d1a57f513d7	Conus abrolhosensis	d8a30a2e-c1c0-4ddc-aa6d-4e9d9177535c	Conus ziczac	Catalogue of Life names it
501c9773-3974-4732-a548-81269858e93f	Conus aculeiformis	e83a3628-ab8f-48c3-8368-ef12b5033999	Conasprella aculeiformis	Catalogue of Life names it
58c31f40-976e-4524-829c-80b5f20f9160	Conus californicus	24bea76f-6c2b-45b8-8259-5ab22b326a1c	Californiconus californicus	Catalogue of Life names it; iNaturalist resolves it to the same taxon
64987e31-9549-4159-8c0b-c66e6a7bb437	Conus carcellesi	18b12294-989d-4e03-bfe7-33c08fe1a8d9	Conus lemniscatus	Catalogue of Life names it
a7f7659c-9782-448c-ac43-c463e87f22d5	Conus chaldeus	b86e7340-48c5-43ac-80c7-82d1ddcf8643	Conus chaldaeus	Catalogue of Life names it
0010c4c1-b56f-47f2-9caa-833d914e6b12	Conus circumactus	1c23aa22-084d-482e-b08b-d3f2c7cb2116	Conus litoglyphus	Catalogue of Life names it; iNaturalist resolves it to the same taxon
05f44591-e296-4314-9341-a16c91466393	Conus desidiosus	95449c62-ad64-4ce9-b5ca-03ab51e2e371	Conus ventricosus	Catalogue of Life names it
631f59e4-e602-4b3a-99e2-08cc3ce7e92a	Conus dorbignyi	27253b6b-82e7-46a6-bec4-93800447ef95	Conasprella orbignyi	Catalogue of Life names it
9ef01e2e-2787-4ac5-9c96-ab62d8bc41c7	Conus estellae	8a6fac6c-6602-40ba-94c1-a74ee20aef88	Conus textile	Catalogue of Life names it
6d4c9f78-8a43-451d-a9cf-f7fba3d4b9af	Conus geograpnus	8537a261-a4de-4c2f-8dfc-54f624075f31	Conus geographus	Catalogue of Life names it
0bd26e1e-f8bf-4825-b355-e178c21cd654	Conus habui	df5ff857-34e1-4e9a-839d-64f48e265639	Conus samiae	Catalogue of Life names it
4ee60187-b73a-4425-8a18-6c01b3c2c059	Conus jucundus	0ee68787-ef56-4c59-a152-bdc0eb4dffd0	Conus sphacelatus	Catalogue of Life names it
08b599a6-c4c0-419c-8708-8c0de59601ab	Conus kawamurai	6bc9edc7-7ffe-40fd-b3a7-b3fd368b4b10	Conus aratispira	Catalogue of Life names it
66774a66-6bb9-4c19-84d1-06c9b2561a04	Conus kerstitchi	bff9aa39-59ab-4a44-ae38-09f25cab8e19	Conus monilifer	Catalogue of Life names it
bc44422a-9ae6-40e8-8bf0-1b458add2724	Conus labuanbajanus	fdfaa6c0-8135-4c1b-b98a-0a64cfcd8bc4	Conus gilvus	Catalogue of Life names it
aa696ca1-1454-40d5-b278-fc72a2736917	Conus lobitensis	f82d382b-9b73-43bc-b303-f7509a70c792	Conus fuscolineatus	Catalogue of Life names it
d47b69be-caa9-4a8e-9d9f-fb2f04685781	Conus modestus	fb41693e-96ea-41f7-95cb-7c3d5a390770	Conus fulmen	Catalogue of Life names it
b06c744d-35ea-43b0-8388-06235f79fb0e	Conus nigropunctatus	b48188d4-a0a5-4548-b4c3-c69cbf685464	Conus catus	Catalogue of Life names it; iNaturalist resolves it to the same taxon
3909757b-64b9-4dfe-bb1a-038f99120629	Conus occidentalis	e7ecfdc2-3657-42fe-9cb5-586ad9d9002c	Conus ammiralis	Catalogue of Life names it
94ddb18c-ce00-4c7c-a856-87a9f6fa4949	Conus ordinarius	e7ecfdc2-3657-42fe-9cb5-586ad9d9002c	Conus ammiralis	Catalogue of Life names it
f8b501a1-aa7d-4fba-995a-189d0d522c55	Conus pavillardae	da07c98e-88d9-4f21-b51e-f9d8358d1d75	Conus archiepiscopus	Catalogue of Life names it
067f075a-ab86-4671-a2d8-928e8cea0a5c	Conus petestimpsoni	18b12294-989d-4e03-bfe7-33c08fe1a8d9	Conus lemniscatus	Catalogue of Life names it
82857abf-2bfb-453d-a766-db1201566eeb	Conus philippii	305b0431-56a9-4625-af9d-44552eb4fd4a	Conus largilliertii	Catalogue of Life names it
78590887-17d7-4999-a1ed-55c517ac829f	Conus philquiquandoni	bbe36abd-a5de-4da1-8b8c-f2fef407d431	Conus collisus	Catalogue of Life names it
be9eb639-c6d4-47aa-83c9-481182f5756d	Conus pseudoaurantius	3457793c-b42f-4e4d-8c04-afa056e503f5	Conus pseudaurantius	Catalogue of Life names it
9761ae44-a96d-414d-ab1b-b49d14611256	Conus puncticulatus	d84ac1fc-bbb4-4445-bca4-72f2f402beb9	Conasprella puncticulata	Catalogue of Life names it
cc894dfe-96d0-4cb8-982f-82c80f72db81	Conus rusticus	95449c62-ad64-4ce9-b5ca-03ab51e2e371	Conus ventricosus	Catalogue of Life names it
de44a7ae-2e3a-4434-862e-137ff3f350f1	Conus santii	884cc091-75c7-4838-bcf5-8c28a834d93f	Conus reticulatus	Catalogue of Life names it
755d93ee-6ad3-4bbf-9f61-09358f067435	Conus sartii	fc15c3fc-a30b-4853-9ae4-c9fafb0773b2	Conus janus	Catalogue of Life names it
8627e07e-ed36-4f55-a411-cab5a451810d	Conus severinae	609fd0cb-5f0c-457f-ba78-a5f3cbec2105	Conus cinereus	Catalogue of Life names it
83293170-b0a4-4c0b-a396-ead9be8ca17f	Conus signifer	76485a45-70a3-4f6d-97fd-a4faae9bd77e	Conus raphanus	Catalogue of Life names it
bbea502e-741e-40e6-88a1-1411ab1e6495	Conus spectru	7732eca2-3f2f-4241-b836-ce0250d572d7	Conus spectrum	Catalogue of Life names it
6558f4e2-a540-40ae-b53a-26b04112d078	Conus summus	e7ecfdc2-3657-42fe-9cb5-586ad9d9002c	Conus ammiralis	Catalogue of Life names it
477a3942-f2b3-474d-9fc3-eb5223c35688	Conus tenuigranulata	9e03d92e-4fb7-462a-8857-a349edd34d4a	Conus tenuistriatus	Catalogue of Life names it
2fc6e27e-4475-41de-8b81-b9d4efcde6ae	Conus tornatus	d9467c22-1e20-4016-b476-17daf8e2cbe2	Conasprella tornata	Catalogue of Life names it
b288140a-b89a-409f-8b53-a8e536eb55ca	Conus wilmeri	bb191de6-08c4-496f-b4c8-bc7d664b2e9f	Conus inscriptus	Catalogue of Life names it
feb177f2-f4e3-4abe-93c8-248f5ccaddf7	Conus xanthocinctus	18b12294-989d-4e03-bfe7-33c08fe1a8d9	Conus lemniscatus	Catalogue of Life names it
b44f9cd9-46b3-44ba-a2fd-153d67fbdbd4	Coralliophila adansoni	e4f79580-1b7e-48ed-9004-a73ae03ef578	Coralliophila giton	Catalogue of Life names it
e695f5bd-5559-4b33-b383-79cb0c696553	Coralliophila ahuiri	f2f6c016-930a-472a-9d11-df4c1402c99c	Coralliophila guancha	Catalogue of Life names it
067ecdeb-f0f0-466a-9581-52bbadfc57f4	Coralliophila mandji	99b938eb-0070-4182-8f45-8effbe15efb0	Babelomurex tectumsinense	Catalogue of Life names it
8347d987-cde3-4c03-a21b-906d6a5549c0	Coralliophila neritoidea	e7cfa835-5a2c-4192-b2eb-4eefe1e106a0	Coralliophila violacea	Catalogue of Life names it
3dc015ec-db74-4fea-94fe-9d6ceb45560b	Coralliophila squamoissima	8f0d721d-b784-401e-90f8-905d297a2d3f	Coralliophila squamosissima	Catalogue of Life names it
a105be42-ddf5-4a29-9e21-736aeb02a730	Cordieria radula	0fc40a04-e546-4941-a881-b7e80a8d9923	Raphitoma radula	Catalogue of Life names it
7633c494-ad5b-41c8-bb8f-bb9e54fe055a	Corrosella collingi	1fdcd516-631a-4700-a7bd-2b40fb0f9b61	Corrosella navasiana	Catalogue of Life names it
0c37f08e-76e2-432a-af27-88bb0b7c16fb	Corrosella segoviana	1fdcd516-631a-4700-a7bd-2b40fb0f9b61	Corrosella navasiana	Catalogue of Life names it
b1177b62-5f7f-461a-8728-5cb119c8af58	Corrosella tajoensis	1fdcd516-631a-4700-a7bd-2b40fb0f9b61	Corrosella navasiana	Catalogue of Life names it
a4891599-11ee-4a96-8b1b-4917b1b6df85	Corrosella valladolensis	1fdcd516-631a-4700-a7bd-2b40fb0f9b61	Corrosella navasiana	Catalogue of Life names it
5e858e64-996a-4620-98f4-038d47a1cbe1	Crassispira adonis	76b131fd-f72f-43c3-9d5f-5cb5655a9efa	Carinodrillia adonis	Catalogue of Life names it
1ea6e979-f765-4480-8ff3-b10590227ca2	Crassispira dichroa	6aafcfdd-768f-4650-824b-92d96d71e9bd	Carinodrillia dichroa	Catalogue of Life names it
df6409db-da81-41f7-b525-137ebcfa05b7	Crassispira granulosa	b0719694-75c1-425f-a200-3a3bc185d7b5	Buchema granulosa	Catalogue of Life names it
486bc1a3-f0da-430a-9c5c-f67bbeb6d5b4	Crassispira halis	ffd1f185-42a1-45fa-913b-febac69174f6	Carinodrillia halis	Catalogue of Life names it
5334ed11-9dd7-43f6-95ed-355e855c5734	Crassispira liella	4a1d0aa7-d32c-4fd4-ac1d-bfb674dff40f	Buchema liella	Catalogue of Life names it
68e4e499-63c5-4c8c-b8da-d679b48bdba2	Crassispira perla	cbe0f011-95a5-458d-b8fa-9093489ee045	Crassispira maura	Catalogue of Life names it
bfdbd58c-4d80-4db7-9db4-4367c59070bc	Crassispira tainoa	7efd509d-f2b6-499d-ba33-3ecbc76d83fb	Buchema tainoa	Catalogue of Life names it
4bf53e64-b77a-4042-8cda-bf3f6ffc92be	Crenavolva renovata	08f7dc38-131c-4354-8d6b-5cc1beca0473	Crenavolva leopardus	Catalogue of Life names it
bc2ccd6f-ee33-4409-b667-bf1da7b32b60	Crepidula acuta	f3701a09-3d63-43ac-b452-b25b5673af62	Crepidula convexa	Catalogue of Life names it
5ec84837-09e6-48e8-9729-e2ab68402ae0	Crepidula rugosa	9c0afd98-b284-4398-9318-b4b007997dd0	Crepidula onyx	Catalogue of Life names it
d77f943c-7d23-48e9-9b0d-6500c7a619a9	Cronia pothuauii	690ffc2e-32a3-47bd-8889-ad159f3a85f5	Murichorda fiscellum	Catalogue of Life names it
b77bce09-2a1a-4835-9c38-92d3ecf0ccb7	Crucibulum castellum	ac48fbd7-47f9-45f5-8dd7-abbb4a3cd1a3	Crucibulum concameratum	Catalogue of Life names it
b9df27e5-f265-482b-95e3-e511a5810926	Crucibulum corrugatum	18f4cb02-dabe-410e-a0d0-f6ccad6fc872	Crucibulum scutellatum	Catalogue of Life names it
cac25ddb-9833-4f06-a737-7b3b59205dc8	Cyclostoma alayerianum	7ace9886-3911-4d38-be56-fb3840428cb6	Tropidophora crenulata	Catalogue of Life names it
d996e4bd-1860-4226-9841-ceed98ea11db	Cyclostoma bilabiatum	d540f67c-032a-4f4b-ad68-fa6b6fc6ad2a	Rhytidothyra bilabiata	Catalogue of Life names it
942b2fd4-08d4-47c1-a457-5523ff86b6be	Cyclostoma carnicolor	fa4c605e-c81c-4811-b5be-45b9e3d4b0c7	Tropidophora carnicolor	Catalogue of Life names it
271fd4ff-6444-4c00-b1ce-5f9a78df1386	Cyclostoma clathratulum	5eae6732-1bf8-48df-84b7-726d62e6adcf	Socotora clathratula	Catalogue of Life names it
174cc4b8-369b-4c41-aa15-0a3081791de5	Cyclostoma costulatum	0668723f-4548-416c-b888-8ae2e864eb28	Pomatias rivularis	Catalogue of Life names it
fc1af149-d12f-482b-af4c-624738fd64a0	Cyclostoma enode	46787d1e-509a-41b0-a02c-3425d040b2f1	Ramsdenia enodis	Catalogue of Life names it
98530205-ed08-4d87-97aa-2d19fc843bac	Cyclostoma haemastomum	1e2abd32-266b-4780-9db7-8a75b2395120	Tropidophora fimbriata	Catalogue of Life names it
d9b1a4cf-aacb-4faa-8df8-7877cdaab59d	Cyclostoma marginalbum	71656a23-6cc7-46ab-8503-aaa0569d5af3	Chondropoma marginalbum	Catalogue of Life names it
192b27c5-deaf-4f91-8335-33f50f2703cb	Cyclostoma perspectivum	4ecd240f-4e29-4d43-bf3a-28af5c2cd893	Ramsdenia perspectiva	Catalogue of Life names it
62743ab2-1325-48f0-b579-ae5151d923ce	Cyclostoma rugulosum	d4a8ed7e-8bab-42a6-a20b-bd47da6a8fcc	Rhytidopoma rugulosum	Catalogue of Life names it
2649d1ff-370b-4604-8f05-1b276e4c442a	Cyclostoma salebrosum	d540f67c-032a-4f4b-ad68-fa6b6fc6ad2a	Rhytidothyra bilabiata	Catalogue of Life names it
d469cd86-5f09-497c-82c8-d1b6503ebd1b	Cyclostoma solidum	9e818997-c6d2-4f95-9b60-0481113d1072	Colobostylus jayanus	Catalogue of Life names it
d3636869-ad65-4dd9-9f58-0dcc2cb8d610	Cyclostoma variabile	cb02bfe4-5cbc-4aa5-a597-643c6240bef8	Adamsiella variabilis	Catalogue of Life names it
b778b90a-cf2b-4d4a-afa9-fa2b2dd66eeb	Cyclostrema catenoides	20caeb14-1b66-4cd9-b109-b9c69f742f02	Skenea catenoides	Catalogue of Life names it
34f00245-f9cf-43d1-ba81-ec43d1d67344	Cyclostrema crassiolatum	67121da4-932b-47e3-b430-29864844b821	Liotella crassicostata	Catalogue of Life names it
fa2b5122-41a7-4553-a202-6efeda5a0492	Cymatium costatum	a195e8b9-feae-4561-ac35-2e423285e3ba	Monoplex parthenopeus	Catalogue of Life names it
a27b9c89-48c1-4087-b2fa-3e7212ac4bca	Cymatosyrinx allynainus	6dd94f11-a1f8-4e6f-afe2-8fc9be7abdc9	Clathrodrillia allyniana	Catalogue of Life names it
20d751c9-6b41-48c6-8b28-3573df50ef98	Cypraea aurora	12871e3c-df8a-4e90-821e-3abedf25c72d	Callistocypraea aurantium	Catalogue of Life names it
94fbf875-393c-4825-b7f7-42acfdf87406	Cypraea childrini	097105e5-bb06-43fd-8807-4348a5cae22d	Ipsa childreni	Catalogue of Life names it
76233c2d-ab0b-4366-90ef-99a61472e9a1	Cypraea midwayensis	93ffd437-5c98-4618-8635-d3342d592c66	Nesiocypraea midwayensis	Catalogue of Life names it
1f58c4be-eb64-4129-baed-039de528fefc	Cypraea omii	a4fde690-4823-4939-8767-0528c052730e	Palmulacypraea omii	Catalogue of Life names it
cfe071ae-3155-43fa-880c-780353748bbe	Cypraea pellucens	e092b03f-b40d-4d63-a1cd-7ee1cd006438	Talostolida pellucens	Catalogue of Life names it
2c0a843d-7dd2-41d1-8029-9a3282c79c02	Cypraea purpurascens	fa4d2dac-2e7a-47e0-a48f-82167ab4a847	Zonaria sanguinolenta	Catalogue of Life names it
c76ca47f-a518-4e68-b4cb-2d4edf68979f	Cypraea venusta	5b51ecd5-358b-4548-a63d-72eda764bc00	Zoila venusta	Catalogue of Life names it
9f95a617-389f-4218-99cf-91fb92755e84	Cypraea walkeri	3638852f-2b22-406e-881f-54595e505e11	Contradusta walkeri	Catalogue of Life names it
75c7a289-5b8f-4df1-bdc0-9ddf241e4bec	Dallspira dalli	143b0e4d-fe2d-455f-9cbb-c4f93cd80c3a	Crassispira abdera	Catalogue of Life names it
706d79b8-4755-4b2a-bb57-4006cfe09578	Dallspira lowei	143b0e4d-fe2d-455f-9cbb-c4f93cd80c3a	Crassispira abdera	Catalogue of Life names it
05bffe88-0e26-4f38-bc2a-6494c615aa7c	Daphnella sandwicensis	179b9aaf-498d-4bb0-9a1f-7d087896d9ba	Diaugasma olyra	Catalogue of Life names it
c8c933c5-59e0-42e8-895c-bb0e9a00183b	Daphnella sandwichensis	179b9aaf-498d-4bb0-9a1f-7d087896d9ba	Diaugasma olyra	Catalogue of Life names it
38c4d97a-097e-4427-a9fc-06241acbc598	Daphnella thalia	fd5ff8b9-b01d-4d66-82ae-0f80d9f71d06	Daphnella allemani	Catalogue of Life names it
5682d6b0-cb12-42e7-a60e-05fd4f169b96	Delphinula johnstoni	958baa3d-f106-4c19-9dab-b6bfec8ba284	Crosseola cancellata	Catalogue of Life names it
b948003e-015f-4bff-a599-7b55178ee218	Digyrcidum bourguignati	4fb75a4e-b385-4d96-85e6-8284e9a53681	Bithynia tentaculata	Catalogue of Life names it
01ff6288-9d4c-4538-baf7-1d4bb9d39c57	Diplopoma libanoense	7961592a-c263-435a-ad3e-92056be3fe4b	Diplopoma architectonicum	Catalogue of Life names it
52a6a910-ad53-4e92-86ee-85ebf78b9b2d	Diplopoma tanamense	7961592a-c263-435a-ad3e-92056be3fe4b	Diplopoma architectonicum	Catalogue of Life names it
1d8edc27-bd97-4cb2-90c8-ea7a7c99f997	Discotrichoconcha cornea	9278b590-6127-4bfc-a539-db1d2f097844	Torellia cornea	Catalogue of Life names it
91af2d60-dac2-4d9d-8daa-77d3ef9de5d5	Drillia albemarlensis	c9392d2f-4273-4daf-9e97-0891f5eafd0f	Kylix rugifera	Catalogue of Life names it
7832b7a5-8095-4069-a3ae-1d12de70f746	Drillia dolana	5b7f8792-0f3e-4edd-8251-0d9fdffc6f31	Clathrodrillia dolana	Catalogue of Life names it
cc7a3c0f-1371-4690-bca6-5b2f2f4f713e	Dulcerana alfredensis	2e26003f-b06a-4c74-892d-961672e97776	Dulcerana granularis	Catalogue of Life names it
e8b80762-f9ec-44a3-9eb4-141e94bd8041	Duplicaria juliae	207d7fc0-e21c-49f5-9d28-d26ea188b0c7	Oxymeris senegalensis	Catalogue of Life names it
fb3fca73-d9f5-4d27-b64a-6b2a69b8deda	Eatoniella nigra	4864fdad-d804-4cfd-8c3c-76419ac1ca58	Eatoniella afronigra	Catalogue of Life names it
b6b89fdb-39c8-45c9-93c0-7122b076d017	Elaeocyma baileyi	7cfa3351-429c-4ec2-9429-0357fe6a7701	Splendrillia lalage	Catalogue of Life names it
f10d54a1-63be-4f5f-9200-fe75b32dce06	Elaeocyma brycei	4ee95784-b914-4ea3-8912-39d9e467e4e3	Splendrillia brycei	Catalogue of Life names it
ab725f9e-1572-43d5-805f-b1f0a8caac6b	Emmericia expansilabris	40eca66b-c6fe-4e71-9861-dc4d8aab2cd6	Emmericia patula	Catalogue of Life names it
88327f33-a82a-46d7-8820-20d5de1a8661	Enaeta pedersenii	e8d1339b-d00a-454d-a986-f81262245ada	Enaeta cumingii	Catalogue of Life names it
5fd262ea-2cfc-4ebf-9f7e-82721a3cf3ee	Epicynia devexa	9864138a-bb96-4b6d-a17d-247a84ec3841	Episcynia devexa	Catalogue of Life names it
65966b74-e8ef-4e06-921c-7f45fb4b14f6	Epicynia multicarinata	496e0da3-e8fa-4e69-a685-4bd7816debce	Episcynia multicarinata	Catalogue of Life names it
51e74c6a-c95c-4874-85aa-c60211a71847	Epidromus gladiolus	7bf9c4ea-79b2-450e-96c5-bf3752b3b28d	Aspella anceps	Catalogue of Life names it
a692fc7a-e210-4f17-a4b7-9fe9e65ae6dd	Ergalatax giauae	9f1aa2df-ada3-4e27-8322-b015bba37f3b	Ergalatax contracta	Catalogue of Life names it
072e8fe3-4016-451e-9a02-03e24a86f93f	Erronea garyi	68a8d927-3042-4ac6-b4b4-c4ab495b5a33	Erronea pyriformis	Catalogue of Life names it
b2c4092b-2591-427f-bdd9-79f2e8eda643	Euassiminea violacea	481c1a90-046c-44bf-b589-99b55c6b694a	Assiminea grayana	Catalogue of Life names it
d59ad896-281e-4b12-be52-de42af89d7e4	Eulima beryllina	55e473a0-0996-4808-a345-c22058643ed9	Crinophtheiros comatulicola	Catalogue of Life names it
eed9eea3-3f3b-456a-ae32-b11ec5199bba	Eulima curvata	6427552b-eb99-4b20-b4fd-eab89f56283c	Eulima philippii	Catalogue of Life names it
e596076f-dfba-4bc8-bb5e-1a94a78e3110	Eulima nana	fcd44354-55a3-4a9f-83f4-fd35cc0556eb	Nanobalcis nana	Catalogue of Life names it
3064e5ea-3cf1-400e-bbf5-42e181ca883f	Eulima onychina	013597e7-aa6c-4985-bc6b-84fe6df89cf0	Eulima bifasciata	Catalogue of Life names it
6511360a-f836-4db7-8d47-1a84dd46ed70	Eulima philippiana	6f959364-49f4-4bb6-953c-4e93504b318e	Hypermastus philippianus	Catalogue of Life names it
a51ae9b4-ca69-4765-a68a-b0e17fbe66dd	Eulima porcellana	33aef765-f461-4a0d-954c-c884f1ab3dab	Melanella alba	Catalogue of Life names it
f71ed257-7a89-4780-9877-514455123c65	Euprotomus aurora	95cb4ce8-15c6-4e77-b5c7-47b2727855a4	Euprotomus bulla	Catalogue of Life names it
2e017e8c-baed-4c6d-b151-a03bc3415c9f	Ficula gracilis	937c5bc7-67dd-4b5e-8ba1-7be9eff26efe	Ficus papyratia	Catalogue of Life names it
eb9d41f4-1810-4fe5-aa11-7aa9a56e4def	Fluminicola columbiana	8b549f66-8c63-416d-aec3-1a4c9d5875cb	Fluminicola fuscus	Catalogue of Life names it
d5e6dd14-2f15-4aa2-a4bb-00c5d07d7229	Fluvidona dyeriana	4545287f-24aa-4955-a1b3-255da5a2ad6d	Austropyrgus dyerianus	Catalogue of Life names it
68db070d-b2a2-4cc8-80a2-899a5b3f361d	Fluvidona simsoniana	d6eeb26a-bc4f-4243-aad5-ad92d138ea88	Austropyrgus simsonianus	Catalogue of Life names it
59eeb4cb-da1d-4975-8adc-58083fd3ebb0	Fonscochlea conica	16c40856-70dc-4a9b-8ca7-95673d65cecb	Fonscochlea variabilis	Catalogue of Life names it
a7714432-608e-43a2-a8dc-1e7affba348f	Fontigens binneyana	be9921e7-dd21-44ea-b47b-ac09b79495fe	Probythinella emarginata	Catalogue of Life names it
9e6ab0f8-70bb-4440-9ad9-a93669cfebba	Fulgurofusus tomicici	84faf73b-2d53-4b82-b400-aac8dd355b29	Columbarium tomicici	Catalogue of Life names it
a694eeef-2b68-4c80-84a7-45784327aa84	Fusinus gracillinus	f63691fa-013c-4c9a-bd32-960ffffc6215	Fusinus gracillimus	Catalogue of Life names it
2359231b-ea84-4e3c-a222-2c8bdc8f9fa1	Fusinus nanus	1b4256e5-3faa-491e-8a85-1ebd76bc4919	Fusinus cratis	Catalogue of Life names it
d20422de-94a7-4128-a8af-3cb4ea0e037d	Fusus robustus	ecc978b8-fa69-4941-802a-8f2f2cd8b023	Harfordia robusta	Catalogue of Life names it
583a68ce-d608-4a82-bfad-38f9942e203c	Fusus rufus	8dc106cc-0ed6-4201-bc2c-4764ff1abb0b	Pareuthria fuscata	Catalogue of Life names it
990d0988-bd85-4e3f-b2da-a8ddb676bf40	Ganesa abyssicola	d37976a8-8897-4426-9740-6731e6379caa	Lissospira abyssicola	Catalogue of Life names it
8c473f6a-8215-4c95-8d5a-f92e71ea37fb	Ganesa dalli	789eeb42-ab16-451b-abcb-84340695d72d	Lissospira dalli	Catalogue of Life names it
52efe939-3897-4139-a8be-781944c25d91	Ganesa diaphana	b98b071a-ccb1-42f9-b9fc-dd4bcfeae4dc	Skenea diaphana	Catalogue of Life names it
08ede98b-59cc-4acf-bfe6-b82fe66fd999	Ganesa ornata	4c47aee8-6a80-4dc1-831e-4d5b1e105df0	Lissospira ornata	Catalogue of Life names it
ebb2108c-2259-4bc1-b65f-de7a382a9c30	Ganesa peterseni	29d18d79-03ae-41af-8444-648db820becd	Skenea peterseni	Catalogue of Life names it
1970eaa3-993d-4931-b835-616c6a42f5fe	Ganesa profunda	6e9c1808-6adf-4e90-a6cb-48c3cca0de39	Skenea profunda	Catalogue of Life names it
2e09f76b-a3db-4c88-9124-41c12ed8fba0	Ganesa proxima	e46dca8f-cbee-41fb-9db9-b861e520a1cc	Lissospira proxima	Catalogue of Life names it
ace837c2-fd4f-4bbe-a9f3-bbdc2a1f835c	Ganesa rugulosa	1c1569df-b045-4a70-afa4-1a692c87d2cc	Skenea rugulosa	Catalogue of Life names it
7b673f7e-589d-4f33-8ed2-52503f53ab11	Ganesa striata	16d61f21-3598-42a2-88a2-b411ebc9eebc	Lissospira striata	Catalogue of Life names it
42e88380-7b0e-4cdb-be06-549aadd6d3ad	Ganesa turgida	adbe264c-b4c5-449e-b715-53e13d051052	Skenea turgida	Catalogue of Life names it
df0036f0-8a6c-4e7d-a800-de00b5e5d031	Gemmula ducalis	5a5c3801-2613-4b86-a2a0-fc9c4b047b62	Cryptogemma praesignis	Catalogue of Life names it
22979564-94d3-474f-be1d-019a2e66a2ff	Gemmula timorensis	dc02df7b-c7d1-4da6-9ff7-2ec693d0dae6	Cryptogemma timorensis	Catalogue of Life names it
fc4fab2e-f267-4a35-83bd-a48ed2357b45	Gibberula cristinae	7b11bcdb-7d3f-4b7f-91fc-6ce99581e9b0	Gibberula philippii	Catalogue of Life names it
7a45b218-d251-494a-b7e2-f1f9d7a5196b	Gibberula ovata	486158b7-211e-4254-b942-d45d5451a491	Gibberula lachryma	Catalogue of Life names it
7562d723-355b-424b-8c1f-63f3bca28507	Gibberula puntillum	9222a62d-fd57-43f5-aa41-b00a62f83dfd	Gibberula punctillum	Catalogue of Life names it
e7d2932a-6f73-481f-a651-d844ab7e907c	Gibbula guttadauroi	8e120563-30b9-4866-917a-d3b222c9ce4c	Gibbula guttadauri	Catalogue of Life names it
15227bb4-d5ac-42be-a6ce-1b9fa7f24e62	Gibbula hera	6867851c-962e-45f6-ae43-5c11268c0d9c	Gibbula multicolor	Catalogue of Life names it
cd4b2b1d-d0a5-4110-a8a1-a6c5ba210ec8	Gibbula isselii	d736f6d4-7da1-4f1e-8354-9f72d874e781	Steromphala racketti	Catalogue of Life names it
da4604e7-63c0-45f8-b5dc-4bed63c72a4b	Glossaulax didyma	4f15e154-f022-48b0-9af3-3ceba681dbfc	Neverita didyma	Catalogue of Life names it
99451c37-b6bb-405d-a6ef-efa6fd4e5931	Glyphostoma adria	df37700d-59e2-4736-b3eb-9341b8f0316f	Glyphostoma neglecta	Catalogue of Life names it
ef4026f7-4f36-41da-98e1-b138c90ec347	Glyphostomops hendersoni	fbc742b2-38a0-4e89-9132-fe4a4863a173	Lioglyphostoma hendersoni	Catalogue of Life names it
4e62a92d-98cb-4e7b-84cf-aa156678c973	Glyphostomops oenoa	343bf5cd-055c-4daf-acba-13d84aae8d10	Lioglyphostoma oenoa	Catalogue of Life names it
3ad67482-6e28-4ed0-a131-ffaa6bd479ef	Granula minor	533a32ec-cc0a-4ebe-9a51-929044d248bd	Granulina minor	Catalogue of Life names it
367da86f-8c97-4a2f-b06c-a405264f38ac	Harpa lorenzi	fe4e4df9-a158-489f-a1ed-28c61626b7c3	Harpa cabriti	Catalogue of Life names it
ce753783-f1e3-45de-bc8b-636fe5435150	Harpa striatula	be4bb4ee-7ade-4f18-abac-c1e5403aa053	Harpa major	Catalogue of Life names it
d921ea93-ed78-4fcc-846a-92756a4f33d6	Hastula martheroniana	47918361-7992-477e-bed6-54add730f48d	Hastula matheroniana	Catalogue of Life names it
7a1872a6-67fe-4be9-b217-520b7ee6eec5	Haustellum bellegladeense	af9f8247-c8d9-42a8-9c8e-f0d47d6a11b1	Vokesimurex sallasi	Catalogue of Life names it
08588eb5-485b-43b3-adb3-55e10f63b24c	Haustellum senkakuensis	047e3e99-5358-4b53-9d08-7a59e193f7c2	Vokesimurex gallinago	Catalogue of Life names it
be8a7f91-c3f0-42e0-b9d5-07a80618467a	Heleobia andecola	fa739f5f-581a-4f91-bcf6-c7f1bdb27491	Heleobia andicola	Catalogue of Life names it
79f5bbdf-cdc5-414c-99f8-1abaaedc3dfd	Hemiaclis carolinensis	89d775f5-9e1b-436d-8992-f65cca1b78d6	Aclis sarissa	Catalogue of Life names it
deb3ae31-d632-4624-9bff-96916494a4d4	Hemiaclis glabra	6f9f6294-072f-4512-8034-9426e46249dd	Hemiaclis ventrosa	Catalogue of Life names it
8a8e9e12-6513-48c1-87d1-cea37a269246	Hemilienardia boyeri	d9aebe5a-98ef-4168-9fda-c29ac971cfa1	Hemilienardia fenestrata	Catalogue of Life names it
6e15cf3f-0b07-44fa-80c7-5f006562fafe	Heterocyclus petiti	31fba37a-efc3-448b-b2a5-4037807fd91a	Heterocyclus perroquini	Catalogue of Life names it
ec324462-7f3f-4760-b879-e2fa36d1e8c3	Hiatavolva brunneiterma	9f376ca6-e13e-4fa1-a38d-1c4752602ee0	Pellasimnia brunneiterma	Catalogue of Life names it
38cb2910-de9d-4315-9757-f3f452adeb37	Hipponyx radiata	01336458-ebd5-44ad-a90f-7f271e4ac54f	Hipponix grayanus	Catalogue of Life names it
eea36d03-750f-4e04-90bc-ca73b7b10d54	Hiromurex kawamurai	e84dc366-0bd9-4eed-b47a-3eafce38b6bb	Hirtomurex kawamurai	Catalogue of Life names it
03edad8b-07b4-4acd-8942-0706e2e5b926	Hiromurex teramachii	2a62632b-edeb-44c7-b643-2f3af21e9966	Hirtomurex teramachii	Catalogue of Life names it
8d76a40d-c3f7-4b6b-9b18-ed1cc7114d5e	Hiromurex winckworthi	1db29282-186f-4e97-858e-650c6f7980e2	Hirtomurex winckworthi	Catalogue of Life names it
0bd7c494-23d0-49ac-80b6-8a73a285a74b	Horatia sturmi	cbfd9e15-a4b7-4a7a-bf30-17eae043f9ae	Boetersiella sturmi	Catalogue of Life names it
e8c53832-7433-4b97-86c9-cb0e508714cc	Hydrobia musaensis	ef1e18c7-7e0f-422b-b199-6420abc0b3f2	Eupaludestrina musaensis	Catalogue of Life names it
4b7ecd48-cc10-4241-b698-4e70b0198992	Imbricaria intersculpta	3eedb1b4-96e4-4082-a910-48a288195980	Imbricaria flammea	Catalogue of Life names it
525d5c7f-8340-4cdc-9374-069d8e37b9a6	Inquisitor alabastes	8aba14ef-190d-43a5-a188-56b0d0c21222	Inquisitor alabaster	Catalogue of Life names it
4053cc98-168d-4cbe-a210-1a02db00d283	Iravadia annadalei	908b5d78-fd3a-4952-86bd-faa685fc9fe8	Iravadia ornata	Catalogue of Life names it
efa46788-b82d-4864-a94a-3a8c8e58d983	Irenosyrinx persimilis	e796c307-314a-4c94-bf85-40125b71f67d	Aforia persimilis	Catalogue of Life names it
9ca42b43-7a1e-4494-a15c-7f74170116b5	Jujubinus guanchus	e7c0280a-d7ea-4876-9902-6049b199eab6	Jujubinus ruscurianus	Catalogue of Life names it
857d97bc-0e24-4da8-a36a-d2b0a8745660	Jujubinus laeviusculus	516cae78-5051-4834-92e7-3e4906b10386	Jujubinus gravinae	Catalogue of Life names it
c9647f17-beb4-4f18-849e-ebe665d0fbf7	Jullienia minima	b99e8616-9b5a-4fff-bdd1-0635affb13f0	Jullienia tricostata	Catalogue of Life names it
8d85f438-9d1c-4519-8eee-1cd6888a6fdc	Jullienia sinensis	1435301e-f87c-4509-85ec-e30327e88940	Fenouilia kreitneri	Catalogue of Life names it
5e5f697b-101a-4676-ac8a-4a8752f3c76b	Lacunopsis conica	80b55e4a-8a50-4a4b-8267-ec4e9d3cfaaf	Tricula conica	Catalogue of Life names it
5cdd779c-e705-441b-9a05-aaf03794c2e2	Laeviphitus ziczac	3c78d31d-1330-49fd-b856-f37c2328453e	Nozeba ziczac	Catalogue of Life names it
80e026f3-574f-45cf-a437-c0669393ee94	Lamellaria spirolineata	664a80ad-aa10-4f06-97ed-65ae6a64fed9	Marsenia perspicua	Catalogue of Life names it
32fc7e24-cc94-4035-bdc0-d5027a12864a	Lataxiena harryleei	a7bd46f6-b2fd-486c-be20-c3e66042014a	Lataxiena blosvillei	Catalogue of Life names it
d6d690ac-6cc2-4fa0-9bcd-7455d195d6e5	Latiaxis kincaidi	58bf0a7a-d22b-4a3d-8196-795e8a07eb65	Paciocinebrina sclera	Catalogue of Life names it
8c82c221-d2bc-4d2f-9a12-4f6f8925de20	Lerniana feheri	88cbf84e-4684-4f15-849d-0e875922d377	Lerniana seminula	Catalogue of Life names it
8e196059-2529-4b3b-872f-ad4fb8b1d815	Leucorynchia tricarinata	b7e2531a-6229-42df-85d8-7f88da9e742e	Leucorhynchia tricarinata	Catalogue of Life names it
0a75cad7-d776-493e-85f4-9b61639ab4ee	Leucozonia granulilabris	d31e6c77-47e7-4eb3-ae2b-d42996b0ee0d	Leucozonia nassa	Catalogue of Life names it
a6a4fc57-0c39-46f4-838d-1b416f092824	Licina largillierti	43e696bc-9e85-4dcf-aaad-c373f51ce5d9	Choanopomops largillierti	Catalogue of Life names it
9b329d8e-99fe-4d6f-bc1a-560d9d96836c	Lioglyphostoma acapulcanum	c0c19e8e-3816-47ae-af2f-b10dd85dc145	Miraclathurella bicanalifera	Catalogue of Life names it
8e31f539-fe27-479c-87de-ac6cf6772658	Lioglyphostoma armstrongi	df37700d-59e2-4736-b3eb-9341b8f0316f	Glyphostoma neglecta	Catalogue of Life names it
19dcedd4-8aa7-4b9b-a066-a6cba3847535	Littorina vitiensis	6adcd04b-7f80-4f5f-8db9-fe3796e25c31	Echinolittorina feejeensis	Catalogue of Life names it
f46f4896-74cd-4da6-b27c-1555711e40a3	Lophiotoma indica	cb2175f3-8024-4f4a-97ed-a98dc7b079f0	Unedogemmula indica	Catalogue of Life names it; iNaturalist resolves it to the same taxon
cd6aab16-ed97-4efa-80b5-4a5cfdfca653	Lophiotoma leucotropis	60741675-e9d5-415f-8b8e-ed9ef1dc9f6e	Unedogemmula leucotropis	Catalogue of Life names it; iNaturalist resolves it to the same taxon
2a5c9665-c6c2-46c0-9d08-12477b6bcddb	Lophiotoma tayabasensis	36fba4e6-ba91-4a52-abd3-841b617bd9ff	Unedogemmula tayabasensis	Catalogue of Life names it
a6109fe7-dcf1-4739-9e09-bdcb7b6d31d1	Lophiotoma unedo	69742382-eade-4554-b78d-15c6d25a1167	Unedogemmula unedo	Catalogue of Life names it
c17ddd4b-068a-418f-b772-923863d458ec	Lotorium kiiensis	3c41b851-3397-4e56-8db7-b3472ec2bda6	Monoplex exaratus	Catalogue of Life names it
26aba28f-fe58-48b6-8805-c03764e08fc1	Lugubrilaria badia	bc925fc6-d11f-4f33-a4ef-528e484a076f	Lugubrilaria lugubris	Catalogue of Life names it
5378e9d4-04ea-4a6a-9b2b-ab47d012fa5a	Lunatia pila	01da4cef-8060-46f9-b304-e2616a84b65d	Euspira pila	Catalogue of Life names it
dacedf7b-d683-4e6d-9ace-4664af0dc83d	Lunella moniliformis	76bedd6d-60ae-462a-9e55-869d42c88d2f	Lunella granulata	Catalogue of Life names it
374459be-be9e-4dfc-b18e-567d1fd94000	Lunella picta	da11be0e-a0f7-428b-aaa3-842e968eb7c6	Lunella cinerea	Catalogue of Life names it
792c3f91-64f8-44b6-8a51-df1e36e5c847	Macrarene pacis	03c41467-fe37-4e33-b5d8-a0ada182b0f4	Macrarene californica	Catalogue of Life names it
f0fec61f-d960-4090-988d-17e94a9e7878	Mainwaringia dantaae	1e583503-7f87-4430-ae58-414251a80b3d	Mainwaringia leithii	Catalogue of Life names it
25e7a220-0e17-4447-a8f8-1a5374dfb676	Mammila kurodai	0d7d5015-2dcc-4bee-ba4c-362274c97544	Mammilla kurodai	Catalogue of Life names it
073e2b81-2c65-4257-90e9-d22b5863ca77	Mancinella vannaui	42e3ea08-2092-4a98-a1ba-50211ceed35a	Mancinella echinulata	Catalogue of Life names it
408a3b19-2067-4689-82f8-8a2c8aed40f6	Mangelia adansoni	a4597112-6bb3-4fda-98e7-c4e6ed1bfac8	Mangelia angolensis	Catalogue of Life names it
94e0e631-da6f-4734-9fa4-760183049340	Mangelia atonia	c84896b6-10e6-4903-87a5-fc942a7b948b	Benthomangelia antonia	Catalogue of Life names it
1cbf58a6-f57a-49c0-832f-b3e34d18c6ce	Mangelia bartletti	b038bc34-3b0e-48d6-bb66-554974d9a015	Tenaturris bartlettii	Catalogue of Life names it
43ceba1b-5062-4e69-a0f3-4abdbb270286	Mangelia costulata	0e9628b3-6c82-4c7b-a220-9a368c967eaf	Mangelia dunkeri	Catalogue of Life names it
fa23017a-a500-47d5-9fca-1ed8ed5a2e69	Mangelia crossata	58d5fdfb-a8fd-4a76-9465-55972fea02d5	Kurtzina crossata	Catalogue of Life names it
eec8b57a-a1fa-4117-9275-852096059f0b	Mangelia cryera	f7166e05-756b-4429-be2f-7522132b6b56	Bactrocythara cryera	Catalogue of Life names it
c17f9e1f-1853-476a-913a-3e192628cb8f	Mangelia difficilis	35c87319-d611-441a-a190-b069f08b0199	Mangelia unifasciata	Catalogue of Life names it
32226b45-8741-4e71-92bd-8620c6c155c2	Mangelia eriopis	f2f76a44-6109-4f41-9218-50ad73b11a25	Mangelia carlottae	Catalogue of Life names it
9d842149-cc52-49b9-9759-9d797b951f4e	Mangelia melitensis	35c87319-d611-441a-a190-b069f08b0199	Mangelia unifasciata	Catalogue of Life names it
057a4afa-6220-43c5-ace0-5c7b9b2ce457	Mangelia merita	3e0167b3-d26e-473b-a11a-02cd6fd1a0e8	Tenaturris merita	Catalogue of Life names it
866c3ded-3d64-4553-a5e6-6834151010b7	Mangelia ossea	85522f9c-edd0-496f-b2cb-50a65f9e7548	Mangelia striolata	Catalogue of Life names it
5b384368-3ced-4a84-9f53-d6389add82ff	Mangelia pulchrior	18c97900-d6e2-4be8-ba5a-643882726c4e	Perimangelia nitens	Catalogue of Life names it
65695585-9a7d-44ac-a21f-4254c4909636	Mangelia rugirima	cf1845c6-9993-44ab-8a2a-fcf642f32990	Glyphoturris rugirima	Catalogue of Life names it
970246a4-ab80-4121-85a4-29c9de700df1	Mangelia tachnodes	c384455d-ab27-43ce-9e3e-b48c84a7fb0e	Kurtziella tachnodes	Catalogue of Life names it
0168c440-fade-41eb-a16b-b1a9f6486ae5	Manzonia darwini	a8378d6e-2ad2-4ac9-8b18-85bc576cda71	Manzonia guitiani	Catalogue of Life names it
202989b7-f0fc-471e-b8fe-a9a2d5f9b9fd	Margarita maxima	dfd485ec-f577-4ddd-86f1-0629f476c774	Photinula coerulescens	Catalogue of Life names it
18701578-c04c-483a-9605-6fb95913cc20	Margarita persica	4385483b-b8f0-41fc-b50c-18cdcd1679f2	Margarella violacea	Catalogue of Life names it
61e44f44-40da-436a-ae6f-319e80cba65f	Margarites bicostatus	1712e030-fcdb-46d4-b347-8917d9bde1bb	Lirularia bicostata	Catalogue of Life names it
d3400454-4d8d-4cd1-8976-001eeb6c789b	Marginella alchymista	f7c4000c-fcb5-4ede-9e69-3642d40a2a66	Dentimargo alchymista	Catalogue of Life names it
af903169-b7cf-4143-b279-0d0e478ab94c	Marginella caelata	a0dbb05d-9029-46eb-9aa1-35622e4a3e74	Gibberula caelata	Catalogue of Life names it
5c27903b-742b-4d1c-9f17-69771aad4eac	Marginella elegans	fa14c8ca-46a9-4592-ac63-682ddbc7b4d4	Cryptospira elegans	Catalogue of Life names it
789ef422-237f-40e2-af39-ae21dac6f864	Marginella jucunudus	b133503a-f187-4a9f-b191-1463f4c4b09e	Marginella umkomaasensis	Catalogue of Life names it
963e13ea-3ea1-41b3-82ea-933c5b49731b	Marginella lineofasciata	14185bf2-2eeb-4927-ae44-12d85244a11a	Marginella lineolata	Catalogue of Life names it
8237beb7-6e2c-4434-b435-9f91ebe92004	Marginella microscopica	5a108caa-2a0c-48ac-aa33-9ef6df0221f7	Balanetta cylichnella	Catalogue of Life names it
52ded6b1-5294-40ee-8129-98fed8cfda1d	Marginella obesa	608db887-f2db-4926-9559-5566322c0ff5	Persicula tessellata	Catalogue of Life names it
bca9cc3f-eaac-4edb-89c4-e981c7ade05d	Marginella pseudocleryi	06545483-a638-4c25-9dff-0158ddc86090	Marginella cleryi	Catalogue of Life names it
7f23c283-e404-4cf7-a9c1-3a6e9145a7cf	Marginella strigata	0952aeb2-02eb-48ec-aad9-9bcff9e05fd7	Marginella cosmia	Catalogue of Life names it
1fe5d607-e607-4a77-bbbc-f2ca554abf46	Marginella umlaasina	2bd7f69c-67d4-4a32-85e9-cbd40f1b0a20	Marginella umlaasiana	Catalogue of Life names it
6eb74c84-6e79-4e02-baae-bea2eab67a79	Marginella virginiana	84f30b9a-cd67-4026-ac36-5409676b9cae	Dentimargo smithii	Catalogue of Life names it
6e07f82d-691a-472f-a211-5d4f12c16db4	Margovula tinctilis	740d93d3-9a00-4908-b7fb-a162cd146b78	Margovula pyriformis	Catalogue of Life names it
d4d3acdb-bcd6-4ecf-9e65-66100f17b240	Marsenina prodita	adfeaf41-0e42-47d7-b3e2-3f3ebb8db639	Marsenina glabra	Catalogue of Life names it
16e32d74-8644-4344-b72b-51593c5b8883	Megalomphalus disciformis	dea98b10-36db-4212-bbde-df0c75d45a83	Megalomphalus azoneus	Catalogue of Life names it
3ae05d5e-93e8-4233-9693-742b69a7bbae	Megalomphalus pierrot	d2f9b401-e0af-4474-9b45-45900160877c	Macromphalina pierrot	Catalogue of Life names it
6f498dc7-f1af-43af-b6d3-7861560180ba	Melanella araesomae	3c7da8b0-f945-4d33-8b6f-3450cd3ea1de	Hypermastus araeosomae	Catalogue of Life names it
c82dbb60-8fe9-41fe-93e7-2f1ac26f5460	Melanella bilineata	b33c087c-1986-42cd-9849-1d2344fcf1b2	Eulima bilineata	Catalogue of Life names it
87204af8-c268-444f-9594-9168a61cb01e	Melanella giba	f33b2ead-7fc9-4412-ac47-982142631173	Eulima gibba	Catalogue of Life names it
c3f5841b-442f-47eb-ac29-030437fabc54	Minolia strigata	b9eab0c3-ec10-46ae-972a-8f7f818df496	Conotalopia musiva	Catalogue of Life names it
2a5fea5e-979f-4259-b823-2b8b5ad881d2	Mitra acuta	7fd5dbeb-3364-4867-86eb-f7b289b00ebd	Imbricaria annulata	Catalogue of Life names it
0c8966cf-0060-446d-aafc-f1bd1a5b0da2	Mitra amanda	e2526ff9-826b-4f28-bc45-9bfc2c5b9d43	Vexillum amandum	Catalogue of Life names it
28671867-890e-47fa-807f-00e79776f093	Mitra clara	c384d816-013f-4935-b136-92cd3fd0c111	Pseudonebularia semiferruginea	Catalogue of Life names it
fe10e23f-1b14-4a40-89fd-309ef9d7013b	Mitra dolorosa	28004c30-cfcd-4ee6-befd-f033c270263f	Strigatella tristis	Catalogue of Life names it
6aea6628-4d4b-4e9a-bbd9-c110d8918493	Mitra elizae	c957bbd5-172f-4ff8-a6d8-dd31d2b446f3	Vexillum infaustum	Catalogue of Life names it
6cd26c67-d84f-4cf8-b934-32a4c2c9933a	Mitra fergusoni	d8a924eb-167d-4dc3-8902-fb695f431eb7	Dibaphimitra florida	Catalogue of Life names it
bcd057a7-8a1d-4c72-a6ca-60758f3a1bf8	Mitra fulvecens	587a8800-e8d6-4305-8649-3c1acfb18080	Strigatella fulvescens	Catalogue of Life names it
f73949f4-1eea-401e-9501-a8b7604a0451	Mitra interrupta	67ef2573-f00e-49a6-b84d-7b1c647d1fe3	Vexillum interruptum	Catalogue of Life names it
cc3de7c2-e931-4124-ae84-f52730cf8f9f	Mitra jousseaumiana	28004c30-cfcd-4ee6-befd-f033c270263f	Strigatella tristis	Catalogue of Life names it
2fe669d8-7641-4a27-ba81-18a49e61ff74	Mitra lalage	2a789a84-d5d0-4e5a-9c37-190ac0a68ad4	Gemmulimitra duplilirata	Catalogue of Life names it
37c5e6d0-d0cc-4b4c-ab5b-313bf59bfed5	Mitra loweana	181fc0a3-f479-4a01-9ed6-9778884f63a6	Neotiara crenata	Catalogue of Life names it
e7dfdae2-3793-458a-9bfb-968ba7977c4a	Mitra lowei	181fc0a3-f479-4a01-9ed6-9778884f63a6	Neotiara crenata	Catalogue of Life names it
d1df88de-651e-4af7-b98a-1f94e34352b2	Mitra magnifica	e32ebaea-4044-4a49-9ec5-351452b38aac	Mitra mitra	Catalogue of Life names it
33de3939-bf0d-4932-a8ee-5367fe25ca39	Mitra nubila	34fcaad1-afe6-48f0-8880-923cb6bf62a0	Quasimitra nubila	Catalogue of Life names it
137fe1f8-8daa-4a15-8b8f-21660b3c3e87	Mitra pallida	86eb2c3e-138a-48cf-ae74-18dbf1e3ad8d	Vexillum virginale	Catalogue of Life names it
33f7aee3-f9c2-48e9-8221-97b6995d1ce5	Mitra pruinosa	fb4d4459-a0d7-4ae4-9e50-d1bb68878f0d	Domiporta hebes	Catalogue of Life names it
2ff47a7a-8ba2-4555-8535-d1ff476e8706	Mitra salinasensis	28004c30-cfcd-4ee6-befd-f033c270263f	Strigatella tristis	Catalogue of Life names it
13b0768d-30bb-40b5-b11a-3041d24efeea	Mitra sowerbyi	b3d5a76f-1a2a-413f-81a6-4b19aea7ea23	Scabricola sowerbyi	Catalogue of Life names it
18eb7add-19bc-4304-ab3a-05eea719eeba	Mitra subrostrata	36f32fb7-5781-46e1-920e-45fb9e0c67f8	Strigatella ticaonica	Catalogue of Life names it
da2be1e1-04fc-4faa-8fa2-ed983490c021	Mitra tomlini	27e9663b-d484-466b-82c1-726989dda6eb	Vexillum suluense	Catalogue of Life names it
eaf1146e-5e6b-49a9-ba4c-f437ca61c43f	Mitra zaca	b5906d62-2ed0-4193-a7e0-5de598302a9c	Isara swainsonii	Catalogue of Life names it
c481c9cf-910f-4f62-a07f-c2e2175097f3	Mitrella annae	4339bb1d-ef05-44f7-9ef5-235604693e36	Mitrella ardovinii	Catalogue of Life names it
4376dd45-553d-447e-abb5-cbc6e4af605e	Mitrella dicomata	28de6d23-55dc-40aa-9172-6d3b35c7a128	Falsuszafrona dicomata	Catalogue of Life names it
6338c87d-c6ae-42a6-a38e-bd35cfd4d83b	Mitrella idalina	2e1cd07f-5311-4de7-abf6-b161d7738245	Falsuszafrona idalina	Catalogue of Life names it
7d2e607c-88dd-47cf-98e3-e638a95f3ed0	Mitrella perlucida	a716c750-4a74-4954-a030-e3e1147f7d4d	Astyris perlucida	Catalogue of Life names it
aac8f019-319b-453a-8b3b-df220c2c9adc	Mitrella verrillii	c3c15011-6eb1-4958-9ff3-855729090596	Astyris verrilli	Catalogue of Life names it
6ad81b6d-9a30-4faf-9e23-420ca80c11c5	Monodonta glomus	2c86d27a-aeab-4d10-8b87-16c8f1693c56	Clanculus jussieui	Catalogue of Life names it
d5d22b69-3686-44e8-9c55-c4b5357b7227	Morula funiculus	690ffc2e-32a3-47bd-8889-ad159f3a85f5	Murichorda fiscellum	Catalogue of Life names it
db95fec4-9d37-4d24-ae1c-8188019a70ee	Mucronalia parva	e0284135-fbab-4172-8368-a1894c0fe788	Stilapex parva	Catalogue of Life names it
2302d8ec-b750-444b-a405-93d0f802da77	Murex fusiformis	0037a1d0-a57f-4c4c-82cf-28446c4d0c87	Muricopsis fusiformis	Catalogue of Life names it
7f48bdbf-a5b7-419d-9adc-45785e4a1cfa	Muricanthus ambiguus	66f9acd8-a184-4da1-9fa0-843240d8d078	Muricanthus radix	Catalogue of Life names it
b845f000-e082-4711-8cf1-403fc07c6253	Nassa johni	c5c892f7-7300-4f11-b981-c52724c3a2ab	Naytia johni	Catalogue of Life names it
d5fa547a-93ed-453e-b343-a95e01ff4793	Nassa plicatella	c5e9146d-c10a-49e8-bb31-a16f403b9509	Nassarius niveus	Catalogue of Life names it
f2d281e3-7685-4684-a62c-cd1cc6e4c59c	Nassaria hillae	154d7f9a-33b6-4645-98bc-d1bb60895d32	Cabestana cutacea	Catalogue of Life names it
f8411452-d860-4111-a59a-1421d838df0b	Nassaria turrita	4c87c340-6e23-4ae3-b835-528a5a26bb83	Nassaria pusilla	Catalogue of Life names it
e60a4ea0-4c72-4fc6-b25d-1bc7e05a4e7a	Nassarina solida	3eeb84ab-5b95-4ada-8aca-8bec1e300afe	Engina solida	Catalogue of Life names it
4b7367be-1b8b-4582-8dd8-388b13339924	Nassarius chibi	44d55511-0bf2-4394-9a24-fedadf8a490e	Nassarius multigranosus	Catalogue of Life names it
9c8a7ac3-938e-4767-8f06-d1bd23d1e68a	Nassarius fenwicki	f7ee51e5-3c9e-49ac-b788-37b3214b6e11	Nassarius glans	Catalogue of Life names it
45e0d36d-3c12-4ecd-b07e-b6f0a59c9d89	Nassarius hiradoensis	e92fe651-3ee7-4c1c-9782-d2885e31f49e	Reticunassa hiradoensis	Catalogue of Life names it
7df282fd-8e02-4d73-a924-ae16a35358ba	Natica abbreviata	082f1939-f6f6-43ed-a36d-01cb9acafc4c	Tectonatica sagraiana	Catalogue of Life names it
fdc93963-0ca6-43d4-8b87-11868dce9000	Natica castanea	e348c130-eae4-4f74-bb67-21245e16e2b2	Polinices hepaticus	Catalogue of Life names it
81a8dce3-6e48-45eb-992b-f53e600c5e58	Natica gracilis	cd192be5-cc06-451b-b509-91e0b5a4a4f5	Natica livida	Catalogue of Life names it
93fe6d01-6663-42a7-9866-3800113b22d6	Natica janthostomoides	fc8d0354-fa07-4e62-9d9c-6f7f6834e0d4	Cryptonatica andoi	Catalogue of Life names it
9dd94dca-16c7-442e-b6d9-7dd95b3b3e48	Natica locellus	b711d2c7-dfe5-4cdb-9670-ecc8e17e58e6	Notocochlis gualteriana	Catalogue of Life names it
a11f1db5-1185-4dce-9cde-d9b25d4a8781	Natica nana	e2d89b17-4cbe-44ca-ab52-1e6c6cc4af7b	Pseudopolinices nanus	Catalogue of Life names it
17dc15d5-13e8-4471-b28a-d79bba7f56d4	Natica notata	b1b3e64b-f039-4e68-84f1-c7e9acbbbfa2	Naticarius lineozona	Catalogue of Life names it
ed5256e0-ac90-42ba-ae3e-b299ce165034	Natica parvula	d33460e8-1b14-4245-a4c5-70082f51a643	Euspira nitida	Catalogue of Life names it
28066a6d-1abc-4b07-abe7-0a3b6ff9e4b8	Natica plicifera	4dc98c7f-24e7-4054-826a-c90f320e37d2	Glyphepithema alapapilionis	Catalogue of Life names it
3b4f0fc2-6ef3-4f8d-9454-3ad153dc79e7	Natica pygmaea	2160e735-434b-49a5-b045-e11be29b96f5	Naticarius donghaiensis	Catalogue of Life names it
df49c3e6-2348-4e87-b239-8786ba3242fa	Natica ren	a3e2daab-acb5-4049-a99d-626be1d07b42	Tectonatica robillardi	Catalogue of Life names it
4972608a-c77a-4b5d-ba4c-7bcdaaf12b61	Natica severa	841ffc79-da76-47fb-a8d3-59e95f5e54e4	Cryptonatica janthostoma	Catalogue of Life names it
20de77bf-db47-467e-ae66-b76b04443df8	Nebularia tivoli	c0c51fbd-ecfe-46bc-bd7e-bfab32676505	Nebularia ustulata	Catalogue of Life names it
5e916de1-0177-41cb-a61e-8910d7f34653	Neocollonia diversicolor	ffb7bbc8-2d85-42f3-a868-fab4011023d3	Neocollonia pilula	Catalogue of Life names it
818140cd-a64d-49c8-8493-ed1d6b1938df	Neocollonia inepta	ffb7bbc8-2d85-42f3-a868-fab4011023d3	Neocollonia pilula	Catalogue of Life names it
086a5a6b-53ff-4405-8df0-b901711436af	Neocollonia isseli	ffb7bbc8-2d85-42f3-a868-fab4011023d3	Neocollonia pilula	Catalogue of Life names it
4de7d271-983d-4b78-8617-f13a82a2e17f	Neocollonia kantori	ffb7bbc8-2d85-42f3-a868-fab4011023d3	Neocollonia pilula	Catalogue of Life names it
eed840c0-a7c8-464d-9890-b5d11a17b5c5	Neocollonia splendida	ffb7bbc8-2d85-42f3-a868-fab4011023d3	Neocollonia pilula	Catalogue of Life names it
fdeecaeb-0c9a-4c1f-90ed-996cd3319e65	Neoterebra allyni	5ba80ba3-e7f0-469a-bd50-2ea1749ff807	Neoterebra specillata	Catalogue of Life names it
ff3223eb-8169-465a-8d66-554487697191	Neptunea borealis	8ab38e3e-e668-4346-ac96-14033961cbe4	Neptunea communis	Catalogue of Life names it
0890534d-1d9a-46f3-92aa-8caeace5c3c6	Nitidella moleculina	23cf25ac-af67-40aa-8be3-a45441f1559e	Mitrella moleculina	Catalogue of Life names it
9d55de4e-b4db-4d82-b657-f079b1eb5931	Niveria leucosphaera	12e9039b-e1d7-4052-bf80-8330a3ab1656	Dolichupis leucosphaera	Catalogue of Life names it
74d44f32-be89-4d6f-9004-786dc9c9df94	Northia pristis	db4221e2-e732-4de2-9836-4bdd68c5a682	Northia northiae	Catalogue of Life names it
74904dd2-ad0d-458b-937e-04c3db9b7897	Notocochlis gualtieriana	b711d2c7-dfe5-4cdb-9670-ecc8e17e58e6	Notocochlis gualteriana	Catalogue of Life names it
09662331-c898-4a7c-8b09-77c9416478aa	Nucella analoga	3859c2c3-1f7d-4400-9be1-3edf076034cf	Nucella canaliculata	Catalogue of Life names it
3fea669b-9221-4081-bca1-178465358572	Nucella fuscata	ba254a3e-4eea-426b-bd4d-1e5655ade164	Nucella emarginata	Catalogue of Life names it
7feedbb7-f0aa-417f-adb8-9a5bae0e5e12	Obesotoma simplex	b181ec77-bbce-4772-b56a-b8a3d27dec09	Obesotoma laevigata	Catalogue of Life names it
2518a0a9-ce1a-41c8-bcd2-f185562a53d3	Ocenebra gracillima	3189e729-1f62-42e7-9ad6-a3061e39ab7c	Paciocinebrina gracillima	Catalogue of Life names it
490bf92d-a597-4791-bce1-addebef3fbc2	Ocenebra salahi	ee94697a-e36a-4337-aacd-d65b9d90c68b	Ocenebra brevirobusta	Catalogue of Life names it
a18e3720-11da-4652-bc0e-d10585c63ef1	Ocenebra tracheia	c5ab4e98-181c-4367-a235-c2281c74e423	Paciocinebrina atropurpurea	Catalogue of Life names it
3e478435-5030-4048-98f5-0a1777444530	Ocinebra erinaceus	3bd54190-7b42-4c94-bff2-8b1b6374207f	Ocenebra erinaceus	Catalogue of Life names it
489aa540-0b33-435a-90d4-b371e4fdf977	Ocinebrina atropurpurea	c5ab4e98-181c-4367-a235-c2281c74e423	Paciocinebrina atropurpurea	Catalogue of Life names it
7c9406c3-4059-4f8a-a65d-9b526a22c9e6	Ocinebrina circumtexta	f443bc24-4703-4bfa-8f3a-03b746139263	Paciocinebrina circumtexta	Catalogue of Life names it
c5abbd12-9c9c-4b43-bc71-55237004dc57	Ocinebrina tracheia	c5ab4e98-181c-4367-a235-c2281c74e423	Paciocinebrina atropurpurea	Catalogue of Life names it
7d67a55f-ef40-4074-a171-f60b237a4a46	Oenopota albrechti	bd45db9a-008e-4bd9-aa3f-6fe93280a852	Granotoma albrechti	Catalogue of Life names it
01ff6f58-3615-4722-af80-51be2cab964d	Oenopota beckii	24912734-edd7-40e5-be90-3f1d454b1df7	Curtitoma violacea	Catalogue of Life names it
73f7a646-fc81-4538-a9a2-1df9ee593c34	Oenopota eriopis	f2f76a44-6109-4f41-9218-50ad73b11a25	Mangelia carlottae	Catalogue of Life names it
da575dc3-7d24-44bc-b6b1-bf5d8b089cc8	Oenopota laevigatus	b181ec77-bbce-4772-b56a-b8a3d27dec09	Obesotoma laevigata	Catalogue of Life names it
00fed5c9-b523-4d72-b39f-cc01ba2768c1	Oenopota nodulosus	1227dfe2-3531-4ef6-868c-91216c77e150	Curtitoma nodulosa	Catalogue of Life names it
89b1b433-0aa5-49af-8a6f-e7fa1bdb8e7f	Oenopota pyrimidalis	35d92743-ceb7-46e3-bb7a-dbf1d503866f	Oenopota pyramidalis	Catalogue of Life names it
9feb807b-f609-41f7-a598-48d4ed128046	Ohridohoratia gjorgevici	85a29e20-cfb4-4f40-b2d2-ecbeb1063110	Ohridohauffenia depressa	Catalogue of Life names it
46be7b12-783b-43af-96c1-80ba68e20148	Ohrigocea sandanskii	2e52ebfe-1ca5-4b52-9c0c-f6b2dac46f1c	Ohrigocea ornata	Catalogue of Life names it
142c3525-c968-41db-82c4-c21d4c5820ee	Oliva bollingi	4d8fa7cf-10b0-49fc-9445-439a3add9868	Oliva nivosa	Catalogue of Life names it
6fc84489-3f6a-4c16-ac01-b740d64bcf70	Oliva callosa	e043d55e-00d8-4b97-a34f-5fd75825678c	Oliva polpasta	Catalogue of Life names it
2aa5ae30-a8b5-47d1-b2c1-d6b8323eeeb0	Oliva capensis	6279df24-8fa9-4a9f-9330-47d780517de8	Olivella anazora	Catalogue of Life names it
7c32d9f7-cf3d-4b57-a29d-23bb7dd430aa	Oliva elongata	19debc91-e32f-4778-881b-59dc81394605	Olivella floralia	Catalogue of Life names it
6c0b3637-cb38-4fe4-870c-8c6c368290ef	Oliva violacea	c36ecf06-93a8-4c79-aa27-3312a3983013	Oliva spicata	Catalogue of Life names it
489baf52-c1f1-4227-9d6e-206ae6804e2a	Olivella acteocina	cb430cab-2dc1-4b51-b5d5-411cd765bb6d	Olivella perplexa	Catalogue of Life names it
bdf5967e-9057-4394-aef8-7fe528fb7796	Olivella lacanientai	d7a4b9a8-5b35-4acc-b779-10bdfa976983	Oliva lacanientai	Catalogue of Life names it
cffa7dee-d0b4-402c-9264-18f1a774bfaf	Olivella parva	1a18d5d5-44ac-4d11-a4e5-ce38f129b9e2	Callianax biplicata	Catalogue of Life names it
9ea748d7-3656-432f-a43d-8f39748ca8c2	Olivella rubra	5bb4d4b1-9571-430a-a9b9-a40f2cf9a22f	Olivella mica	Catalogue of Life names it
c4da5ba7-7c98-4cbf-a588-f17039edfedf	Omphalotropis bicarinata	1e5fd9a3-4c5b-457d-91e9-6cbb7cc57072	Omphalotropis ceramensis	Catalogue of Life names it
686e3d70-14d0-4316-9d15-f808d73a9399	Omphalotropis ovata	70671e8c-0694-43f3-b149-85691a5ca758	Omphalotropis moussoni	Catalogue of Life names it
36e26a56-a3ea-41db-96b6-cac9e2ffc4cb	Omphalotropis robusta	bef3483a-0248-4f04-9d2f-a91a20636ff5	Omphalotropis huaheinensis	Catalogue of Life names it
3190dfef-47ec-4d4c-966d-3438d54870e5	Omphalotropis striatapila	99228c90-e768-4755-86da-62ebcaeda528	Omphalotropis striatipila	Catalogue of Life names it
4a1f0475-c631-4f24-b654-c8aaeaf16a88	Omphalotropis varians	d5f9da71-050e-4d6c-aaa3-fe4d0df16c74	Lyrotropis poecila	Catalogue of Life names it
8277e8a0-c8c3-4ef6-8b3f-5cd0fa36f5fd	Omphalotropis vitiensis	1b4fe5e4-386a-4ccb-938c-09e5958c5e15	Omphalotropis parva	Catalogue of Life names it
66e68938-c66f-40e1-927b-7cde5f438d0e	Omphalotropis zelriolata	f0d436f9-578c-4653-9c75-7d949d800fab	Omphalotropis zebriolata	Catalogue of Life names it
0a1f7b09-cecc-496a-8c7d-81e69600c405	Onchidiopsis latissima	74c2a77e-2d5f-41aa-aae2-33199ebfe25a	Onchidiopsis carnea	Catalogue of Life names it
79e44d9a-2e76-4b83-badb-d93b20acee69	Onustus aquitanus	b551d45d-2f82-4889-8e21-97ed8c4a0a62	Onustus longleyi	Catalogue of Life names it
f4fe548e-ee23-44ff-971c-06081b8874b1	Opisthosiphon rivorum	7318109e-ea53-4e9c-ba0b-f57014149487	Opisthosiphon caroli	Catalogue of Life names it
7f423368-4e05-4052-8969-cfedbdf0cbba	Ovaginella tenisoni	74c477af-b6ad-48ce-9832-24c8d60be28c	Ovaginella ovulum	Catalogue of Life names it
46335bd9-2eef-4abd-9b0f-b5b507ac34d3	Ovatipsa ilariae	38c5336c-889b-4f73-928e-c5f42cda8c82	Ovatipsa chinensis	Catalogue of Life names it
2d9fd122-e793-46a2-ac6d-46a11834a45f	Pachypoma lithophorum	f4616ca9-f754-41e6-b37a-7fec7af2716a	Pomaulax gibberosus	Catalogue of Life names it
491208b2-a408-427e-b689-3b2a0fafefdf	Pachypoma magdalena	f4616ca9-f754-41e6-b37a-7fec7af2716a	Pomaulax gibberosus	Catalogue of Life names it
ac5e7f50-6c10-4992-817b-ac2554daf5a1	Pandalosia catesbyana	7db1c7b8-e37e-425a-a270-b6d27f7a9943	Schwartziella catesbyana	Catalogue of Life names it
2af4e7dd-747b-4aef-813f-e2fec9641d16	Pandalosia subulata	947f9113-9ec1-428b-a1d6-a5f1edac9439	Pandalosia subfirmata	Catalogue of Life names it
69f98ba1-f363-43b4-b9f3-f92adf32dd5d	Pareuthria janseni	d2b91631-a7a7-4d95-8c20-4c292ec83ff6	Microdeuthria michaelseni	Catalogue of Life names it
be202b72-1b55-4fa2-be51-7aa395edfb05	Pedicularia stylasteris	45d11eda-4a44-4468-9cd1-b07abd2294b7	Pedicularia pacifica	Catalogue of Life names it
1579c956-eb36-47e1-ae78-b890970a1640	Peristernia incarnata	e7d2f36a-b14e-42df-9038-a4c59f16a80c	Peristernia reincarnata	Catalogue of Life names it
d98bb7b8-d04f-43f5-aedb-90dc8f561c77	Peristernia lirata	5ee126cd-5860-4f80-8f7a-6edfcbf30913	Peristernia tulipa	Catalogue of Life names it
06930d6f-4526-4ca4-818a-86946b842c97	Peristernia tayloriana	ebc09a51-27ea-459b-91f2-d25b6033bfb1	Microcolus dunkeri	Catalogue of Life names it
67da4b3e-bce5-4be6-a551-af2970b70426	Phalium strigatum	9e5575fc-5ca5-46de-97d2-9eb7ecb1c50d	Phalium flammiferum	Catalogue of Life names it
52a401ac-eab9-4510-9422-2db8068b058d	Phasianella formosa	c5e56e31-b2e9-4c4c-8f3b-554924b2bd29	Tricolia formosa	Catalogue of Life names it
1d099e15-cece-484e-bab7-8eed977d15d0	Phasianella lehmanni	f78a6366-1c92-4644-bdf3-cb29f4a5b65d	Phasianella australis	Catalogue of Life names it
05aafd56-4e5b-4501-839a-0ca041796468	Phasianella preissii	f78a6366-1c92-4644-bdf3-cb29f4a5b65d	Phasianella australis	Catalogue of Life names it
89b13198-bcc1-4f22-a98f-79f4f09e89ca	Phasianella striata	762689a4-9611-443c-9f8a-ecb9428d1592	Lacuna vincta	Catalogue of Life names it
789af7d3-9b38-4dde-b502-f9e076ccd760	Philbertia densa	517c767e-60ec-4d05-921f-8e72cb0499a4	Raphitoma densa	Catalogue of Life names it
bc010110-85d9-4b0b-ae9c-adc81dee71d9	Philbertia stipata	120bebc7-6405-454c-8b11-f1ce269f91c5	Pseudodaphnella stipata	Catalogue of Life names it
bcc333ba-428c-4210-91ea-47b66153bbc3	Phosinella antoni	2ac92770-b938-4ed6-aa10-aac835b0f8cb	Moerchiella antoni	Catalogue of Life names it
cc12e167-2ded-4368-9738-ca90290340f8	Phrontis candidissima	2ccefb43-1773-47c1-95ba-de32b900f9f0	Phrontis alba	Catalogue of Life names it
ad701b86-17f9-4ab9-af0e-f34c26aa4c55	Phymorhynchus wareni	02fefce0-7045-4146-87dc-b1cf802c7981	Phymorhynchus starmeri	Catalogue of Life names it
cd3b9118-f46c-49e5-b24a-c88a83b1e48e	Pilsbryspira albomaculata	ef37173c-0e09-4560-b693-7929cf6c0438	Pilsbryspira nodata	Catalogue of Life names it
565ac583-f640-4f76-b6e2-e75588e889dd	Pisania ignea	f9237b43-e34a-4e9a-91a1-e2b33fcff678	Ecmanis ignea	Catalogue of Life names it
80e9caf1-6aff-4612-8cbd-0ca2a24f183b	Pisanianura breviaxe	c2bbf219-86c4-49af-a653-e08f95bb61f3	Laminilabrum breviaxe	Catalogue of Life names it
b143f648-a118-4c2c-bfbd-a3c3e57f1fd7	Plagigeyeria conilis	66ec004a-0770-4daa-87dc-bb7d94d64966	Plagigeyeria deformata	Catalogue of Life names it
958992ca-3e96-4748-a8d6-be5f089b860d	Pleurotoma albida	35c87319-d611-441a-a190-b069f08b0199	Mangelia unifasciata	Catalogue of Life names it
3269425a-d82b-4e1a-a6cc-4556d71aa73a	Pleurotoma australis	9fb13da7-5c20-4cd0-98a1-ecc1145011cc	Nihonia australis	Catalogue of Life names it
39611c3b-d6f4-4fc6-b01a-2386a5a571f5	Pleurotoma carpenteri	60fa55fe-b26c-457f-bbbe-78ef06efaefd	Cymatosyrinx carpenteri	Catalogue of Life names it
4bdfe5ed-f4fd-49bf-bd4e-7b7536d39eeb	Pleurotoma cornuta	0ccebbf1-5b2c-4c24-9a00-e621d28d2760	Crassispira nigerrima	Catalogue of Life names it
f0471b8d-0dc1-4139-9c80-439db366d8a7	Pleurotoma crassilabrum	85522f9c-edd0-496f-b2cb-50a65f9e7548	Mangelia striolata	Catalogue of Life names it
7b0979da-020b-495c-80cb-84307bf54a61	Pleurotoma digna	f1dc589b-040c-42b3-958f-d1a15e89fddd	Pseudomelatoma penicillata	Catalogue of Life names it
cee8ee3f-812d-480a-ad90-6d9e86a8b095	Pleurotoma exigua	6e3a14ad-5088-4668-aba2-5900a0e332f1	Notocytharella striosa	Catalogue of Life names it
e646228f-a8cb-4223-9311-540bf48369c7	Pleurotoma funiculata	0c4edc67-726e-4a27-ae43-a6eb44f287b6	Knefastia funiculata	Catalogue of Life names it
51c7bfdc-ec7b-4e61-af55-2f89e90823c9	Pleurotoma modesta	072333c3-ddf9-43d6-a43a-49fc5ac00f02	Turridrupa cincta	Catalogue of Life names it
c91a818f-7979-44bf-aea5-26371de77551	Pleurotoma nereis	42b9e97f-2dcb-478a-b9db-87f3d0d14334	Marshallena philippinarum	Catalogue of Life names it
297e35ac-5140-468c-9056-e78a377d46a8	Pleurotoma rimata	1e995e7e-8d44-4b06-b0f2-5d0927615a50	Turridrupa jubata	Catalogue of Life names it
1b7b2cd5-529f-4973-9a39-0c44753167b1	Pleurotoma rombergii	7ffd5f7b-c80c-45a4-b6ec-8ee9f34f33e0	Polystira picta	Catalogue of Life names it
54e0c62b-09c6-4853-b309-855b55aeecae	Pleurotoma testudinus	0ba9bf0c-0d1f-4270-b7b4-c32d8f9db012	Drillia albicostata	Catalogue of Life names it
d06397ba-4e77-47ae-ad78-0c9570f3e0d1	Pleurotoma variculosa	c0c19e8e-3816-47ae-af2f-b10dd85dc145	Miraclathurella bicanalifera	Catalogue of Life names it
878cd63c-d6f8-4ea7-abbe-82db4154bc24	Pleurotoma versicolor	f5728bc4-ed58-4f64-9ab4-3456ded3c576	Raphitoma philberti	Catalogue of Life names it
2c6b4a51-e4f5-44f8-a086-1aa26be69834	Pleurotomella catherinae	324a960f-834a-49ba-80b1-d7cd0ba11621	Famelica catharinae	Catalogue of Life names it
eafeac1c-c7ab-41ff-829f-9494e4387cce	Pliarcularia glans	f7ee51e5-3c9e-49ac-b788-37b3214b6e11	Nassarius glans	Catalogue of Life names it
a417ee60-5516-413e-9cd6-81841896cbb3	Polinices clarki	038cb54a-acc9-426f-a83f-2f38de58df87	Mammilla caprae	Catalogue of Life names it
658405f1-c601-4b06-b698-eddfc8f1677a	Polinices reiniana	eae04c93-3132-4a95-8ab6-237c033ba698	Glossaulax reiniana	Catalogue of Life names it
6cf480e8-b3b1-434f-adb0-3157e508e4f8	Profundiconus rashafunensis	4bbea83c-5efa-451d-bacc-a93eca7c0bce	Profundiconus neotorquatus	Catalogue of Life names it
805c5d89-c0fb-4293-9fe8-231824cc7d7f	Prunum dawnbrinkae	35288356-7079-4141-99ef-d1ce08eb4eb0	Hydroginella agulhasensis	Catalogue of Life names it
ee850e9d-6d3e-4ed1-b00d-10dd387a7ccc	Pseudamnicola globulina	998a8b6d-02fa-48ed-ba34-88320b28a23d	Mercuria globulina	Catalogue of Life names it
6424d32e-1ef3-41d1-9026-a512367312c5	Pseudosimnia angusta	3ec0f5cc-0925-46f1-b206-e66ca304f805	Pseudosimnia carnea	Catalogue of Life names it
bd30ac29-1fed-4928-a7f8-4c507d95f16c	Pugilina elongata	a987a7ab-fe5a-4138-b930-1c5d6aac2249	Brunneifusus ternatanus	Catalogue of Life names it
b9fa21d7-3e08-49d5-a546-69222a00f467	Pyrgocythara canoidissima	34d3549f-e186-409f-969a-73a9dc2305a3	Agathotoma candidissima	Catalogue of Life names it
92ab9152-a86c-4054-b0ea-dfe609a77e12	Pyrgophorus cisterninus	f9c8f6a7-fdab-4e56-90b8-bdf48904b9eb	Pyrgophorus coronatus	Catalogue of Life names it
a0ad3542-0153-4762-a0e1-92217ba75bb1	Pyrgulopsis dixiensis	936990bd-c67b-413a-91eb-b8bba1a8ee37	Pyrgulopsis dixensis	Catalogue of Life names it
76695bd0-18d3-4faf-a26f-6e49b6684584	Pyrgulopsis nonaria	30cb67ad-8c8f-4af6-a059-21fa5bd67865	Pyrgulopsis pilsbryana	Catalogue of Life names it
174d07c0-58ea-4448-b36d-bb8d49b46648	Pyrgulopsis transversa	30cb67ad-8c8f-4af6-a059-21fa5bd67865	Pyrgulopsis pilsbryana	Catalogue of Life names it
b04bd1c2-e1ec-4285-a2b9-c585befe15ad	Quasimitra barbieri	01f91ade-642c-49e5-a33c-4c779aa81b41	Quasimitra cardinalis	Catalogue of Life names it
afb8723d-342c-4182-ba5d-9f785378acfa	Rapa franzhuberi	5fee0fd5-f5b0-45aa-aaae-fe7420d9442b	Rapa rapa	Catalogue of Life names it
98ea0fbb-1a6a-41da-a11a-a64e7118b60b	Rissoa algeriana	2c235b9c-ca37-407f-8692-015bb93d563a	Alvania algeriana	Catalogue of Life names it
97c8dc8f-dc17-4497-bfaa-29276ede1d6d	Rissoa atomus	d859f87a-3000-413c-8fe1-7614e09c8c20	Eatonina subflavescens	Catalogue of Life names it
b546f5c2-b663-4eb1-8812-dcb7eb97939c	Rissoa aurita	b5abdfd2-ab6b-4b07-8d87-8e3424e71419	Crisilla semistriata	Catalogue of Life names it
3d50472c-5a02-4579-90c3-06ff69bb72a3	Rissoa desmarestii	651fe380-04eb-4edf-83e8-8a3cd0af2ef3	Rissoa variabilis	Catalogue of Life names it
011e8080-7687-4610-87fa-ba9670a07a1f	Rissoa dorbignyi	030bcfc6-eb49-45a4-bdf3-be7e389c4b15	Alvania dorbignyi	Catalogue of Life names it
bd077c64-0161-4ebc-9aeb-27bc3521ce2f	Rissoa electa	900c3e8a-8e24-44a5-b3de-60c028bb46ab	Alvania electa	Catalogue of Life names it
6e87dbb1-89a6-44bc-9c91-25d447df48c7	Rissoa farquhari	689e2f7c-1c5c-47ac-8015-be564e830954	Cingula farquhari	Catalogue of Life names it
51cb9b27-3aab-4633-95d8-61313cfa3b43	Rissoa grippiana	7b6f5fb6-2d2d-48a0-b4d7-c9dcc21df3cc	Alvania aequisculpta	Catalogue of Life names it
1a8303ea-b15d-415e-8934-179b0e18f452	Rissoa lineolata	19852a48-f493-4d69-a26e-8cad2bb70647	Pusillina lineolata	Catalogue of Life names it
5c7b5b63-7d4f-4fd6-8d10-e7ff840c609b	Rissoa listeri	cee6ed2c-6e05-43c7-9cc3-37772b09c97f	Benthonellania listera	Catalogue of Life names it
0df74951-b467-413b-9594-847c27805307	Rissoa macra	3663f763-312c-4266-a378-69e7331a3ec1	Ceratia macra	Catalogue of Life names it
29c16e69-8c8c-4e6a-81cf-01dd53a1817b	Rissoa oblonga	0e92aa32-ae72-475c-be31-9a93a04282a2	Rissoa membranacea	Catalogue of Life names it
e1c2b457-e022-4787-b88c-90a8048bfb33	Rissoa panhormensis	2ffbd2fb-7815-41f0-b424-68a2d15f0831	Rissoa guerinii	Catalogue of Life names it
b8b6a47e-15c1-43bd-9663-70d092a215c3	Rissoa reticulata	a0b665f6-c0cb-4c70-863e-28553fa9c23d	Moerchiella reticulata	Catalogue of Life names it
fc422ba3-a7b6-4573-a94c-229c9b19484e	Rissoa rosea	8aed7278-77a0-4ef4-a7e8-d33e046b5383	Eatoniella roseola	Catalogue of Life names it
2a654104-5fa6-476f-873d-f50bbf61e90c	Rissoa sculptilis	f666e21f-31ad-48cf-8137-07efbf2eb0d4	Alvania sculptilis	Catalogue of Life names it
89c5c469-1fa2-4470-9192-041299aa7e8e	Rissoa seminulum	89e67f5a-cb8e-4bf6-b878-830a0d92ffb0	Barleeia seminulum	Catalogue of Life names it
fbbda291-c4e2-49d6-bc7b-7cfeaa7dfe4e	Rissoa sultzeriana	651fe380-04eb-4edf-83e8-8a3cd0af2ef3	Rissoa variabilis	Catalogue of Life names it
ba73e66d-1c74-4316-84bc-09cb23c43bb5	Rissoa venusta	0e92aa32-ae72-475c-be31-9a93a04282a2	Rissoa membranacea	Catalogue of Life names it
8e0ecabf-cfbc-4090-94cc-94376462dcfd	Rissoina basilirata	d2f6724a-4009-4be3-8811-9742864bb60a	Rissoina gisna	Catalogue of Life names it
653964b4-c2ff-408d-9b02-49e3304120e5	Rissoina floridana	3b414aed-e4ff-48f4-94f7-75aeeded0c86	Schwartziella floridana	Catalogue of Life names it
be2f25ef-8fb1-43f9-bbbd-cf9f3f3eab6b	Rissoina gracilis	2e340b1c-21d1-426c-9e7c-30d98ddbc3df	Pyramidelloides gracilis	Catalogue of Life names it
5f52090b-a58f-4fbc-8111-1707912f4737	Rissoina rissoi	ee55cc97-1c68-47d6-a681-405941eff046	Schwartziella triticea	Catalogue of Life names it
42440990-12d4-443c-85ba-b7e074057af8	Rissoina scalariformis	cdad088b-35b2-4678-b317-1ca9310788c1	Pandalosia ephamilla	Catalogue of Life names it
e6c41559-7829-4449-b377-1abf10a3b8e0	Rissoina shaferi	c5e4c02c-b9e3-4f22-af08-2c0183edbd9a	Rissoina labrosa	Catalogue of Life names it
366784d6-db06-4ffb-b885-ed3043f4cc63	Sadleriana bavarica	fd21dc42-109d-41dd-9d35-df53268ef348	Sadleriana fluminensis	Catalogue of Life names it
d4a828fc-8a8f-4437-8664-4cf863b3810e	Sadleriana pygmaea	fd21dc42-109d-41dd-9d35-df53268ef348	Sadleriana fluminensis	Catalogue of Life names it
bd8e9a5f-608a-4fb3-afd5-7501b8772703	Sadleriana sadleriana	fd21dc42-109d-41dd-9d35-df53268ef348	Sadleriana fluminensis	Catalogue of Life names it
7821d2a2-07d3-47ca-9f6b-b579a17d0766	Sadleriana virescens	170820ec-6e04-471e-b8e2-a3cac5d764dc	Pseudamnicola virescens	Catalogue of Life names it
decc93ab-d310-4e9e-aef5-2d2678fcbfdb	Scabricola newcombii	42e8e55b-c943-4791-8a87-aa73a93789f3	Swainsonia newcombii	Catalogue of Life names it
b9d4a7bc-b95d-4671-86da-4164a9320247	Semicassis obscura	162dbfe8-da2f-42bb-b857-c7a6672e120d	Semicassis bulla	Catalogue of Life names it
70032be3-317b-4541-bd64-bb3b3a735686	Seminella roseotincta	028b7083-7047-4dd7-8b71-b2a353685844	Seminella peasei	Catalogue of Life names it
bbc4f85f-b8ad-4e63-9588-b1c1fbeca263	Semiricinula squamigera	fe9cce18-3838-42b5-8c73-97ecbd614b0e	Semiricinula turbinoides	Catalogue of Life names it
0f5a5a35-2cbf-4a7e-bd93-4d2249af5a31	Serpulorbis dentiferus	285a229b-30c6-416d-a482-23d114311e32	Thylacodes dentiferus	Catalogue of Life names it
b092d6b9-2229-473f-82e0-988c47e7aa67	Setia inflata	3b02d4d9-976f-4dfc-9246-bf0a9f3df7dc	Setia fusca	Catalogue of Life names it
bf477d3f-c17b-40b3-9ef7-4d8a848b2366	Sigaretus australis	c9e4afe4-8c49-4db2-a49c-d2fb699618f3	Sinum laevigatum	Catalogue of Life names it
f9e92ee8-29f9-430c-a4c6-ddc60f26fca0	Sigaretus neritoideus	56309866-1fbf-4269-894f-e20628ccd6c7	Sinum neritoideum	Catalogue of Life names it
85fa62bc-aa15-46d7-b01d-aeb81aeae567	Simnia illyrica	0f6adcfe-c4f8-4f99-a16f-71c32afd3169	Simnia spelta	Catalogue of Life names it
9acda4c2-386f-49ca-badf-e718b990192a	Sinum neritoidium	56309866-1fbf-4269-894f-e20628ccd6c7	Sinum neritoideum	Catalogue of Life names it
29261022-62bf-45be-bb84-f87a5f387137	Solariella mutabilis	88418dd0-4bb6-43cd-9fd1-a1620c90551d	Spectamen mutabile	Catalogue of Life names it
24741227-8e59-4828-ab91-b886060ec18a	Spiroglyptus lituellus	608a953b-7c00-46d3-91d4-033323270e60	Dendropoma lituella	Catalogue of Life names it
6ba92075-fbd5-472f-bf2c-893cab53ef0f	Stenothyra perdives	7f513fbf-c7f1-42ed-8051-ed380214e466	Stenothyra australis	Catalogue of Life names it
8a76a37f-7cff-4cd8-8bd5-e98dd3788160	Stilifer stimpsoni	96c7ddec-1e8b-4234-a5ba-e2910957fb6c	Pelseneeria stimpsonii	Catalogue of Life names it
b77ef23b-7596-4fe4-899e-dd913564d224	Stomatella notata	0483fe43-bfe9-4f54-9a96-d05512cda429	Stomatolina sanguinea	Catalogue of Life names it
e6892a7f-8015-4582-ac5a-d1fda9c4c8fc	Stomatia depressa	0483fe43-bfe9-4f54-9a96-d05512cda429	Stomatolina sanguinea	Catalogue of Life names it
6c86db52-92fd-4b70-b73d-9d30734b83bb	Stomatia pallida	581a334d-e7dd-4cf9-82b6-2eea6553c12c	Stomatella pallida	Catalogue of Life names it
bd2e74ba-46bd-42e3-8f4a-4afebde26908	Strombus alatus	b4889574-9ea1-428f-bafa-a3da898d71de	Strombus pugilis	Catalogue of Life names it; iNaturalist resolves it to the same taxon
f53826f2-53f9-4db6-9372-372ab9b05e86	Strombus canariu	863a7b4b-8ff2-4573-acd7-252c2d093379	Laevistrombus canarium	Catalogue of Life names it
35af3774-a0fe-4430-9385-75019077ff59	Stylifer thielei	9ff9954b-fce6-48a4-a82b-5a4f3932ae85	Stilapex thielei	Catalogue of Life names it
aab8b869-d01b-4f1f-a9ea-b433017f0004	Swainsonia biconica	8add3e1a-4c29-4bdd-9a43-2b1f491f60b3	Swainsonia ocellata	Catalogue of Life names it
213bc2ac-04eb-4def-8eac-0c19cd6d28e2	Synaptocochlea ornata	7aaa3b13-9b31-4dfa-8875-d52c1ff8b78f	Synaptocochlea stellata	Catalogue of Life names it
bc888982-1e62-450d-b31e-bb48f179167e	Taranis emendata	673a3c22-5100-49e5-8096-ab8c7283d105	Drilliola emendata	Catalogue of Life names it
62fd5374-cf82-4b1e-8ca5-5e8700c9b99a	Taranis morchii	05d8e59c-cb04-4a1b-8167-cac5a0b26d75	Taranis moerchii	Catalogue of Life names it
cf8ab911-f59c-4904-9058-68f44288e0ab	Teinostoma floridensis	0125f7b0-5a1e-4aea-b0de-cae0300bf078	Cirsonella floridensis	Catalogue of Life names it
4b427f5d-1490-4211-9047-eaa9acf7cf57	Terebra africana	470de97c-1456-4e68-b736-2d2008b98948	Neoterebra variegata	Catalogue of Life names it
296fb517-93cb-4584-b22a-0f8dbcaa624c	Terebra antarctica	23c13cd3-a1bf-47a2-9ebf-51ebc60df34f	Duplicaria tristis	Catalogue of Life names it
99b477b8-2cc6-4900-bee9-d67d701a22ff	Terebra apicitincta	50f45f84-7983-4e5f-8831-efbe97e9464c	Hastula apicitincta	Catalogue of Life names it
a0f81eda-7d30-4455-af7d-c68702571e20	Terebra belcheri	a9593d75-f7f8-441d-93c8-960b5d4aad92	Neoterebra guayaquilensis	Catalogue of Life names it
46c5cf4c-cad2-4105-b3df-835d224353fb	Terebra bipartita	d31033ea-9a85-4375-81e8-1d47dcb39879	Hastula bipartita	Catalogue of Life names it
8e859b85-c583-447c-bc2c-367b56bdb693	Terebra caledonica	e75626e1-05a3-45d6-bf9b-139339e624a5	Oxymeris caledonica	Catalogue of Life names it
35b751ba-5683-4dcb-8197-3bf5a5708165	Terebra circinata	69c0ae08-e6fc-4af4-81a1-fc6cfa29feed	Terebra anilis	Catalogue of Life names it
cd28346b-3922-491a-a543-1a01b485c131	Terebra costata	23c13cd3-a1bf-47a2-9ebf-51ebc60df34f	Duplicaria tristis	Catalogue of Life names it
23db69ed-baa6-499e-b2ae-05efebaef177	Terebra ferina	43a64fac-8ea8-4b54-9719-510fb253b43e	Oxymeris felina	Catalogue of Life names it
01918803-a1fd-488d-81b2-7a318ce46fb9	Terebra granulosa	1dff92d6-88c4-43fa-a4a6-510001e3c7f1	Naytia granulosa	Catalogue of Life names it
b81f8839-7c4b-485a-9659-c6921a0b4bde	Terebra jamaicensis	af02fa86-aff9-47cc-a38b-dcc37a93c295	Hastula cinerea	Catalogue of Life names it
4030f8e2-2e6d-455c-9b5f-4a1716f118f0	Terebra macgillivrayi	2e752930-ffe8-4594-8017-9cbd49b5b78a	Punctoterebra textilis	Catalogue of Life names it
80673616-c51b-4e5a-8429-c9bd1e3f87c6	Terebra pertusa	208756a2-a9bb-4ab5-b783-4136a4a4ffc1	Myurella pertusa	Catalogue of Life names it
e79920a6-1978-4a9a-8027-b00216057d44	Terebra rancheri	b108f997-2a22-41d4-97f5-2e2a4e33ef5d	Neoterebra rancheria	Catalogue of Life names it
74062816-ca3a-4f43-aff8-4041819902fc	Terebra unicolor	116f74bb-bee5-4c41-b267-d7b4548f19c1	Terebra amanda	Catalogue of Life names it
e4a6299d-5648-4da1-ac58-f37ad5577b9a	Torellia vestita	7247a929-6771-475a-abda-2cf8d5603c28	Torellia delicata	Catalogue of Life names it
2e47faed-24ad-487b-8e39-1171e1782be9	Tricolia beaui	1a26c712-dd75-447c-8a8e-17ab3d6917ad	Eulithidium beaui	Catalogue of Life names it
261dc596-9f92-4f09-8d37-c0a99760a444	Tritia insculpta	0a1db97d-f756-4ba7-b429-27a91a09584f	Nassarius insculptus	Catalogue of Life names it
2bc14b48-ccb0-43d8-aada-a4edfbf0b839	Tritonidea undulata	46c2fa1e-fcd7-405d-92f0-6e8012f56506	Pollia mollis	Catalogue of Life names it
cb7d82d2-c320-4af7-b15a-d2463a4e7af0	Trochus azorensis	14d82546-d46c-468b-a728-25bbb0e07d7e	Ethalia azorensis	Catalogue of Life names it
cdc13a49-bdf3-4d61-8796-0d9d9233da40	Trochus basteroti	bc3934ed-188e-49f8-9428-ed60829f793f	Steromphala adriatica	Catalogue of Life names it
91d2b632-d632-48b7-8a62-d9966fa40012	Trochus cingulatus	67a75f37-0f4c-46fe-8b6e-dd6eb393480a	Jujubinus striatus	Catalogue of Life names it
5fe6d0fa-077b-45e8-9429-1e3bc3bd9691	Trochus cumingii	7c862d7d-42c1-4d18-bbf9-c2e81301b1e1	Tectarius cumingii	Catalogue of Life names it
46209a68-d6ac-472c-a00e-29a46dce4c75	Trochus excavatus	31884e5c-b5d1-423e-b442-be4f4d8837c7	Tegula excavata	Catalogue of Life names it
773f8c75-918a-4e63-b8db-2a678fdd11a1	Trochus fasciatus	e39a0a4e-8f36-4c2c-a466-6f229bb807a1	Agathistoma fasciatum	Catalogue of Life names it
96389bf8-b0bc-4127-92e5-9629a00dc755	Trochus fraterculus	5e1b87e9-b779-4c59-af1c-853374106e1f	Jujubinus fraterculus	Catalogue of Life names it
93911306-0e99-41f4-a437-2824486364b5	Trochus fultoni	515af78e-898d-4e90-9e26-afd1d3f0555b	Jujubinus suarezensis	Catalogue of Life names it
4c12e882-9fe0-4453-a86f-ecc259286e66	Trochus latior	2e5661f4-4654-4ea9-9bfe-c26139633d0b	Steromphala umbilicaris	Catalogue of Life names it
d7d226c9-2931-4cfa-bf32-872dbd826923	Trochus lugubris	955b8340-4628-4083-9582-494ff10c42cf	Diloma aethiops	Catalogue of Life names it
637b8c87-b596-4842-9ebd-641cfdac1ffd	Trochus modestus	481a2981-b7bf-4caa-855a-92df3a04746f	Bolma modesta	Catalogue of Life names it
b6d4046c-5180-4daa-a6b5-c24fb19e9826	Trochus montebelloensis	7938726f-9fb1-46ea-9a72-a290dfd3f6d3	Rochia nilotica	Catalogue of Life names it
c1edc3f7-fbf2-49d9-a2f9-c1e96d7a0e99	Trochus strigilatus	ff813a15-d9a2-4dca-b1c3-ba5327ad4470	Tegula pellisserpentis	Catalogue of Life names it
4af819a8-a60a-4aa4-90fe-aa649930f9d1	Trochus sulcatus	e21d3eb3-4eaf-4b29-bacb-7999eb19911c	Cookia sulcata	Catalogue of Life names it
91b154dc-cd48-4306-accd-dd9a11d3d265	Trochus tabulatus	918d7adc-c2dc-470d-a5ac-e6c62ba744cd	Oxystele tabularis	Catalogue of Life names it
1b1114a0-e2cd-4db0-b19d-7570aa5eed3b	Trochus tigris	373d48b8-f7ca-409c-8ef0-fafaabe722a6	Maurea tigris	Catalogue of Life names it
00a130f3-483a-401b-9ac7-916e4bac0380	Trochus umbilicalis	51511573-855c-4219-a719-7ee042007614	Steromphala umbilicalis	Catalogue of Life names it
83e391f9-e04f-43af-874e-ae6313773e7d	Trophon ornatus	458357f1-ae2e-4a46-a28d-05a081a04eb8	Xymenopsis corrugata	Catalogue of Life names it
23f83fed-9acd-47ed-a14d-c09098fbf139	Trophonopsis beringi	0445cc63-dec4-41db-b316-038cfead3500	Boreotrophon beringi	Catalogue of Life names it
28892f9f-bcb4-4d94-8b1e-e5495bb87e46	Trophonopsis cepulus	e43ec154-a4db-41c4-9599-fc763c97c1d2	Boreotrophon clathratus	Catalogue of Life names it
76b27554-180c-472e-a32a-c3dbf8b196b3	Trophonopsis cymatus	e335ebfe-304e-4c1e-bf60-a92c475d0bfe	Boreotrophon cymatus	Catalogue of Life names it
d0e1eef9-2dfa-4566-980c-16c0f3307a07	Trophonopsis fabricii	da85ef21-15b5-4acf-8314-c9337df8067b	Scabrotrophon fabricii	Catalogue of Life names it
569d5956-a8af-4c1a-b928-004314905151	Trophonopsis pacificus	ca5dde52-3931-4419-bd69-922c47723b6e	Boreotrophon pacificus	Catalogue of Life names it
76e8c3df-b8f8-4d9b-9116-4a90ac059a03	Tropidophora semilineata	8844d8da-8e64-4d27-b782-a30f056f9b79	Tropidophora semilirata	Catalogue of Life names it
12121fab-8a34-49b2-b362-84015771bc02	Truncatella arctecostata	99b788ff-4cd2-4be0-ad3b-1f65c5c076db	Taheitia scalariformis	Catalogue of Life names it
0c6b8d89-1247-4a41-bdec-4b397cb77245	Truncatella bahamensis	641f93d5-923f-417d-9128-2e3aae751a4d	Truncatella pulchella	Catalogue of Life names it
29d4c3f3-9d33-4ae3-9148-79fe0a3ebf71	Truncatella dubiosa	bc42e36e-2fce-4185-9a39-570d4a0a6ecb	Assiminea dubiosa	Catalogue of Life names it
0312ba82-a742-4826-b412-111c1ccf81a1	Turbo albus	2b08f7e1-767c-4550-a9d7-7f0d1ce1ff09	Rissoa parva	Catalogue of Life names it
515919e7-eef8-4b58-904f-69d3d9917401	Turbo calcar	a5edd454-04f5-4841-a951-57f8a6216768	Astralium calcar	Catalogue of Life names it
d13fdd00-8978-4d49-9a0f-f01ca3a01223	Turbo coccineus	a6248581-6140-460c-a1b0-8a7c536ac19d	Homalopoma sanguineum	Catalogue of Life names it
df32cca7-3554-4baf-829c-d3da32835467	Turbo cochlus	6578a178-5a1b-44e3-a749-611b8e6e6efa	Turbo marmoratus	Catalogue of Life names it
f7ec1710-4fc5-428c-bff0-ef9f9dba33c3	Turbo lugubris	e0baf123-a366-4d0b-a19c-4763b3a9f4cc	Lunella ogasawarana	Catalogue of Life names it
76016800-bccd-4981-8a40-57c1216668ad	Turbo reticulatus	3f065062-e4f0-48f7-8493-602a388b7106	Alvania beanii	Catalogue of Life names it
55fba196-f6a4-4dce-a9cd-733293617e38	Turbo stagnalis	0407bf2f-f8e9-4ed2-b361-5807ea1d31bf	Eupaludestrina stagnorum	Catalogue of Life names it
2a042ffc-e32b-4a73-9d5c-f56304a5b938	Turbo trochiformis	0d23c065-0f36-4a46-b6a2-b0b4e7bd96db	Trochita trochiformis	Catalogue of Life names it
24933ac3-6876-45fa-920d-e6b52e36057c	Turbo tuberculatus	d966e891-efcc-46ab-8778-a975b2745992	Tectarius antonii	Catalogue of Life names it
40a04fdf-e75d-4092-b784-1630236c8f6f	Turricula fusconigra	0c6cb662-71d6-4fdb-a563-45d8dfd9868c	Vexillum antonellii	Catalogue of Life names it
7b54159b-1858-4f47-8780-160a6325142b	Turricula layardii	dc827b59-9e22-4adf-81fe-f61f90343635	Vexillum acuminatum	Catalogue of Life names it
8e65f2f1-67aa-4103-96ce-a3b0dec14951	Turricula peaseii	1509a47c-1da9-4b7e-a068-b4d4e3dc7855	Vexillum lyratum	Catalogue of Life names it
f68a8741-65e6-43df-b3b4-9c741c62f3f5	Turricula propinqua	d885af43-1ee2-468b-96a0-e8bc8b421f80	Vexillum lucidum	Catalogue of Life names it
56f1997a-80e8-44a5-8622-bb016ea3df6f	Turridrupa prestoni	1e995e7e-8d44-4b06-b0f2-5d0927615a50	Turridrupa jubata	Catalogue of Life names it
a2bf5734-7e16-451c-b407-287df5525271	Urosalpinx sclera	58bf0a7a-d22b-4a3d-8196-795e8a07eb65	Paciocinebrina sclera	Catalogue of Life names it
18864750-5e19-49ad-9532-48bba2d9f6fd	Vanikoro cacellata	130f0d38-7c73-4d9d-a2de-b63140b98ff7	Vanikoro cancellata	Catalogue of Life names it
5a1f90e9-9599-4406-9545-485420f91fb2	Vanikoro fenestrata	f6e5dd03-d8a9-4876-b1e5-12fa185d1520	Vanikoro japonica	Catalogue of Life names it
5c12c085-9f7c-479e-a971-a52ae30c83f8	Vasum globulus	9b3ea557-73cd-40b3-a2f4-5c8248056c3f	Globivasum globulus	Catalogue of Life names it
cb03753b-685b-452c-a6f3-8e985e036a94	Vermetus anguliferus	0a3f95e8-115f-45f7-8274-894f7c6f3559	Dendropoma anguliferum	Catalogue of Life names it
4409fd98-623b-448f-afb6-5446d15c7c72	Vermetus horridus	fe2e42cb-0b88-4f8b-88f5-60e67507be3d	Thylacodes arenarius	Catalogue of Life names it
bd77a54b-1100-4799-92eb-5da0fb7b5b09	Vermetus rugulosus	af3410d4-4b33-4d25-b8d6-04fbccdac260	Thylaeodus rugulosus	Catalogue of Life names it
049f6d77-e7b4-4a27-951c-215ae99080b2	Vermetus scopulosus	fe2e42cb-0b88-4f8b-88f5-60e67507be3d	Thylacodes arenarius	Catalogue of Life names it
e8ef2958-bf3b-4603-a611-50e5c3c71f21	Vermetus selectus	fe2e42cb-0b88-4f8b-88f5-60e67507be3d	Thylacodes arenarius	Catalogue of Life names it
5501089f-f7d9-4b79-b7f9-1dbbb6e8b54c	Vermetus spirintortus	055f72ce-1913-47f9-ac3d-2b15fdd57290	Vermetus granulatus	Catalogue of Life names it
a08374fa-6274-4fbf-88c4-2c36be3a15f7	Vermetus verrucosus	fe2e42cb-0b88-4f8b-88f5-60e67507be3d	Thylacodes arenarius	Catalogue of Life names it
9bc75fa2-6f59-401b-8ffe-311e0e86a6b6	Vexillum granosum	2f651116-6888-4eea-88f3-5448bd62cd3f	Vexillum sanguisuga	Catalogue of Life names it; iNaturalist resolves it to the same taxon
246a8df0-77df-46d0-b179-d01eded0874e	Vexillum seroi	8d73f659-97dc-4b49-9206-a45220c04997	Vexillum buriasense	Catalogue of Life names it
a5ab6172-d9ee-4cc2-9289-18544576882d	Vexillum tulearense	90f36dbc-46de-41c9-81ff-cc584451ff49	Vexillum regina	Catalogue of Life names it
b58c4daf-2bf6-4627-ad6f-069427d53b06	Vexillum venustulum	48c660d2-d7f3-405a-a8f8-a7ab0f51b773	Vexillum unifasciale	Catalogue of Life names it
a27766cd-92d0-4c1d-ba61-998f93642310	Vitrella quenstedti	be712707-1d7a-4bab-8312-3f2997a2b580	Bythiospeum quenstedti	Catalogue of Life names it
4309e503-7edc-457e-8084-7d0051941405	Vitreolina parfaiti	7b223287-2157-48a3-94a8-1d0e2181acff	Curveulima devians	Catalogue of Life names it
a911f5bb-2138-4078-becf-88e8b6292df8	Vitrinella diaphana	5052e1a7-d33d-404a-9a16-e4baa1e1df1c	Vitrinella pusilla	Catalogue of Life names it
a24e85a9-0e4c-4137-a2e9-d46db477f289	Vokesimurex bazarutensis	67b079f2-2b4c-4966-a620-0f4ca3064000	Vokesimurex purdyae	Catalogue of Life names it
9d106711-4e7b-4c8e-81a2-da2725cb2b49	Voluta cymbiu	2d800d1c-2303-4f37-934a-e1fe4cb79bea	Cymbium cymbium	Catalogue of Life names it
c71830a5-067d-48f3-b89b-7d7ad81c4281	Voluta magellanica	40abace5-8926-4f8b-b12f-89d2c50d6b7a	Odontocymbiola magellanica	Catalogue of Life names it
c745bda9-1f31-4a5e-be4b-4ac9956000e7	Voluta pacifica	3fa0d290-1f6f-45cd-b7ba-f1b0fee0401c	Alcithoe arabica	Catalogue of Life names it
8ddf347c-f94e-4e96-bbd5-176b955aa4c5	Volutopsius behringi	3ecf121e-1410-4806-aeeb-8c1d128fb1ed	Beringius behringii	Catalogue of Life names it
603615a8-c08a-446f-b068-27cd71b5ef3c	Volvarina perrieri	1fa4a8ad-6acc-44ff-a383-8dd0629e41f7	Volvarina avena	Catalogue of Life names it
05fd1778-755c-4786-a631-0adb04969b61	Xenophora minuta	421ad611-1fbb-4cdf-b38b-1fe6022a9554	Xenophora japonica	Catalogue of Life names it
b1e88ca0-2b61-46df-825a-abcba8ea04bc	Zebina rustica	78ae82c9-cb6a-4cd4-83f1-87cd94b0a6aa	Caelatura rustica	Catalogue of Life names it
d79aa2b6-c846-460f-aced-18e15ba6e8a5	Zebinella trigonostoma	55ed8aca-b7e2-4b8f-ad7a-ccb511c41979	Rissoina evanida	Catalogue of Life names it
28f445a5-23e9-41e9-9166-42a9857d33d3	Zemiropsis demertziae	a1632b70-19db-45bf-befc-545b388153c7	Zemiropsis pulchrelineata	Catalogue of Life names it
1aaa38d4-6307-4c24-bc2f-32d3123c27fd	Zippora paradoxa	0e76adf3-c1cb-442e-9e1b-29990abb8aed	Rissoa paradoxa	Catalogue of Life names it
3eb14329-3959-49f1-8303-5b99327865ee	Zonulispira reigeni	357c9b60-0b9a-4faf-97e6-cb829f6bc20c	Zonulispira grandimaculata	Catalogue of Life names it
cbf0f26c-4693-48d8-8ccf-0389a40fa79e	Aeolidiella albopunctata	3909efcb-f406-42a9-af4a-233991ef8db1	Spurilla braziliana	Catalogue of Life names it
33730c9e-4f1d-4d00-b926-e298515ac43b	Aeolidiella olivae	928b91dd-f070-4772-bd50-a3195358f409	Anteaeolidiella oliviae	Catalogue of Life names it
c32f8dbd-7895-442e-9a46-46b640325709	Doto dunnei	2948d111-fd14-4e15-8cad-2b05a37d35ce	Doto millbayana	Catalogue of Life names it; iNaturalist resolves it to the same taxon
259153b6-42d4-4d87-a0f1-5a7ae87a3042	Nembrotha yonowae	7b24695b-7f0a-4954-8ced-f65211b75321	Nembrotha cristata	Catalogue of Life names it
fe383d93-7919-4c0b-9297-759c54e08863	Spurilla croisicensis	867003c0-fa4c-4772-b421-9d81c997f626	Aeolidiella sanguinea	Catalogue of Life names it
2e3bd35c-fb07-4ea0-84da-3f87ec9c4014	Trinchesia sibogae	19f064b6-de6e-4ffe-9f99-c6bcf4f9a735	Phestilla sibogae	Catalogue of Life names it
90779726-20fc-4b90-bff9-69948fe5d91c	Acanthodactylus mechriguensis	bb594a82-ea01-44ac-a3dd-a7aab9c7c6d4	Acanthodactylus maculatus	Catalogue of Life names it
0eb31125-40a5-4164-a45e-4ead0f7809a9	Acanthodactylus senegalensis	7b625636-f294-44bc-8491-4934e7f47d6e	Acanthodactylus dumerilii	Catalogue of Life names it; iNaturalist resolves it to the same taxon
f6e5d76a-fc58-4049-a449-bf5e5111efb9	Acontias grayi	9d87f70b-2889-4364-a3e9-f94d931ae82a	Acontias lineatus	Catalogue of Life names it
5eb32972-89e8-4292-ab08-7079b8a54804	Agama bocourti	3f72c5f7-8264-4a8c-a4f1-982636272680	Agama agama	Catalogue of Life names it
bca0bb57-b5c2-4b28-83b0-69d294a30d42	Alsophis sajdaki	ef8550e7-28e3-4cfc-b224-52b9f73feec4	Alsophis antiguae	Catalogue of Life names it
cdc99e58-b981-411a-b571-69ee103d1ba0	Amphisbaena flavescens	ca248bf3-6173-45f9-902e-ed2c6e972444	Amphisbaena alba	Catalogue of Life names it
22b8ad13-6999-4d8a-b2d3-a21af3bbde64	Amphisbaena ibijara	a371de57-1d0c-46c0-aed3-e64785be9ee5	Amphisbaena frontalis	Catalogue of Life names it
453c0f62-9544-431e-b98d-d6cc80300ca2	Amphisbaena lumbricalis	53a40575-62ca-4a08-a474-106ef7b9e359	Amphisbaena carvalhoi	Catalogue of Life names it
7444b7c9-1ff8-4ae6-b4cf-c1cfe22585ad	Anolis adleri	15ca7d9c-b46a-47b8-b5b9-b294d91d92c8	Anolis liogaster	Catalogue of Life names it
28161a26-d322-4fff-9700-40d099d562a1	Anolis bitectus	0b104fca-f68c-4e59-bfe0-4a3a521a0506	Anolis binotatus	Catalogue of Life names it
c726de51-5b5a-42ef-9c98-c01a35a4c407	Anolis dominicensis	79876263-02f9-4627-8332-6774e3fe94a0	Anolis distichus	Catalogue of Life names it
c02ea6f6-0e77-4af6-bd07-356cd6564332	Anolis guentherii	40694568-ff33-4f69-9686-bd276209a73f	Anolis grahami	Catalogue of Life names it
44cfa032-a865-4195-baf5-965925298bba	Anolis paravertebralis	8c285b73-d7d2-4d7b-bf9d-be1a5636ecf9	Anolis solitarius	Catalogue of Life names it
a7333bb9-fefa-40a8-bed9-e39012658652	Anolis radulinus	f3b81653-a232-4620-a65b-4e27335e05ca	Anolis tropidogaster	Catalogue of Life names it
49ed0fcc-7f1d-46b3-83ed-4da0a50b9821	Anolis umbrivagus	8c285b73-d7d2-4d7b-bf9d-be1a5636ecf9	Anolis solitarius	Catalogue of Life names it
78e201bc-5fff-48de-83c2-479e32c74462	Apostolepis cerradoensis	dd418d17-3138-43cb-b85c-67bb8dfdc653	Apostolepis albicollaris	Catalogue of Life names it
e5dadc89-34c7-4199-aba6-68316712dd73	Aprasia fusca	e6e29717-179b-400c-b74a-0fc5283fbec0	Aprasia rostrata	Catalogue of Life names it
193a1474-39dc-49c0-bc46-15950ac9ed74	Archaeolacerta mosorensis	8c9b1248-33ab-4972-a4f8-40e255427e6a	Dinarolacerta mosorensis	Catalogue of Life names it
a61d8eaa-7dfd-4c43-bfcd-23afce34b4e8	Asaccus nasrullahi	f2a1fead-adff-4087-9372-6e8e09df60c1	Asaccus griseonotus	Catalogue of Life names it
a15b7148-91f2-48d9-9a3b-85e999fd3c32	Aspidoscelis canus	ea9c391f-7749-4c6d-9f57-938b2259a235	Aspidoscelis tigris	Catalogue of Life names it
46c633e4-b18d-4c6a-b2f9-777929920f46	Aspidoscelis septemvittata	2fced36d-b360-4bfa-ba1c-080ad8940308	Aspidoscelis scalaris	Catalogue of Life names it; iNaturalist resolves it to the same taxon
ce72a23e-b346-4903-93ee-198fb94ba952	Asymblepharus ladacensis	1d8ab7e6-3343-4ddd-ad1a-4dabdf4497b8	Ablepharus ladacensis	Catalogue of Life names it
bf1b7396-7488-4a85-aac5-c9b18054c85d	Atractus eriki	20834cfb-5e9d-4c1c-a8f0-9d05491953ff	Atractus indistinctus	Catalogue of Life names it
68ca33af-182d-44dd-ad83-8e9f659eb8a4	Atractus mijaresi	43faa86b-679a-4ed3-af58-625ebf93bf03	Atractus pamplonensis	Catalogue of Life names it
f5493a06-4e60-4e01-820f-d3842490cca9	Atractus ochrosetrus	4dd82fac-a5ec-464d-b15c-e30f062bad98	Atractus ventrimaculatus	Catalogue of Life names it
c1bc032e-da48-4c7a-aac4-c40177832849	Atractus pyroni	1261c618-2f47-40a9-b2d5-c735e8ebd759	Atractus roulei	Catalogue of Life names it
66f43d8d-8700-4a76-bdf8-fc6937fa29f7	Atractus tamaensis	43faa86b-679a-4ed3-af58-625ebf93bf03	Atractus pamplonensis	Catalogue of Life names it
5f670c3d-461c-446b-b40e-03ea8a08fb71	Atractus vertebrolineatus	20834cfb-5e9d-4c1c-a8f0-9d05491953ff	Atractus indistinctus	Catalogue of Life names it
a82af4cf-1e6c-4dfa-8c24-26fef94bd76b	Atretium yunnanensis	993114aa-1154-47d6-a6ca-42bd6c580cb0	Fowlea yunnanensis	Catalogue of Life names it
95f75937-07d2-4de2-aec1-f3d6958da37c	Azemiops kharini	1e112933-fd6c-4944-b561-47bfd562f06d	Azemiops feae	Catalogue of Life names it
7a20c843-175a-4e2f-b401-3a5ecc9aa698	Bipes anguineus	429becec-48e6-4cf9-b7a3-b57f5d604ae4	Scelotes bipes	Catalogue of Life names it
9a5cea50-92da-4024-b477-55b60c4d0dcd	Bipes lepidopus	114a3593-8d31-4665-a73b-f47fd619dbfc	Pygopus lepidopodus	Catalogue of Life names it
30dc6c2f-cbe3-4588-bfbb-48acee487e9e	Boa fasciata	2ad567c5-b456-43cd-9c68-6bae54935f1b	Bungarus fasciatus	Catalogue of Life names it
0fb6823f-3c71-40c7-91b2-10afa776f3a0	Boiga walli	dbaa0e1e-8718-4fdf-b89e-804cfcdea346	Boiga multomaculata	Catalogue of Life names it
eeeb35a8-ff97-4b88-8928-a15a6cb2459c	Boiga whitakeri	2d58debf-3314-46c8-98d1-5fde2b721017	Boiga dightoni	Catalogue of Life names it
acfb2171-7132-4243-88dd-ff79628cc86f	Bungarus romulusi	b9474cc0-beb6-4ea2-bf4d-26b50202c20b	Bungarus caeruleus	Catalogue of Life names it
e0882f8f-454b-44dd-ae91-acc14e24baf3	Calamaria palawanensis	19d75dd8-4b9d-4026-bd84-f3ca680b8922	Calamaria palavanensis	Catalogue of Life names it
8b483dcd-1dc8-47c3-a565-456b7abb5a61	Candoia malcolmmclurei	2e4031a0-8650-4440-b095-4a05bc3ebe16	Candoia bibroni	Catalogue of Life names it
e9d22b15-7d37-4e41-8869-5fa9f8c77d1c	Candoia niraikanukiwai	2e4031a0-8650-4440-b095-4a05bc3ebe16	Candoia bibroni	Catalogue of Life names it
0ec4bb85-6633-48fd-9bd7-9c6f69719d43	Cerastes boehmei	f870fb33-f262-4360-9a6e-356087eb6b43	Cerastes vipera	Catalogue of Life names it
d945f097-c575-41e4-8919-e7153caee234	Chionactis annulata	1091cfcd-de6e-4299-8467-5e49e792ef95	Sonora annulata	iNaturalist resolves it to the same taxon
cc441ed3-b2ea-402d-88b7-ec64db7f7066	Chlamydosaurus mickpughi	84522576-267d-4bed-acf2-de521e9ed97d	Chlamydosaurus kingii	Catalogue of Life names it
38720479-7caf-425f-bf78-e191cf6dbf95	Chlamydosaurus pughae	84522576-267d-4bed-acf2-de521e9ed97d	Chlamydosaurus kingii	Catalogue of Life names it
967f19da-20ee-4301-bf50-9c45d42b5118	Coluber atratus	3aaed392-d8f4-4d66-b345-1f385c2f3f83	Ninia atrata	Catalogue of Life names it
322dfcac-345f-4354-84c9-f0fff6e45b68	Coluber caeruleus	905a92db-bcee-4e3c-b11b-bf0898f01ff2	Philothamnus irregularis	Catalogue of Life names it
2ee9ceaf-cd41-48fa-8028-e6042c64d4e5	Coluber chiametla	ed2dae0b-ebe4-4928-bc1e-843f6becc740	Drymobius margaritiferus	Catalogue of Life names it
278408e1-8a77-4b00-b9a2-ac3a31718ad1	Coluber cupreus	a3d08ae3-3f20-4e95-b586-df31ad5a14ea	Coronella austriaca	Catalogue of Life names it
0e3e2728-44db-4456-a0f0-94f943ce4f94	Coluber cyaneus	dce802b3-71f8-4d52-8115-bf3fc5386c34	Opheodrys vernalis	Catalogue of Life names it
e331cee5-666e-4267-a4d7-01bc6a10bcf8	Coluber doliatus	a225fd11-672f-43f8-93c7-b02d8e2a57e7	Lampropeltis elapsoides	Catalogue of Life names it
1d0c7a40-5e1a-408b-a7d7-d7a926383709	Coluber gyarosensis	b0b8cef7-939c-4c95-86ff-10470d7403c7	Hierophis viridiflavus	Catalogue of Life names it
f2d55b9c-bf94-4e6f-8322-13236566dc3b	Coluber hygeiae	83d3b335-6df3-48d1-b3f8-3fb1870d53cf	Homoroselaps lacteus	Catalogue of Life names it
55c4dc39-a240-4086-864d-7fa1d83cca30	Coluber rubriceps	5b265c14-3f7c-4286-8733-5f810c26262d	Platyceps collaris	Catalogue of Life names it; iNaturalist resolves it to the same taxon
20d60de4-c405-4dfb-b9d5-905dac3b8d83	Coluber viridiflavus	b0b8cef7-939c-4c95-86ff-10470d7403c7	Hierophis viridiflavus	Catalogue of Life names it; iNaturalist resolves it to the same taxon
cba58a21-a179-4c3c-9761-683bee5a7eed	Contomastix charrua	db3fe2d9-fdbe-4881-a16f-a088ae52260d	Contomastix lacertoides	Catalogue of Life names it
8ac0cf62-ad2b-42d8-aba1-a9c2bb2b20a7	Cordylus aridus	da4fc905-f0d1-48d4-aa10-283ab04ba2e0	Cordylus minor	Catalogue of Life names it
4d6a933d-a630-4063-9d4c-d5f258cc5cc2	Cordylus cloetei	da4fc905-f0d1-48d4-aa10-283ab04ba2e0	Cordylus minor	Catalogue of Life names it
8e80093d-34d8-482d-899f-7f6d1015d875	Crotalus tortugensis	b094fd96-e26d-450b-9e52-16c1f62a590e	Crotalus atrox	Catalogue of Life names it; iNaturalist resolves it to the same taxon
33a05d42-612f-4394-ba76-972c604f2de6	Cryptelytrops honsonensis	d2b9e9b1-f7a8-4559-a4ca-f9b58e44ad60	Trimeresurus honsonensis	Catalogue of Life names it
39f5f244-6670-424e-bc67-cb5680f7af51	Ctenotus saxatilis	8835b3a2-4f49-4cad-8aa5-4db26a9d230f	Ctenotus inornatus	Catalogue of Life names it; iNaturalist resolves it to the same taxon
ca6bce2d-c5e5-46f7-a7eb-87cc684e1e7a	Cylindrophis resplendens	d4733472-3e56-4b4e-ab49-4347b2e41313	Cylindrophis ruffus	Catalogue of Life names it
fbbf4ed9-b38d-47d2-8269-c92b7e99b252	Cyrtodactylus arunachalensis	66ab1757-6fa1-401a-b199-2be88f7d310a	Cyrtodactylus cayuensis	Catalogue of Life names it
209af7d2-b7c9-41b0-ab5a-34775ff7aafe	Cyrtodactylus phuketensis	622b7c8f-c477-4fcb-a3a9-c7fe48825643	Cyrtodactylus macrotuberculatus	Catalogue of Life names it
eaf5acbb-d8c8-4915-ad1b-eec1327fbec4	Cyrtodactylus ramboda	b994f804-d57c-48ed-8f93-2c766f21c9c8	Cyrtodactylus fraenatus	Catalogue of Life names it
8fa9d514-74e9-4403-b887-5aaa139f95ef	Cyrtodactylus rufford	87452d17-ff8e-4bc5-831d-3fa32541cb34	Cyrtodactylus lomyenensis	Catalogue of Life names it
1906cbfe-ff41-4bfd-9a81-dccbe880a2db	Cyrtodactylus thochuensis	c50e3697-66ed-49d2-a06c-b7f06dd981c5	Cyrtodactylus leegrismeri	Catalogue of Life names it
ef0a8831-02eb-4545-ba74-ffca6cee8d38	Daboia deserti	dca942a2-b439-43f0-b94b-bc81f77a8ec9	Daboia mauritanica	Catalogue of Life names it
1bf285dd-e538-4d29-945d-28773e3fbd99	Dipsas carinata	366fb069-50db-4028-a3e4-28201e95c3e4	Dasypeltis fasciata	Catalogue of Life names it
77d24a44-6a71-4428-80c0-14536c73d04a	Echiopsis martinekae	0e8b175d-978d-4e55-83db-bab1fdb9705a	Echiopsis curta	Catalogue of Life names it
891b2c55-3642-4683-9e85-68254d40e3b4	Elaphe lineata	eb729016-dcfc-43f2-8001-82b1168802be	Zamenis lineatus	Catalogue of Life names it
e75e2c1c-a3af-4e5c-88e4-05c68b493956	Elgaria nana	8dcb219a-aad6-459c-928f-abc070d3d7af	Elgaria multicarinata	Catalogue of Life names it
05c9ac7b-4ff4-4eb0-be29-391d18334966	Emydocephalus szczerbaki	42c468f0-40ef-489c-8244-ddf3e5d649ea	Emydocephalus annulatus	Catalogue of Life names it
44ccabc7-4067-4f11-944b-54a28eeefb01	Epicrates cenchris	c8dea94d-0eec-4f90-99c8-7ef6a8fdc575	Epicrates cenchria	Catalogue of Life names it
338161f5-ba02-4036-a52d-98a10d3e0b43	Eremias nova	de3ce363-2fee-42c1-91a1-faf320e84338	Eremias montana	Catalogue of Life names it
35af5e2d-138d-45f5-8c77-eaf0540d8c02	Eumeces leucostictus	23ccbe3b-a8f9-4a0d-9af8-2e1022ac39fb	Plestiodon leucostictus	Catalogue of Life names it
36260080-cce6-4538-bef6-3bfdc6d3797b	Euprepes acutilabris	1c526904-8a15-4f02-8159-c9e8c5f8b13e	Trachylepis acutilabris	Catalogue of Life names it
af74f890-7dd7-4539-b8d5-773743b3c469	Eutropis gansi	0ae1b1e6-1005-4463-aefa-1576a4961f46	Eutropis dawsoni	Catalogue of Life names it
828ff6f3-2b9c-47a0-a633-f889d2f59259	Fojia bumi	b965831c-95c6-4599-a1d0-e055dbf9df7a	Fojia bumui	Catalogue of Life names it
6fcaae5f-c62a-4e17-af82-64bd4d3944e7	Gallotia gomerana	645ecb7a-64bf-480f-a036-a6ec3650743d	Gallotia bravoana	Catalogue of Life names it
2e599ace-5abd-4a25-9d44-bab6c2a6538a	Gecko guttatus	0c84887a-c30d-4653-93f9-25d5dce5e25a	Gekko gecko	Catalogue of Life names it
70532c6f-20f6-45b9-acad-3ece0d9873b8	Gecko stenodactylus	89f5919c-6a95-49ee-946e-d18ba7a9abaa	Stenodactylus sthenodactylus	Catalogue of Life names it
cfc2f7f4-a42a-4892-b1aa-18e17500d8ef	Gecko tuberculosus	edcbf9a4-9d74-4ae9-b8ae-d654033cf5be	Hemidactylus mabouia	Catalogue of Life names it
ec14d623-2f44-46d7-866e-e2339f4ad4cb	Gekko verticellatus	0c84887a-c30d-4653-93f9-25d5dce5e25a	Gekko gecko	Catalogue of Life names it
aa1dc42d-e090-4a7f-90ef-4f4d53ec4013	Goniurosaurus kadoorieorum	f6c4d184-7e6b-4386-a5e5-4f63ab11fecf	Goniurosaurus luii	Catalogue of Life names it
3926d343-bf17-4854-b959-02ac3879399d	Goniurosaurus kwanghua	19a2b74c-f417-4194-b95e-2e56e9da0873	Goniurosaurus hainanensis	Catalogue of Life names it
f2d099a0-0af2-44f1-8e0d-56cffa0b5361	Goniurosaurus sinensis	19a2b74c-f417-4194-b95e-2e56e9da0873	Goniurosaurus hainanensis	Catalogue of Life names it
93211068-30eb-4cc3-8c9a-ea020b518dcc	Gonocephalus abbotti	20304d2d-7586-4969-bfdf-c4d64b79249e	Gonocephalus doriae	Catalogue of Life names it
e87b6381-c5af-4b54-943f-eecc4b4d71e3	Gowidon temporalis	493ad3ff-7148-4da3-89e7-ba633add8a24	Tropicagama temporalis	Catalogue of Life names it
296ce708-2472-4a4c-80bd-f93ebfac8091	Hebius nicobariensis	a01aaa35-f3f7-436e-bd26-0a31b2ff026b	Thamnophis saurita	Catalogue of Life names it
3373430e-4c17-4da6-b2d3-9d8d8020912a	Holarchus konishii	4552f98f-8b57-4b20-b2bc-6137c6b1030b	Oligodon ornatus	Catalogue of Life names it
d54a79d7-50aa-4797-b6cd-c25eccbcd0b2	Homopholis walbergii	45aca542-9b45-4464-bc33-1e1de0d7ef2e	Homopholis wahlbergii	Catalogue of Life names it
e52fc90f-5304-4bfa-8dd5-70e2da570a74	Hydrophis cantoris	8e1e5361-fc27-40bc-9f96-4d9ae378f988	Microcephalophis cantoris	Catalogue of Life names it
9f967322-df5a-4b50-bcf2-c2a28b89d71d	Hypsiglena ochorhyncha	633cffa0-d62b-43f8-959d-b834d28586f1	Hypsiglena ochrorhynchus	Catalogue of Life names it; iNaturalist resolves it to the same taxon
d6227a86-0dd3-4474-aec9-0442cfef5068	Iguana rhinolopha	c222ef27-7ac3-473a-ae33-36f716382b9e	Iguana iguana	Catalogue of Life names it; iNaturalist resolves it to the same taxon
1c8c833e-579a-40af-ad71-be6ac9b71327	Katrinus jackyae	0a430348-dfbd-4f03-bd95-ad395ad0fa99	Liasis fuscus	Catalogue of Life names it
5aff08cf-7b3e-43c2-b6fd-82d643862cd9	Lacerta dracaena	a14bdc7b-f56f-45bb-b226-1f26ebd9f301	Varanus bengalensis	Catalogue of Life names it
ac6152c2-c430-404e-9b43-3f72b238e0be	Lacerta fasciata	41e315aa-131a-4e43-93df-ea4780147720	Plestiodon fasciatus	Catalogue of Life names it
3e37d3b4-2042-42e2-9905-0ebdad2cb70c	Lacerta muricata	464ff8a1-b886-45bd-aa3f-c6005a7f340f	Paralaudakia caucasia	Catalogue of Life names it
90f41c63-837c-42c8-b257-a656dddeb73e	Lacerta ocellata	e0733636-7304-4ff0-b52d-e561e8499769	Timon lepidus	Catalogue of Life names it
b78f1cc6-6847-4cda-86c3-c9afa4ed83e7	Lacerta principalis	8401d595-6680-40f0-8a48-2af6d93e3703	Anolis carolinensis	Catalogue of Life names it
98d21067-d9fe-41f6-9ec7-c53bd6a465de	Lacerta roquet	5ef15f29-37df-40e8-ba78-537f022dc2b5	Anolis roquet	Catalogue of Life names it
cd9898b2-e7d0-4a38-8dc2-89d868a019d2	Lacerta scincoides	49b2faf6-9b7f-440f-9ffe-d94ab1ec39c8	Tiliqua scincoides	Catalogue of Life names it
8a879868-5e11-46e5-8125-a3369c9eef20	Lankascincus megalops	e600de61-700b-4de7-8ccf-25881c93cf0e	Lankascincus fallax	Catalogue of Life names it
b6d368b5-91dc-47fb-a577-7c5c24a066a9	Leiolopisma fasciolare	e3f50d46-76a1-4380-88a6-03277022e423	Scincella lateralis	Catalogue of Life names it
d3670140-c86b-4ce1-8b4a-9e8c56e82168	Leiopython bennetti	dec0f63e-7df2-4a81-b232-1c22662e03b1	Leiopython fredparkeri	Catalogue of Life names it
142b76e6-b4bb-4267-a7f9-b7c1632b7440	Lepidodactylus browni	4a302e7f-d854-4a11-83e3-bd7d48945204	Lepidodactylus orientalis	Catalogue of Life names it
45aa6391-d9f8-469d-9530-45e95b58a859	Leptodeira polysticta	1fd5bf4d-c450-4dd8-adb5-81d8c29c9b5a	Leptodeira annulata	Catalogue of Life names it
3c4d4e24-538b-4d9d-80aa-dc55fbab6dd0	Leptophis haileyi	64b7aae7-1377-440e-97a9-2306b5236b06	Leptophis coeruleodorsus	Catalogue of Life names it
bfbf2df9-9720-4755-859b-5141d1b1500d	Leptophis vertebralis	f35eaab6-f7a0-46f5-9a2d-03de34f200de	Cercophis auratus	Catalogue of Life names it
2c2e28bf-0740-494b-9265-2b5a1035a465	Leptotyphlops ionidesi	107a1a5b-9593-4f8a-a703-5ff43bc07612	Myriopholis ionidesi	Catalogue of Life names it
addb5fcc-d067-4401-ada1-5e345c504bf7	Leptotyphlops tanae	58180ebd-47b3-4356-a833-a6fa36e5691d	Myriopholis tanae	Catalogue of Life names it
bcb4fbac-4086-4953-94b2-d6d4d14bec09	Lerista maculosa	a1ab8adf-d93f-4181-86df-e6257a2f38d8	Lerista uniduo	Catalogue of Life names it
67104630-73ae-41af-b413-38dbab484928	Lerista talpina	587f512d-d091-4e81-a73f-9bb20e149565	Lerista petersoni	Catalogue of Life names it
68b53c8b-7f2e-4ba1-8ada-3e800bde6a0f	Liasis dunni	9fd80d7f-e2ab-49c3-a1c8-08a061349643	Liasis mackloti	Catalogue of Life names it
1ba72657-af56-4992-9349-ca195577bf80	Liasis savuensis	9fd80d7f-e2ab-49c3-a1c8-08a061349643	Liasis mackloti	Catalogue of Life names it
da846954-e156-4a1c-a6da-e2272aac7d2c	Liolaemus brattstroemi	9f78eb46-c74e-41d1-af06-15babe6881fb	Liolaemus pictus	Catalogue of Life names it
37dbdc6c-ec36-46e7-a7c5-866fb6f423e7	Liolaemus cinereus	8bb2b483-c3b3-44f3-86ec-9de3e2c0328f	Liolaemus montanezi	Catalogue of Life names it
4e2c7acf-cb21-4874-a23c-4e67db1b347d	Liolaemus erguetae	5bdd22f2-167f-43b2-93d4-6b2afa08ccf2	Liolaemus erroneus	Catalogue of Life names it
2f661a97-6c72-4077-b28c-cd98d3305245	Liolaemus escarchadosi	0175ab1a-e8f7-4d26-8dbe-a6630f0d93ab	Liolaemus sarmientoi	Catalogue of Life names it
8b96f0cb-cf87-48bf-b5e8-59218df0435b	Liolaemus filiorum	a99ce12c-ae05-4f43-8084-80e0a0cbde91	Liolaemus puritamensis	Catalogue of Life names it
8d6128cf-8050-4932-9818-e851bac89c28	Liolaemus islugensis	6b380b44-a694-4e6d-99ba-df29c941d89f	Liolaemus schmidti	Catalogue of Life names it
cdbf56e3-7f67-46df-b6fd-a848c092375f	Liolaemus lopezi	f6e3dd1b-4b32-4f1f-b990-5c49f21089c0	Liolaemus ornatus	Catalogue of Life names it
d01676b5-a1fa-42d2-94b1-0ec13c5043a0	Liolaemus major	9f78eb46-c74e-41d1-af06-15babe6881fb	Liolaemus pictus	Catalogue of Life names it
48090e06-ab1f-4c52-998d-e59003c25012	Liolaemus molinai	5bdd22f2-167f-43b2-93d4-6b2afa08ccf2	Liolaemus erroneus	Catalogue of Life names it
f024d095-a5bd-4f25-be65-bd0a0416ed12	Liolaemus nigrocoeruleus	5d694c8b-1ee5-422f-a67f-09f8d138df02	Liolaemus velosoi	Catalogue of Life names it
f5b9277a-774d-46e8-9c5d-f4cfda5fd020	Liolaemus orientalis	35851afa-4d5e-479f-95ff-6bb2a1abe4f1	Liolaemus pantherinus	Catalogue of Life names it
ca4e35f0-a7ad-452e-9298-f90441e349a7	Liolaemus riodamas	eae5abad-ad43-4ccf-816a-ee15ad2e184a	Liolaemus thermarum	Catalogue of Life names it
20e0b159-3b40-44cd-b21b-d266682ccb3a	Liolaemus scolaroi	a951bfda-18af-463d-8a55-26f37e0d636e	Liolaemus zullyae	Catalogue of Life names it
387a1e82-a83d-47a6-aa48-670b865e6f5e	Liolaemus uptoni	aeeefd0a-ea40-48f2-88b4-6abe644bc0f2	Liolaemus somuncurae	Catalogue of Life names it
843da81d-a3b4-4c8c-aeb3-9112211d3212	Liotyphlops beui	8ee93f6d-bcc0-495d-adbe-2ff745098377	Liotyphlops ternetzii	Catalogue of Life names it; iNaturalist resolves it to the same taxon
02818490-383a-4c3f-9f7f-ac767170cac1	Liotyphlops sousai	8ee93f6d-bcc0-495d-adbe-2ff745098377	Liotyphlops ternetzii	Catalogue of Life names it
844b8a94-d59e-414a-a86b-290e9070865b	Lophognathus maculilabris	493ad3ff-7148-4da3-89e7-ba633add8a24	Tropicagama temporalis	Catalogue of Life names it
7f3513d5-8f7c-4d0e-97cf-7de5761dd153	Lophognathus temporalis	493ad3ff-7148-4da3-89e7-ba633add8a24	Tropicagama temporalis	Catalogue of Life names it; iNaturalist resolves it to the same taxon
cbb74c2a-704b-4899-b3d4-7589f5918218	Lophyrus agamoides	f1301b0a-ea82-4a20-97a2-2053ed4d2db8	Plica plica	Catalogue of Life names it
e7ebc104-086a-4378-ade3-2ce4bdebd91e	Lycodon anamallensis	53466ba4-dca9-4730-bd9e-d0bfcb58f948	Lycodon fasciolatus	Catalogue of Life names it
0bb925f6-f1ed-42b3-a6ce-0a0f840a2630	Lycodon meridionale	2a1ea229-8f4d-4bc3-b15d-1fb5496e4dd1	Lycodon flavozonatus	Catalogue of Life names it
d8ecff7e-92c6-413b-a01d-75ccbf62d0d1	Lycodon unicolor	fae3d6e1-ddda-4de1-815b-53f62600a53b	Lycodon aulicus	Catalogue of Life names it
dcfeb489-bf66-4047-8a8c-74a63f2cdd4f	Lygosoma punctata	c873985b-80ad-4da6-9d26-bbd2fa61419a	Riopa punctata	Catalogue of Life names it; iNaturalist resolves it to the same taxon
7000400f-05d7-40f3-a00e-400fc58edad6	Macrovipera schweizeri	0611f2e5-a62a-4c40-afae-30ae4481e444	Macrovipera lebetinus	Catalogue of Life names it
977cbd2d-60a1-41bc-9ca3-4fbf2eae3b12	Mesaspis moreletii	efe3fca2-d19d-4b83-9516-a34e977c580a	Abronia moreletii	Catalogue of Life names it; iNaturalist resolves it to the same taxon
6c27be6a-fe7b-43e6-aea5-b18c081a8ccf	Micropechis ikaheka	3ff5e024-6c6c-4415-b8f0-416edb81ec7f	Toxicocalamus ernstmayri	Catalogue of Life names it
6cc35b73-12e4-4fe8-8df7-a78dacc2fe2d	Micrurus catamayensis	f38a2547-568b-4538-bd36-39b878919a62	Micrurus bocourti	Catalogue of Life names it
ccc09922-1065-46f5-bc89-d762c51ea231	Micrurus nebularis	d73dc1bb-590b-46a1-b303-7cba0aad2cec	Micrurus ephippifer	Catalogue of Life names it
acdd741e-46e7-43b8-bdb7-fd4f05f464fa	Morelia kinghorni	4319fa2e-bc84-449a-90ac-ca01c5b32f63	Simalia kinghorni	Catalogue of Life names it
553ed610-d565-4e09-9059-cf643ca9e681	Morelia riversleighensis	48e1d1c4-6818-4f8e-8459-7c41bb072d1c	Morelia spilota	Catalogue of Life names it
53447898-a4eb-47b5-9fa5-f6f06a56a259	Nactus allenallisoni	050733de-8a13-4345-b9e4-66562dff4188	Nactus multicarinatus	Catalogue of Life names it
76481f2c-43e1-4acb-9cab-401224746d57	Nactus alotau	050733de-8a13-4345-b9e4-66562dff4188	Nactus multicarinatus	Catalogue of Life names it
81e545e1-62dc-47e0-b30f-8ca50196aa51	Nactus durrellorum	0947c288-e8b6-4714-8146-b7f73d3efd55	Nactus serpensinsula	Catalogue of Life names it
967f2893-9217-41a0-9738-16da6c13fe22	Nactus papua	922d0088-e8c5-4c2c-a7fd-792d1336add3	Nactus heteronotus	Catalogue of Life names it
1e0b5efd-b398-41e0-9963-9f91bdccd054	Ninia francisco	1c4ccc86-1952-401c-b8e0-a6411ffe514c	Ninia franciscoi	Catalogue of Life names it
7bd55c76-4fe8-409c-a496-2f1f11a4a304	Odatria keithhornei	55fa68dd-02fb-431a-b89c-db28d3137674	Varanus keithhornei	Catalogue of Life names it
a31c42ac-d3fe-41a7-99be-3663e35db116	Oligodon arenarius	eb26dc71-e834-4638-a610-fbf67b2dc999	Oligodon macrurus	Catalogue of Life names it
7ae4e80b-714a-41ce-b19b-89ba158094aa	Oligodon cattienensis	701ca97d-1f71-4793-87c5-29d5cf94b2f9	Oligodon cinereus	Catalogue of Life names it
2e960683-57de-459d-b7d8-cdc7bf16ba14	Oxyuranus adelynhoserae	6ef1917a-f919-41af-9c49-dd726c9e6a2d	Oxyuranus scutellatus	Catalogue of Life names it
bf98a635-f6c1-40a8-b22b-70ea5422510f	Oxyuranus andrewwilsoni	6ef1917a-f919-41af-9c49-dd726c9e6a2d	Oxyuranus scutellatus	Catalogue of Life names it
32bf0cfc-eb6b-4b21-aa8e-9cc59d121568	Oxyuranus barringeri	6ef1917a-f919-41af-9c49-dd726c9e6a2d	Oxyuranus scutellatus	Catalogue of Life names it
c21a9ad3-aa95-4acf-8166-1d74fea6c4ba	Phisalixella iarakaensis	a0da5540-9840-4337-bfb7-a4aad2274c87	Phisalixella arctifasciata	Catalogue of Life names it
e850f66e-3eec-4f6d-b16c-07f4fc87d07c	Phrynocephalus ahvazicus	ff0d733b-a1a7-481e-a192-158475719086	Phrynocephalus arabicus	Catalogue of Life names it
7174e78e-81bc-4cd1-882a-8fc49d394884	Phrynocephalus incertus	b9549fd2-2ec6-4f9d-ab29-9cd59dcd4ede	Phrynocephalus guttatus	Catalogue of Life names it
7a1d8b0f-d500-478c-9849-63ae5ea52c54	Phrynocephalus sogdianus	001a950e-1ce9-44e2-94a8-47ab3bde5225	Phrynocephalus interscapularis	Catalogue of Life names it
4696ad51-d518-4b65-8a56-27b07bb2710c	Phrynosoma bauri	ebbcabac-63aa-4371-bce6-f6ecdeee2b7c	Phrynosoma hernandesi	Catalogue of Life names it
91a7f981-217e-449f-b438-e6af54fb00d4	Phrynosoma diminutum	ebbcabac-63aa-4371-bce6-f6ecdeee2b7c	Phrynosoma hernandesi	Catalogue of Life names it
e660ac72-1ea6-4f9b-9e32-59433098442c	Phyllodactylus pumilius	213c42a3-b61d-46f0-b9cf-05c531c3286a	Phyllodactylus pumilus	Catalogue of Life names it
5921bd25-f6fd-41ef-a1c3-d88a4bbed74d	Platyceps insulanus	f3792679-6d16-461a-b1ee-fd6c05b5d36f	Platyceps rhodorachis	Catalogue of Life names it
3199f25b-2aef-489b-b82d-cc9611e1e11f	Polyodontognathus caerulescens	dc7d3d09-9bda-42c9-88ea-52f3e891252c	Hydrophis caerulescens	Catalogue of Life names it
d38cd3b1-4405-4a28-8e64-1ff0c4ff87b1	Popeia buniana	75d06968-38e9-4c48-8a6e-419007ddd6db	Trimeresurus sabahi	Catalogue of Life names it
9ed2f41a-994e-44bc-ab4b-7e2ecc1b7fb1	Pristurus gasperetti	2a5f46ae-a2ea-459a-aaf4-562f440cb9db	Pristurus flavipunctatus	Catalogue of Life names it
5dfa558e-e372-4cc0-8ac0-3e770542c332	Psammophis namibensis	33a883eb-8f91-4a21-a34d-b8e852e758e8	Psammophis leightoni	Catalogue of Life names it
c334c088-88b8-4539-a0d7-260b7bff2c59	Psammophis trinasalis	33a883eb-8f91-4a21-a34d-b8e852e758e8	Psammophis leightoni	Catalogue of Life names it
3f005741-4a67-406d-ac3a-b5e264c377c2	Pseudechis eipperi	3dd85d7b-821f-4fcf-8a91-eb6604a63a1f	Pseudechis porphyriacus	Catalogue of Life names it
1b97895c-e9f5-4d13-9f6e-c3eeecaea17a	Pseudechis rentoni	3dd85d7b-821f-4fcf-8a91-eb6604a63a1f	Pseudechis porphyriacus	Catalogue of Life names it
a107997c-d6c5-4520-939d-c2095fa9f9f0	Ptychoglossus bicolor	fa7c5bc9-c0ea-47f1-a735-aa08353a45b6	Alopoglossus bicolor	Catalogue of Life names it; iNaturalist resolves it to the same taxon
8215fd39-a2af-4a7a-9e3e-3ecab5c01d03	Ptychoglossus plicatus	cc1d5b9f-82e9-4789-a38c-0e9ee9a8a154	Alopoglossus plicatus	Catalogue of Life names it; iNaturalist resolves it to the same taxon
9240d0da-32ea-4c5c-9702-81269ca8d9fe	Ptychoglossus stenolepis	1dfea302-9cf6-4f29-bbae-8a14c58bd3d7	Alopoglossus stenolepis	Catalogue of Life names it
e16fd104-ee6a-4a2a-9a4e-bccf68319d33	Rena dissecta	1f801718-453c-49e5-8261-41e95938dcf5	Rena dulcis	Catalogue of Life names it; iNaturalist resolves it to the same taxon
647465fb-eda5-45c0-8b57-88e72e8fcb07	Rena myopica	1f801718-453c-49e5-8261-41e95938dcf5	Rena dulcis	Catalogue of Life names it
5a2131cb-6b62-41cf-a0e8-14d6d58e4061	Rhabdophis guangdongensis	288fa67b-3648-48d9-b63f-5b0bc4f5aa41	Rhabdophis angeli	Catalogue of Life names it
3db2488b-3c8d-49d0-beab-82516af6db2a	Riama vespertina	d9d7a8ae-bb67-42d7-8a4c-328cdae514e4	Andinosaura vespertina	Catalogue of Life names it
d1b0c013-517e-4665-9091-5ac16e49efe2	Riama vieta	fefcfd37-8a4f-4f12-8174-29c3d1943061	Andinosaura vieta	Catalogue of Life names it
fe279e97-115a-4057-878c-f7e3ab2933dd	Sceloporus edbelli	53bed4c6-5932-42cc-9c4f-0e790493f128	Sceloporus cowlesi	Catalogue of Life names it; iNaturalist resolves it to the same taxon
b689db4d-0967-4459-a2e4-636125307a67	Scincus celestinus	e07c474a-242d-4c83-bcb9-324c8ee91806	Emoia caeruleocauda	Catalogue of Life names it
24e5098d-a41f-4bb6-9a9e-99b236f87123	Sinomicrurus houi	fb9df7e2-c7a3-4614-8120-4e8e483e9248	Sinomicrurus kelloggi	Catalogue of Life names it
046329bb-6dc9-46e1-85ba-9072b2ea6e15	Stellio salvaquardia	a14bdc7b-f56f-45bb-b226-1f26ebd9f301	Varanus bengalensis	Catalogue of Life names it
4091e249-a2cd-440d-9492-1e93c9a41dc0	Stenodactylus elimensis	5ba2f21d-792f-4f05-b35b-9afe95baf2d7	Stenodactylus petrii	Catalogue of Life names it
40a60db2-e6ca-4014-849e-72586ba0b997	Stoliczkia borneensis	ee900b9c-a3df-49b7-b985-664824ce3b5e	Paraxenodermus borneensis	Catalogue of Life names it
b815cbfc-cc9e-4725-85b5-b445e8ba4c4a	Storeria hidalgoensis	c8cc5aa7-b7cc-4d44-a1df-d24b89dc5745	Storeria occipitomaculata	Catalogue of Life names it; iNaturalist resolves it to the same taxon
33362d3f-274b-4a81-8472-b63a839db5e6	Tenuidactylus microlepis	c8a926c7-59e4-4610-9e67-a131935b4424	Tenuidactylus longipes	Catalogue of Life names it
ed73e1d8-4b4a-4165-b503-26b764f42857	Trachylepis monardi	b0e11c27-90ee-4ef4-8166-7a932b681cdf	Trachylepis wahlbergii	Catalogue of Life names it
17291b41-2595-42f2-9396-db0abffc45f6	Trapelus lessonae	f19d36d7-c17a-4829-82c2-fd463a27a10a	Trapelus ruderatus	Catalogue of Life names it
ef4b4515-6173-4c84-a39a-1c546a61c0a2	Trimeresurus andalasensis	c5489fb6-6fb1-4149-9c5b-7831101b5e68	Craspedocephalus andalasensis	Catalogue of Life names it
6d13dc1e-691d-441f-a87f-f3c3b1958c1d	Trimeresurus barati	75d06968-38e9-4c48-8a6e-419007ddd6db	Trimeresurus sabahi	Catalogue of Life names it
5ca0dc9d-da7b-4e06-9b48-c094a98c75f4	Trimeresurus brongersmai	f8d69e1a-e962-4982-8fa4-d23b67d8d022	Craspedocephalus brongersmai	Catalogue of Life names it
27923e3a-565c-432b-a04a-3b18bf37cb66	Trimeresurus buniana	75d06968-38e9-4c48-8a6e-419007ddd6db	Trimeresurus sabahi	Catalogue of Life names it
6345c6f2-de61-494a-a5d5-8ed2f73ad0be	Trimeresurus macrolepis	4e23d7bc-4f0e-477a-9309-f288003ad6bb	Craspedocephalus macrolepis	Catalogue of Life names it
675dd39c-a2a3-40a2-b910-ae39c969b287	Trimeresurus strigatus	0d999db8-c38a-4a3d-b134-483f5b91576d	Craspedocephalus strigatus	Catalogue of Life names it
0216ee26-8e55-44cb-9e08-184c358e5f68	Trimeresurus toba	75d06968-38e9-4c48-8a6e-419007ddd6db	Trimeresurus sabahi	Catalogue of Life names it
f6660e10-7207-4860-b68e-07942600f6e1	Trimeresurus wiroti	0c8a2590-5dba-4362-a73b-55948f1809c3	Craspedocephalus wiroti	Catalogue of Life names it
a73995f8-a2db-46b6-ab4d-be2e2f9caa62	Trimeresurus yingjiangensis	e7ec210b-355c-4fc6-86d0-d49dc622a44b	Trimeresurus popeiorum	Catalogue of Life names it
8321dfeb-6e7c-4800-9291-ec56c52080ab	Tropidonophis statistictus	1839821c-1765-4e2b-a325-c234a54d2b79	Tropidonophis statisticus	Catalogue of Life names it
1cdca028-5a56-4757-bf11-80edf9381011	Tropidosaura dumerilii	4efd145f-4f4e-4734-be81-edc4c6424cf4	Ichnotropis capensis	Catalogue of Life names it
71efade2-ba7f-42ae-92da-582a03822bf5	Typhline aurantiaca	45c8e4f3-45d6-4646-91fb-e8b1b935d6cd	Acontias aurantiacus	Catalogue of Life names it
73c6caad-4a6e-4105-8d6b-ab6027848923	Varanus baritji	e9e86362-35ed-4307-95a8-182291302b20	Varanus insulanicus	Catalogue of Life names it
2bac4937-0f54-4d94-84eb-7d8af8a8b33a	Varanus cerambonensis	0dad3c2f-690d-4635-b089-b945952a2255	Varanus indicus	Catalogue of Life names it
da549c28-1d96-4a13-baf6-ea0fe8e67530	Vipera barani	cc326cf2-1502-4dc2-a474-336aee7d31d6	Vipera berus	Catalogue of Life names it
3988fc6f-622d-4466-a4e3-11e4af8b6f40	Vipera ebneri	81ad0336-a970-4565-944a-279c55d1f465	Vipera eriwanensis	Catalogue of Life names it
67d8caae-5ede-43dc-98fe-03f285acd6f8	Vipera illyrica	c07ed9a4-f7e0-4e4f-b04e-4e28af49cec7	Vipera ammodytes	Catalogue of Life names it
c315c90a-3700-4b63-a1fc-214a34b1aa38	Vipera walser	cc326cf2-1502-4dc2-a474-336aee7d31d6	Vipera berus	Catalogue of Life names it
e552373e-e30e-43da-9384-0ff5865392d9	Xenochrophis piscator	9c8169a1-3c3a-401f-971a-22e588044170	Fowlea piscator	Catalogue of Life names it; iNaturalist resolves it to the same taxon
0d5a39f9-de63-4b90-838d-69ed7c2c81b4	Xerotyphlops luristanicus	4a844a1e-30b8-4d0b-885d-3dcb90ca7fcc	Xerotyphlops vermicularis	Catalogue of Life names it
67b1b9b3-b33a-4888-9991-5f909a39e08a	Zaocys dhumnades	bece16f9-415f-4e42-ba07-ad65c8ab0c3f	Ptyas dhumnades	Catalogue of Life names it; iNaturalist resolves it to the same taxon
5fb7e41c-6dac-44aa-ba57-bbcf3fc03200	Batagar affinis	41f69ffe-8736-4b1a-a305-f623a37afede	Batagur affinis	Catalogue of Life names it
a60215d1-5a06-4486-aec4-d4be375c1baf	Chelodina walloyarrina	646fc978-7d71-441c-b1cb-63c4c64b4f15	Chelodina kuchlingi	Catalogue of Life names it
48d4df7c-0937-4699-b376-3d65a0760fa7	Chelonoidis becki	d632fe4d-5f8b-4be6-a686-b69a0ce42588	Chelonoidis niger	Catalogue of Life names it
a48d58c8-873f-4098-89fa-90c7131fdb01	Chelonoidis chathamensis	d632fe4d-5f8b-4be6-a686-b69a0ce42588	Chelonoidis niger	Catalogue of Life names it
b65a4c1c-36e0-44a4-84a2-c864f4b6badc	Chelonoidis darwini	d632fe4d-5f8b-4be6-a686-b69a0ce42588	Chelonoidis niger	Catalogue of Life names it
f5fcca32-2094-4a24-9a00-0f08730385b0	Chelonoidis donfaustoi	d632fe4d-5f8b-4be6-a686-b69a0ce42588	Chelonoidis niger	Catalogue of Life names it
4f9f0e6f-29dc-48fe-8926-11822156e17b	Chelonoidis duncanensis	d632fe4d-5f8b-4be6-a686-b69a0ce42588	Chelonoidis niger	Catalogue of Life names it
73ac87d2-2a33-4aa8-96f7-e0315fbe9831	Chelonoidis hoodensis	d632fe4d-5f8b-4be6-a686-b69a0ce42588	Chelonoidis niger	Catalogue of Life names it
fe8da3f1-23bc-410d-acb1-81f9e120a322	Chelonoidis microphyes	d632fe4d-5f8b-4be6-a686-b69a0ce42588	Chelonoidis niger	Catalogue of Life names it
59f5841a-b1b6-4f3e-a30b-68f857a53873	Chelonoidis porteri	d632fe4d-5f8b-4be6-a686-b69a0ce42588	Chelonoidis niger	Catalogue of Life names it
0e696786-2621-4c88-8d4c-f2a72f3e8d97	Chelonoidis vandenburghi	d632fe4d-5f8b-4be6-a686-b69a0ce42588	Chelonoidis niger	Catalogue of Life names it
e496d8c0-00ad-4abe-919e-a47f0e27a25b	Chelonoidis vicina	d632fe4d-5f8b-4be6-a686-b69a0ce42588	Chelonoidis niger	Catalogue of Life names it
f3d214b3-2cf5-41b7-9fa1-bcfddb50900c	Chelus orinocoensis	5f32c422-5e61-475e-9442-a507b0f125b5	Chelus orinocensis	Catalogue of Life names it
d797f951-787e-4791-ba52-91283b824483	Elseya caelatus	0d3c3f86-fcee-4594-a697-52916b87ff4d	Elseya novaeguineae	Catalogue of Life names it
b9cc3a27-d0d5-4fc0-82c6-cbc6495875ea	Elseya dorriani	53a0ee85-93a2-4b9b-9fba-60df843fd342	Myuchelys bellii	Catalogue of Life names it
72ddb8a3-75bb-43aa-acfd-e9bcc15d283b	Elseya oneiros	1acc0e60-b3b5-4400-b836-d7f81d3d4215	Elseya lavarackorum	Catalogue of Life names it
cc7ed0f9-72e2-47d3-97b7-b7c6975d06d5	Elseya orestiad	d205aad8-4670-48d8-b8b1-23b219192c99	Elseya schultzei	Catalogue of Life names it
bab1daa9-6aa5-45fb-9541-c897ac375fe8	Emydura victoriae	473baec8-ae1e-446f-af9a-e3c242210c64	Emydura australis	Catalogue of Life names it; iNaturalist resolves it to the same taxon
017f5f22-970f-4f59-bf45-4b2278b37fda	Mauremys kami	cb77abed-6202-48e5-aa21-550e02be4da9	Mauremys mutica	Catalogue of Life names it
4921b260-aae7-4621-b427-995c7bedc9cf	Mesoclemmys heliostemma	7ed63624-f17b-4d9a-a013-dfdf70fed044	Mesoclemmys raniceps	Catalogue of Life names it
3bfa0f21-b78e-4d74-9002-7ac2335c09e5	Mesoclemmys jurutiensis	7ed63624-f17b-4d9a-a013-dfdf70fed044	Mesoclemmys raniceps	Catalogue of Life names it
e5de4c43-c934-49a2-802a-74b41104f1db	Pelusios seychellensis	381e89d4-a288-425b-b59e-a2029a4dd9b4	Pelusios castaneus	Catalogue of Life names it
af3c973e-5d5c-4d6e-87ee-e9be81890732	Psammobates oculiferus	e0ecab5f-86da-4300-bcd1-4d10e86e28c9	Psammobates oculifer	iNaturalist resolves it to the same taxon
11aeb797-5ef8-4266-a2ac-435ae22af1b9	Pseudemys taylori	a009310d-b150-445b-9811-2e04459fa5b0	Trachemys taylori	Catalogue of Life names it
88b1ebca-4b6a-455a-bf6d-4e8c235f6a96	Testudo boettgeri	e03f8d69-cb0e-4711-a601-bd56facd07cd	Testudo hermanni	Catalogue of Life names it
1c22b5de-a802-4185-ba8f-e756cf1530c7	Testudo coriacea	c8b6f9a1-31fd-45cc-bfdd-5d5572e50019	Dermochelys coriacea	Catalogue of Life names it
5e9d14cd-ec1e-41dd-8ce5-2f7cbacd4ade	Testudo hercegovinensis	e03f8d69-cb0e-4711-a601-bd56facd07cd	Testudo hermanni	Catalogue of Life names it
07dd4049-58f3-4772-9824-4dba8ac531a1	Testudo terrestris	7ce624a6-7399-40b2-b529-594096c79eb4	Testudo graeca	Catalogue of Life names it
51b6d3dc-a441-4640-9be6-9e0bc076baac	Trachemys emolli	aab830b6-e610-4375-813a-e01ece85f225	Trachemys grayi	Catalogue of Life names it
92907a62-ffed-4fea-b64d-79825d993eb8	Felis haussa	76522cbb-7ea2-4033-b462-d74ba33389dd	Felis cafra	both are synonyms of Felis lybica (inat)
ff5cf721-1557-4b75-805e-cdbd4728f528	Gallirallus sharpei	6eff967d-b587-4e46-9f93-13415d33616b	Gallirallus philippensis	ebird names Gallirallus philippensis current
52489fe6-3de0-480c-a09b-ae6db546c613	Hypotaenidia poeciloptera	588cadd8-0b58-429c-bc46-a041bfac7f36	Gallirallus poecilopterus	ebird names Gallirallus poecilopterus current
77d51758-034a-46e1-a15e-70e8dfc96423	Rissoa sowerbyi	6ee013f3-1bdb-47a2-8535-f6578bdff7ce	Microsetia lutea	both are synonyms of Davisassiminea capensis (worms)
0ab8a2e0-b3c1-4422-96ff-6ed30f558c9e	Megapomatorhinus erythrocnemis	ff03e3f2-f92b-4272-8cbd-61028ef78cea	Pomatorhinus erythrocnemis	both are synonyms of Erythrogenys erythrocnemis (inat)
13985166-66df-449b-b213-fa46dcc6af95	Minolia subangulata	04ea6ac1-136d-415a-b328-c8bbfcad3482	Minolia punctata	worms names Minolia punctata current
0b6544e2-2b22-41d0-99df-ae757c561c38	Dolomena labiosa	6c97d718-a0e1-4478-82ad-821add124644	Dolomena abbotti	both are synonyms of Dominus labiosus (worms)
8a3f7306-3334-4a35-9b44-3d7acbfd0e59	Stegostoma fasciatum	36b84ef9-20c7-4822-a3d0-6fd063f1a936	Squalus fasciatus	both are synonyms of Stegostoma tigrinum (worms)
26d0580c-7152-40c5-836f-90c0e9e89d22	Plectranthias takasei	1258e9c3-8166-4839-8e97-d28967dcf463	Plectranthias normanby	both are synonyms of Pelontrus takasei (worms)
b6f29fe8-43ee-421e-96be-c86559a8841e	Cynops orphicus	fa7df3ed-6c09-4269-8f5d-8a205bbf6724	Cynops glaucus	both are synonyms of Hypselotriton orphicus (inat)
a87102bc-8d8d-4ab0-8165-6b2a45441a4e	Hyla femoralis	23ea1c2d-4e89-4604-9335-117c98247127	Dryophytes femoralis	inat names Dryophytes femoralis current
28d3fda7-6ca9-4230-880c-f7fc15719c29	Saudareos flavoviridis	b6424c7a-44af-4bb1-bd58-291e3ceef340	Trichoglossus flavoviridis	ebird names Trichoglossus flavoviridis current
c5a56392-0752-45ee-b5ef-caabe8cb50c2	Dicrurus annectans	bc9d188f-bb08-4b24-8cf9-0472dcdb0437	Dicrurus annectens	ebird names Dicrurus annectens current
818cde6f-ef8c-41c6-a1ad-013b6a8c6701	Vexillum strictecostatum	2b1b04d4-7b28-46d5-8dc8-bc02191aaa76	Mitra glabrilirata	both are synonyms of Ebenomitra strictecostata (worms)
5d5d0e5a-8377-4481-adc8-f6e8cfb7652b	Clavus bilineatus	0f5ab8db-fd5a-48ee-b353-907327a9902b	Clavus groschi	both are synonyms of Tylotiella bilineata (worms)
dd0285c2-4e73-4788-aa60-72fab31d139a	Kopua japonica	67ba9191-a42c-425a-b31a-446ffd304a7c	Aspasma minima	both are synonyms of Kopua minima (worms)
937b769d-efc3-4aab-a468-be7c09b32a9c	Neodilatilabrum robustum	4a374bc8-8f0d-4b8b-952a-480127822d8f	Neodilatilabrum boucheti	both are synonyms of Dolomena robusta (worms)
0e7264b3-b340-4889-a1e9-64d3df5404cd	Terebra luandensis	f9b1fcb4-7219-47b9-88e3-0cd6a38fdafd	Terebra fernandesi	both are synonyms of Duplicaria fernandesi (worms)
530b8770-19ab-43a9-ab0f-399d01509f95	Tritonia challengeriana	61a22089-2860-4a7c-96a7-9489d5d0c392	Tritonia poirieri	both are synonyms of Myrella challengeriana (worms)
b26dd02b-a69d-4e53-acbd-5a13e0d11d2d	Neodilatilabrum simanoki	4a374bc8-8f0d-4b8b-952a-480127822d8f	Neodilatilabrum boucheti	both are synonyms of Dolomena robusta (worms)
09fd9e70-aedb-4dd1-acda-9f09dfcd9471	Megophrys boettgeri	750f8588-a731-4bc7-8060-118fbfdfe308	Megophrys huangshanensis	both are synonyms of Boulenophrys boettgeri (inat)
3ad301a0-4287-41c3-b59e-d854316b3c8b	Clavus nodiferus	14b69ece-1836-4cf0-b65f-b8953fae4674	Clavus laetus	both are synonyms of Splendrillia laeta (worms)
54f7b072-5bdb-49d8-9071-dfc2078c0512	Neocollonia bellula	a423e145-7c42-4393-8867-338185783f9a	Neocollonia pentegoniostoma	both are synonyms of Depressipoma pentegoniostoma (worms)
5dab6318-a550-4304-a00a-7814b496a322	Owstonia pectinifer	84c39256-d282-4e4f-a6d5-3987158430f5	Sphenanthias sibogae	both are synonyms of Owstonia sibogae (worms)
b9780427-7b7d-44ee-8e98-6a62fd6d1f1a	Myleus latus	d50dfa78-ab5e-4b6c-8b43-1dbb8a95170c	Myloplus rhomboidalis	both are synonyms of Prosomyleus rhomboidalis (worms)
e83ead42-c52a-4704-a698-6cddd7bc4ee4	Pycnonotus melanoleucos	c5d474c1-230c-424a-8ecd-532696e36453	Brachypodius melanoleucos	both are synonyms of Microtarsus melanoleucos (inat)
0c3dddc0-9ec3-4643-9e37-2fba2361d449	Eucyclotoma varicifera	397e00f9-f183-4d80-a7ed-e01f0765f023	Daphnella aureola	both are synonyms of Asperdaphne aureola (worms)
38f5cc46-2787-4828-ac7f-5a560fd26330	Fowlea melanzostus	78b036ba-574d-4120-af07-26b8fe5c2f44	Fowlea melanozostus	both are synonyms of Fowlea melanzosta (inat)
a72655b4-9b46-40cb-ab68-67a783b33967	Japonolaeops dentatus	546abeff-7ad5-4519-99c4-d6aa4a25a9d7	Laeops gracilis	both are synonyms of Japonolaeops gracilis (worms)
ef11567f-3a48-4eb1-810e-4862a90b964f	Rissoa becki	6ee013f3-1bdb-47a2-8535-f6578bdff7ce	Microsetia lutea	both are synonyms of Davisassiminea capensis (worms)
e3b11740-dc86-4b7a-993b-25fca816cbb2	Megophrys latidactyla	35b240ae-aebd-43b5-9554-aaf57f7f4f8d	Megophrys palpebralespinosa	both are synonyms of Boulenophrys palpebralespinosa (inat)
a7a27d3a-d086-414f-a90b-ed33ffa425f5	Ostracion cubicus	f46e4585-6aa7-4067-a655-b8921feecf09	Ostracion argus	both are synonyms of Ostracion cubicum (worms)
f9c68d48-b1c5-449a-a3a3-5c3c03683f0a	Labrus formosus	dfb4dc8a-e0e0-42a4-a615-25af606cec35	Coris formosa	both are synonyms of Allocoris formosa (worms)
5c866b2c-79dc-41ff-ae48-780c71fb884f	Pleurotoma trypanodes	6ae6dacb-e205-4765-bf9e-c01a07d95625	Gemmula hastula	both are synonyms of Deceptigemmula hastula (worms)
3b296866-5aee-40d0-9525-07c18ddfbbc2	Mitra pusilla	062c098f-f880-414e-8ebf-8a238acc256a	Pusia tricolor	both are synonyms of Ebenomitra tricolor (worms)
cf0ffdd9-74ed-412a-bd6b-91b023aff7f4	Lepadichthys minor	36882d10-5d93-4a88-9f1c-e2724b85c65b	Lepadicyathus mendeleevi	both are synonyms of Lepadicyathus minor (worms)
7f192d2c-bc2e-4729-a6af-113c2eafad73	Centroscymnus plunketi	44852dc8-3bdf-46c6-bd1a-1b782caa99fb	Centroscymnus macracanthus	both are synonyms of Scymnodon macracanthus (worms)
8ae619d8-223f-46db-ba7c-f44a053751ba	Equulites absconditus	bc1037a7-4288-43a1-9aa5-9ab2eb21e3ad	Leiognathus berbis	both are synonyms of Equulites berbis (worms)
a8a86387-6c41-48bc-a136-8c45ade98056	Thapsinillas longirostris	95d47244-0235-4307-b5b7-89d69f6d847a	Alophoixus longirostris	both are synonyms of Hypsipetes longirostris (inat)
61130c8f-452a-4b88-937d-a5bd8a4f1568	Prosimnia korkosi	6faa8758-d2d9-4394-9e81-6601c43f834f	Primovula eilatensis	both are synonyms of Prosimnia eilatensis (worms)
3c5c4ed3-849f-484c-9d44-03a1ed058c79	Litoria citropa	0f7f2105-e584-4bcc-a2f9-abd16280796a	Ranoidea citropa	both are synonyms of Dryopsophus citropa (inat)
7a165c57-b5fc-4a96-b67d-63f1336d4314	Mitra multilirata	0241eb75-8198-4d56-b811-e31dbe9b40a3	Subcancilla gigantea	both are synonyms of Panamitra gigantea (worms)
83174c8e-59ec-447e-9796-46c878411737	Opisthoteuthis depressa	1d90ac43-75dd-4a03-9af4-2ab4f65137db	Opisthoteuthis japonica	both are synonyms of Exsuperoteuthis depressa (worms)
fa503744-e0d0-4692-9582-c22be4da8a6c	Tryonia diaboli	d52b7194-34f7-4642-a749-1bf0719565dc	Texapyrgus longleyi	both are synonyms of Texapyrgus diaboli (worms)
b89dbe61-255a-4d9f-bd63-dbbb0cd1e2a5	Capulus badius	6836cce4-aee6-4711-832f-49eb02ec3542	Capulus pulcherrimus	both are synonyms of Trichamathina badia (worms)
fbedc649-48c2-4bcb-bd26-3082a58b75b9	Pueridaphne cirrisulcata	324bf635-c1e5-4c2b-b3e0-16ecd71ad23f	Xanthodaphne bruneri	both are synonyms of Pueridaphne bruneri (worms)
f1c930d9-9731-40c7-bed3-ff1543ebdfc8	Kermia lutea	70ed31d5-49cc-4d64-a504-0bcb8a71d410	Lienardia lutea	both are synonyms of Hemilienardia lutea (worms)
6bfffcfe-377c-4a9d-b972-bacc0de370bc	Sylviorthorhynchus desmurii	11f8780c-892a-4648-a619-708d51ebb651	Sylviorthorhynchus desmursii	ebird names Sylviorthorhynchus desmursii current
263c6ae0-0ac7-4987-8f61-6760598c6446	Neodilatilabrum sowerbyorum	4a374bc8-8f0d-4b8b-952a-480127822d8f	Neodilatilabrum boucheti	both are synonyms of Dolomena robusta (worms)
08182456-6ce6-4040-9122-d29fb3882dab	Microhyla marmorata	288f2bd5-1411-4f83-89fd-8b4b09bbe05c	Microhyla pulverata	both are synonyms of Nanohyla marmorata (inat)
751b508e-9245-4565-8676-aa68b1b5afb9	Beringraja stellulata	6607c0d7-0f0b-483d-80f6-00c4de1e6098	Raja stellulata	both are synonyms of Caliraja stellulata (worms)
0dd163f6-fbad-42b6-b79c-a364e6e1282e	Peltaster micropeltus	6e97d322-306a-4e79-bfe8-bdb85c17627f	Pillsburiaster maini	both are synonyms of Pillsburiaster micropeltus (worms)
af4580e3-ddd5-49c1-8aa0-57a586996834	Philautus kempiae	61083b7e-4b01-453a-a914-9bd436bfd01e	Raorchestes cangyuanensis	both are synonyms of Raorchestes kempiae (inat)
1b11b3a4-c212-4ec0-937e-e3ada0cf95f5	Allopaa hazarensis	ba944dac-c38e-4eea-9d41-d66fbafd7cdc	Allopaa barmoachensis	both are synonyms of Nanorana hazarensis (inat)
ed52956a-8980-4fb4-8226-01f2b5ed82ac	Congriscus megastomus	6080f259-8801-42e0-bba5-1e7a80c6cbce	Thalassenchelys coheni	both are synonyms of Congriscus megastoma (worms)
a49530bf-eae9-4c5f-a709-b766de3438ac	Litoria obtusirostris	97e6c271-009f-4071-bc54-5b7e0a46ef7a	Litoria nigropunctata	both are synonyms of Ischnohyla nigropunctata (inat)
be300283-d4f2-424f-95c7-d5eeac753f79	Salmo pacupeba	d50dfa78-ab5e-4b6c-8b43-1dbb8a95170c	Myloplus rhomboidalis	both are synonyms of Prosomyleus rhomboidalis (worms)
7b37a90b-d285-4cd1-803e-6e477fa5a006	Rissoa innocens	6ee013f3-1bdb-47a2-8535-f6578bdff7ce	Microsetia lutea	both are synonyms of Davisassiminea capensis (worms)
5f1dee54-3104-4281-9edc-d65db6335a94	Achaiohydrobia moreana	225e3585-0745-4129-a717-f981d5cc8a12	Bythinella corrosa	both are synonyms of Achaiohydrobia corrosa (worms)
533274a1-2b4d-4b3f-928e-f09e5db9faa6	Fusinus barclayi	95a77f78-7d63-4d47-83f2-7ef59e029599	Fusinus somaliensis	both are synonyms of Smytheria barclayi (worms)
11aa455a-0259-486c-8a64-e0e80361032d	Xanthodaphne pyrropelex	b7c50aab-3eac-4137-b911-3a2f5735e914	Austrobela levis	both are synonyms of Austrobela pyrropelex (worms)
1b3b040e-7bb7-46b0-9715-eb902dd4f377	Rissoa capensis	6ee013f3-1bdb-47a2-8535-f6578bdff7ce	Microsetia lutea	both are synonyms of Davisassiminea capensis (worms)
8af54275-6ff8-425d-9d1a-74617f21d7b5	Triplophysa stoliczkai	d74aaeaa-6f89-4384-9a52-8b56b10eb81b	Triplophysa stolickai	worms names Triplophysa stolickai current
ac2ae2f6-82af-4213-8ff6-10f24a1217f1	Ocenebra hybrida	e1a553de-4904-4937-811c-3877ad559a0c	Ocenebra piantonii	both are synonyms of Ocenebra baetica (worms)
4181c484-1c87-4f35-94e6-fe5a75bb98e2	Opisthoteuthis albatrossi	06c8a853-494c-448f-835d-1f13c829af9f	Opisthoteuthis californiana	both are synonyms of Insigniteuthis albatrossi (worms)
335c15eb-af53-4cde-8434-11b057d57e6f	Laevistrombus turturella	f0ef8bdf-784d-42f0-ae63-98171ad6b54a	Strombus isabella	both are synonyms of Dolomena turturella (worms)
11ef27f0-5a30-43ee-88a2-07f9b78efe33	Onychostoma minnanensis	a8c48c10-0f39-431e-adda-20c20628a094	Onychostoma minnanense	both are synonyms of Scaphesthes minnanensis (worms)
af9b2e26-06e5-462b-8a91-b8cd3981f72d	Mitra russa	effe59f2-b29c-43cd-9fdd-a49ef73ba846	Vexillum pardale	both are synonyms of Eupusia pardalis (worms)
26fccfda-9f0c-4a57-af16-05f153bcfa4a	Tritonoturris lifouana	615ef9b7-db98-4cf5-8a37-4435629beba9	Tritonoturris paucicostata	both are synonyms of Asperdaphne paucicostata (worms)
775107d8-021e-4dbb-82fc-ced32c172f4c	Strigatella subruppelli	1fc9f7b5-9e7f-48af-baa6-3ea06b55ea69	Mitra consolidata	both are synonyms of Strigatella caeligena (worms)
e44fc802-5188-4483-b66f-e6e6025d4cdb	Rissoa tritonia	a8df3ed7-b6cb-41e6-88dd-bc113c3d1883	Eatoniella cingulifera	both are synonyms of Davisassiminea durbanensis (worms)
2b7d96e4-6a7f-4bf4-aa03-11ab04eb2e03	Pseudovivipara hypocrites	6095bdf3-cc02-4534-a683-81a7fc9e5800	Parafossarulus eximius	both are synonyms of Pseudovivipara eximia (worms)
7a51f899-1bf6-4259-a45f-9af89097c8c9	Tegula panamensis	c26dc500-bbfe-494d-aacf-31901700abad	Omphalius smithii	both are synonyms of Agathistoma panamense (worms)
917a476a-a6c6-4b10-93ec-a80f571de8ef	Theta polita	a2a58d50-bed4-4c2e-bba0-63e754696942	Xanthodaphne argeta	both are synonyms of Theta argeta (worms)
bc2a31e3-986b-4930-9cf9-00a360c91c9d	Acromargarita kilburni	a5948c59-3c58-42a0-bbda-0ef07a7409a0	Gemmulimitra gemma	both are synonyms of Gemmulimitra kilburni (worms)
de32053a-eef5-46a6-acff-56771b53e86e	Coracina ceramensis	4d0694b5-f05b-458c-8cf1-8b8b42f3be2d	Edolisoma ceramense	ebird names Edolisoma ceramense current
0955b726-3433-456c-8c5f-cef3fc6682cb	Pareas geminatus	fd71105b-8e30-4d44-952e-c2c4a0ad97b1	Pareas xuelinensis	both are synonyms of Pareas yunnanensis (inat)
b2636ab8-c3a1-4d89-876d-5976a0220332	Moenkhausia georgiae	c6f4a94e-7292-4d91-8b0a-93a2427e3bdb	Tetragonopterus georgiae	worms names Tetragonopterus georgiae current
65827a4e-e00f-43de-b463-f8744430be9a	Cabalus modestus	2760b9d9-78e1-492b-87fa-f3dd9e0ae6d5	Gallirallus modestus	ebird names Gallirallus modestus current
ffa3dcd6-83fc-4adb-bebd-8be6032a1203	Buteo poecilochrous	3fb302dd-7af5-448c-91df-63e6d9a91cf4	Buteo polyosoma	both are synonyms of Geranoaetus polyosoma (inat)
567cce97-137f-41d4-85dc-23a82f195871	Cyanocompsa rothschildii	b4f78df0-ee20-4fc2-b473-0a4360aa7262	Cyanoloxia rothschildii	ebird names Cyanoloxia rothschildii current
4e8779ca-f73d-4f0f-8540-87f81998c86a	Sphiggurus villosus	7ad9274f-e001-409b-a4dd-c90411c61f7f	Sphiggurus spinosus	both are synonyms of Coendou spinosus (inat)
49b9cb1a-a890-4949-bd51-424534e69ddb	Coracina tenuirostris	495c3ecd-9c5c-4c69-9a5b-629790280665	Edolisoma tenuirostre	ebird names Edolisoma tenuirostre current
da7deee4-efee-4e6d-b88f-5b40cde2e6e2	Giuris margaritacea	f37fb089-5bbc-4c6f-be17-dd24c2746152	Eleotris planiceps	both are synonyms of Giuris margaritaceus (worms)
bba83b63-094f-4edb-9ab0-a930d3f8c03d	Hydrolagus waitei	aa6b75e4-08fd-4453-b264-f1c1a99a57e9	Hydrolagus ogilbyi	both are synonyms of Chimaera ogilbyi (worms)
d960baaa-fbea-45bb-9edc-018206fea2f2	Vexillum albocinctum	941cac4c-da91-40a3-935d-447c2e2acdf8	Atlantilux gemmata	both are synonyms of Atlantilux albocincta (worms)
3bcf58e9-a5ec-44ec-8758-33a646a47aeb	Haemulon chrysargyreum	dfdeaf74-1772-4c67-8065-43ca6d7371fa	Haemulon serrula	both are synonyms of Brachygenys chrysargyrea (worms)
27202e72-28bf-457b-977f-9acf01f34fa9	Cyclocheilichthys enoplos	dbe82c92-f0af-46eb-ad2f-2f96b0782aef	Cyclocheilos enoplos	worms names Cyclocheilos enoplos current
deb17df1-7b9d-4d3e-9ad3-cc86c0dc1492	Clavus infuscatus	0f5ab8db-fd5a-48ee-b353-907327a9902b	Clavus groschi	both are synonyms of Tylotiella bilineata (worms)
87a0cb4a-dfa4-40f6-bc2f-85643fa06033	Squaliforma scopularia	c68ddd1d-343d-4277-a577-7b03a2035f8e	Squaliforma virescens	both are synonyms of Aphanotorulus horridus (worms)
fa537aef-0b3c-42fc-8173-900b38a97847	Philautus similipalensis	fe5e5f63-d7fa-4f87-880a-2fba313d0228	Raorchestes terebrans	both are synonyms of Raorchestes sanctisilvaticus (inat)
158b6512-e578-4650-a5ca-c78b0810f612	Squaliforma horrida	c68ddd1d-343d-4277-a577-7b03a2035f8e	Squaliforma virescens	both are synonyms of Aphanotorulus horridus (worms)
77bd8d18-7cc4-4855-add5-ee7bd045c67c	Coracina mindanensis	fafee75a-9b80-4cca-842d-a2d8edbcdf41	Edolisoma mindanense	ebird names Edolisoma mindanense current
b3bf7e72-785c-4047-bfc2-b78d87f55fb1	Amblyeleotris periophthalma	d87b728b-a567-4bf0-852b-fd4f9e98ef66	Amblyeleotris exilis	both are synonyms of Amblyeleotris periophthalmus (worms)
2111ce5b-ff92-43df-9bb2-d7e5dfd66972	Belgicella racowitzana	c15927b1-c51c-47b1-b54b-3c75049d0db7	Freyastera benthophila	both are synonyms of Freyella benthophila (worms)
9b8a5d78-f3dd-4961-97a2-ca2346a89dde	Accipiter tachiro	12712b17-de2c-4621-85e0-da1eae4674e3	Accipiter toussenelii	both are synonyms of Aerospiza tachiro (inat)
b4293ab1-0b2e-4d52-b1e5-31bff9bb870c	Brachypodius urostictus	93540fc4-9dc8-46bc-a4c0-2d5f712c79b6	Pycnonotus urostictus	both are synonyms of Microtarsus urostictus (inat)
4513a54e-55d4-4f0c-94af-b60ec89e11ab	Felis manul	510c3f03-e3af-49c8-9aa0-839fe097985c	Felis nigripectus	both are synonyms of Otocolobus manul (inat)
d309b409-a973-4a87-812a-733a8328b0cc	Mitra exigua	12325894-7d8d-4b85-8cab-02c404ee139e	Atlantilux exigua	both are synonyms of Pusia exigua (worms)
84e1ff92-87eb-4ddf-9bf0-cd727a7650e1	Rhynchocypris oxycephalus	2f8c67b0-d797-47da-9a8c-073c6b27e40f	Phoxinus jouyi	both are synonyms of Rhynchocypris oxycephala (worms)
50522620-f11b-426d-8dcb-eefdbc5a7089	Acontias litoralis	9d87f70b-2889-4364-a3e9-f94d931ae82a	Acontias lineatus	inat names Acontias lineatus current
c919d62f-6bd3-4ae1-a062-296560993eda	Acontias tristis	9d87f70b-2889-4364-a3e9-f94d931ae82a	Acontias lineatus	both are synonyms of Acontias lineatus (inat)
190ea76d-14c4-4e8f-a5ef-0eeea3169402	Zosterops capensis	428855f6-0096-415b-aa5f-50cd0e1c2a67	Zosterops virens	ebird names Zosterops virens current
f144e939-ed31-4ba5-9722-31611cf812a2	Onoba simplex	4c3a6bac-bd8a-4216-b164-b2a2895b9e6f	Onoba lubrica	both are synonyms of Ovirissoa lubrica (worms)
2c6e5cc6-8389-48af-87cc-67b920af306b	Saudareos ornata	9c338c05-fab3-4635-9f07-2fb341533278	Trichoglossus ornatus	ebird names Trichoglossus ornatus current
efdf56d6-e1d2-40d5-b6b9-1820659e1b11	Squaliforma emarginata	199991c4-af97-4035-982d-e1b5e9733ee9	Squaliforma squalina	both are synonyms of Aphanotorulus emarginatus (worms)
d1e666a4-c6ae-4f75-a678-1caada363557	Cisticola emini	576c5646-d63f-4b5f-a881-878ce31498bf	Cisticola bailunduensis	ebird names Cisticola bailunduensis current
00ebcdaa-c087-440a-9c08-855f0ab4d9c4	Rana zhengi	1d5c6ca5-3dbe-4201-a96e-fd20d5dbe28f	Pseudorana sangzhiensis	both are synonyms of Rana sangzhiensis (inat)
f3673602-a885-4a63-9464-eb96fd99822f	Parus amabilis	86146332-396e-4e5e-9c4e-0a4fa0e144da	Periparus amabilis	ebird names Periparus amabilis current
faed0375-8872-455e-bd26-3cd84b396377	Dendrocopus major	358a3995-3d97-40a9-81f0-6ca80da21010	Dendrocopos major	ebird names Dendrocopos major current
4943e381-ff04-4ddd-bdea-12f0400e2cb2	Canis anthus	f7e6d74c-dee3-40c0-bf4b-4bb0e7706c67	Canis lupaster	inat names Canis lupaster current
868d08c7-eca2-47ca-abde-df071bb3ee7b	Cirrhinus caudimaculatus	b0feec12-8fd1-4035-9fe2-c095d522d42f	Henicorhynchus lineatus	both are synonyms of Henicorhynchus caudimaculatus (worms)
92dcc504-8f0a-482f-9d2c-193328e0595f	Isanda sulcifera	ecbc754c-4656-4033-9c99-7c0eecfa87bd	Minolia chinensis	both are synonyms of Pseudominolia sulcifera (worms)
87228bf2-0c22-42ce-97bb-ad2d6de4a190	Acanthopagrus longispinnis	73cb4bda-8027-4e1b-ae27-afec13929d48	Sparidentex datnia	both are synonyms of Acanthopagrus datnia (worms)
2f8f00f1-f4ad-42c7-9dab-63ab50ef6332	Pseudominolia biangulosa	ecbc754c-4656-4033-9c99-7c0eecfa87bd	Minolia chinensis	both are synonyms of Pseudominolia sulcifera (worms)
4069f7b5-eca0-46bd-b027-362ba00f0395	Glyphostoma partefilosa	e4e20f24-af70-4776-890f-f343c7749526	Glyphostoma candidum	both are synonyms of Euglyphostoma candidum (worms)
f429b6ed-4e86-4d61-9c03-7e77c6acef5b	Alzoniella elliptica	6ed1d611-d9e2-4e1e-acbf-cab127d65fb9	Alzoniella pellitica	both are synonyms of Navarriella elliptica (worms)
2bf4fa5a-295e-4184-9ea5-d6342abfabdb	Squaliforma annae	199991c4-af97-4035-982d-e1b5e9733ee9	Squaliforma squalina	both are synonyms of Aphanotorulus emarginatus (worms)
ad99ece6-87d9-4272-89c8-9c5d255e7eac	Falco minullus	4f29235e-af92-48f4-ac71-758402e23fc7	Accipiter minullus	checked by hand (records, checklists, web)
c9bb4fe7-f65a-48a2-a95f-e29f5b8a37e2	Procavia neumanni	58ae23c6-d336-47f9-91e3-01d128a80507	Dendrohyrax arboreus	checked by hand (records, checklists, web)
54a15b06-44ec-491c-93e1-42d9cc872274	Miroscyllium shiekoi	42a08294-b43a-4ff8-8e20-3ea367b0010f	Miroscyllium sheikoi	checked by hand (records, checklists, web)
11a86a2e-351c-424a-b52a-34a02a2aa93c	Pristimantis worleyae	32ae9fdc-214c-4530-b38a-0e5036734e64	Noblella worleyae	checked by hand (records, checklists, web)
125aeb27-2f45-4c0e-8abb-3470b5675efd	Palmulacypraea musumea	954903b2-de07-4c1d-a251-d1ab375d9fce	Cypraea musumea	checked by hand (records, checklists, web)
6588aa1d-38e1-42ba-b98c-464d25c6dac8	Parus varius	80cbb410-4af2-47d5-b1d6-6bfaf0bd3d38	Poecile varius	checked by hand (records, checklists, web)
45cec8a0-731d-445b-b488-741a6824ced6	Mustela brasiliensis	41080225-7488-488f-b716-5e1bafa137d4	Mustela frenata	checked by hand (records, checklists, web)
3692ad45-487c-48d6-aa19-90ef58100194	Cyclopsitta melanogenia	51d520ca-1086-45c3-96b6-6a09b4f706fd	Cyclopsitta gulielmitertii	checked by hand (records, checklists, web)
8021eda9-9b44-47b8-b23e-ae7defb7626d	Philbertia pyrgoidea	2e3a306b-8f98-4115-9f75-58eb839a82e5	Pseudodaphnella producta	checked by hand (records, checklists, web)
649197f8-6e9d-43eb-bd60-9d39921eaebf	Ardea australis	1bba813e-b3be-4556-b6dc-98afa65a05e1	Dupetor flavicollis	checked by hand (records, checklists, web)
d7e595bd-bd2f-4cbb-94c1-45e575b1220f	Gobiusculus flavenscens	9c8d58f7-102c-44e7-b091-e82546f7d0c3	Gobiusculus flavescens	checked by hand (records, checklists, web)
8f15bf1a-a64e-4145-8d8a-3b33c00e7a03	Rallus cayenensis	2d6f046c-acaa-4e91-9be8-b494256b9554	Anurolimnas viridis	checked by hand (records, checklists, web)
2271d257-d8a4-41ef-a9b1-7b7943c03ef2	Sylvia icterops	91946412-d819-4a1f-8972-3021e5dfd473	Sylvia communis	checked by hand (records, checklists, web)
0f117819-b2e9-424c-a34c-2d5929105343	Falco marginatus	eb5cb34f-4e4e-473f-bba1-3638539dbbce	Accipiter gentilis	checked by hand (records, checklists, web)
0e86663e-69c7-4936-aa53-53f713edc92b	Tribolodon maruta	a4531c7b-29b7-4247-aa5b-55d296238c0b	Tribolodon brandtii	checked by hand (records, checklists, web)
0ae9b39d-41b5-41dc-acf6-d4cea4abf350	Columba pallida	4a26542d-4915-4cdb-b39d-3289c75de86e	Cuculus pallidus	checked by hand (records, checklists, web)
80a46908-3058-4b86-a852-29721e5229bd	Macropus papuanus	ee22af97-27f8-4f42-b1de-5f3d2cf994b3	Macropus agilis	checked by hand (records, checklists, web)
cb468dcb-e143-49ee-adb0-9d342ccc634e	Ardea lepida	6dee3635-10b0-479d-8670-90b8ed118432	Ixobrychus sinensis	checked by hand (records, checklists, web)
2272af5a-75ba-4256-bc24-7660d12a51da	Nectris munda	7c5701a7-29e6-488a-8a20-f3889f2c2e55	Procellaria munda	checked by hand (records, checklists, web)
b180fe52-9c16-4fb9-8a99-3e7901fa712f	Heteromys vulcani	73d494a5-205e-40de-8d5d-43982b79e019	Liomys salvini	checked by hand (records, checklists, web)
2769f9a9-00ae-4f94-a6b0-2ecaf25c9cbe	Psittacus aeruginosus	3088209c-2458-437d-b0e0-f93207141c41	Aratinga pertinax	checked by hand (records, checklists, web)
bf475e29-1850-4dd1-b558-00f3aae90cfc	Calandrella athensis	0c836a27-b2c2-417d-8dd7-aea17b265fc0	Calandrella somalica	checked by hand (records, checklists, web)
3532bac7-3ec9-448f-b77d-b6b45dde703c	Vexillum moisei	25b9cafb-ec71-4336-98db-0bfcf7ec7890	Vexillum sykesi	checked by hand (records, checklists, web)
aacf0fb5-afb0-4715-b085-60fedb6e3611	Daphnella mitrellaeformis	c039d662-271a-4f7a-b12f-01ad8b8260dc	Daphnella nomurai	checked by hand (records, checklists, web)
e64ad03a-7aeb-4969-afa4-a9e23d71bc44	Megophrys omeimontis minor	99c0aee2-bfd8-4407-9395-f31cb4e2a32a	Megophrys omeimontis	checked by hand (records, checklists, web)
d21f4f8b-969a-48a9-95f6-feac11e8d973	Caranx beani	2b174b04-269b-41c3-a43f-8841d86b6046	Carangoides bartholomaei	checked by hand (records, checklists, web)
4737e1d4-e3b4-4d1f-9870-c3b2b55e971d	Tegula felipenis	25dec3ef-78f2-44e0-9e93-0c54b58302a5	Tegula felipensis	checked by hand (records, checklists, web)
1039b334-2ca1-42a9-9fb9-ad229c82468b	Gymnobela fulvocincta	aea453eb-1ec4-44ee-99de-a7c23b49c6d2	Gymnobela fulvotincta	checked by hand (records, checklists, web)
4fbe5ff8-1241-4f25-b7c8-4a624a7d9a7c	Hemigrammus copelandi	b75d3a3d-e496-4867-aa74-10797b2179eb	Hyphessobrycon copelandi	checked by hand (records, checklists, web)
9816f61b-6b34-4246-a76f-2f42d6137959	Motacilla sylvia	91946412-d819-4a1f-8972-3021e5dfd473	Sylvia communis	checked by hand (records, checklists, web)
82416c72-5981-4cba-813d-b095c9f9bc1c	Alauda percutiens	6ef963c6-cdfb-4172-b781-61f30cff7f39	Mirafra apiata	checked by hand (records, checklists, web)
158c9c14-0397-4f8f-aa9f-e521694191af	Emberiza militaris	02884b50-089a-4b02-a647-0b5d83c3e320	Sturnella militaris	checked by hand (records, checklists, web)
339bdd50-c43a-4402-be64-37f3866d092b	Systomus hamiltonii	8b08cfdf-783e-403b-9008-7c52d5133d71	Bangana ariza	checked by hand (records, checklists, web)
3785d0bb-21cc-434e-a296-18e4a12d614e	Caranx cibi	2b174b04-269b-41c3-a43f-8841d86b6046	Carangoides bartholomaei	checked by hand (records, checklists, web)
d298e385-1b07-4831-984c-36f8086fc6f2	Paladilhia hungarica	4fa2c393-fc38-4a69-8816-c9a3d472ca3c	Iglica hungarica	checked by hand (records, checklists, web)
c1d14fdb-b259-4b32-a860-e029f31fe54c	Aratinga hockingi	77ed481b-c085-4fda-b2a0-1bb36294b2b6	Aratinga mitrata	checked by hand (records, checklists, web)
5e51f518-9634-4b28-b9ee-1ce59383096f	Alauda sibirica	49762634-ce1a-4af7-a4d7-1a4f8b6ca6b0	Melanocorypha leucoptera	checked by hand (records, checklists, web)
0ada8489-4bed-4a84-aa02-07369ac9b37a	Halmaturus derbianus	6ee55b83-7c06-4d97-b26e-cb8d0008f110	Macropus eugenii	checked by hand (records, checklists, web)
bc632f1a-3385-4a17-a997-a31bb6489fe9	Callichthys punctatus	981761ce-54a2-4335-86d8-b04863cd9816	Corydoras paleatus	checked by hand (records, checklists, web)
1d493704-deaf-4788-970c-75ba28789c25	Basileuterus tristriatus sanlucasensis	ea1643c3-7739-4f4f-9c8a-5519203cb040	Basileuterus tristriatus	eBird reports issf Basileuterus tristriatus sanlucasensis as Basileuterus tristriatus
ee8234a6-463b-4976-b687-3527054bc257	Accipiter erythronemius	a12cd0a3-918a-46ff-b33d-9b905056a811	Accipiter striatus	eBird counts it as a form of this species
e3a86e62-c7c9-42bb-9340-e647bb784d8b	Aethopyga jefferyi	45b346a2-7600-43d2-bbec-e70ae20b61e2	Aethopyga pulcherrima	eBird counts it as a form of this species
0b8277ab-9c3c-4c1b-98ba-19f662828461	Aegithalos sharpei	d3af9204-4903-403f-8549-54d5e156cc06	Aegithalos iouschistos	eBird counts it as a form of this species
b4ad9277-9048-4148-95d9-155c1d197fe8	Anas carolinensis	a81f9907-4a4d-411c-9239-71f92d5c3195	Anas crecca	eBird counts it as a form of this species
5883f864-c146-41bb-8a54-070853234b4e	Cyanoramphus subflavescens	6fe33e4a-f2c7-4942-abad-e10c5218cac7	Cyanoramphus cookii	eBird counts it as a form of this species
cf21d77d-ec6a-4d26-b3ff-4bc97ecc3576	Pteroglossus mariae	fdbb72e1-8fbb-46db-84c6-10d6b4e26b64	Pteroglossus azara	eBird counts it as a form of this species
21cb7b8d-12a0-4eee-9d84-621ce52b17b9	Pteroglossus sanguineus	f013ccbb-2e27-4dfb-8711-1472a0c00b74	Pteroglossus erythropygius	eBird counts it as a form of this species
1545076d-5e1b-4c15-93b5-b0f3d02d340f	Accipiter chionogaster	a12cd0a3-918a-46ff-b33d-9b905056a811	Accipiter striatus	eBird counts it as a form of this species
43b2efbe-d055-46c4-9050-62f91577a971	Vireo approximans	cc9fd5fb-2fdf-496d-a908-44b0f887e54d	Vireo pallens	eBird counts it as a form of this species
ee832bfc-a244-42c0-ae21-f5fb7408d8dc	Otus madagascariensis	6a2a9586-a172-44ff-8944-10b9af234169	Otus rutilus	eBird counts it as a form of this species
4fcd20b9-0319-4a50-9114-2c97a97c220c	Estrilda ochrogaster	e0d8c677-e8e2-44a9-93e1-115a55e05cf1	Estrilda paludicola	eBird counts it as a form of this species
bef85616-c97d-472f-927f-01943c791ac8	Geothlypis chiriquensis	1da48b65-c4d5-4826-bc31-ae1afd92be21	Geothlypis semiflava	eBird counts it as a form of this species
8be08d87-8c0a-4617-a03d-a882345ea1a7	Acanthis hornemanni	a5c5d6ff-d2e6-4fa7-b449-39e3c70a0937	Acanthis flammea	eBird counts it as a form of this species
7d81ee72-cdaf-472f-b14c-3d4e50ab8ca7	Apus sladeniae	fa12aca8-27ac-443f-a87a-b02d24048011	Apus barbatus	eBird counts it as a form of this species
b0e81b50-dfaf-49c5-bb8a-1959dff09af8	Setophaga goldmani	4bda3581-531c-4624-9163-d17d7ee5585a	Setophaga coronata	eBird counts it as a form of this species
d26288f3-6a71-4f30-b3f5-64b7dfb3c52f	Arborophila diversa	9de03e61-cc3c-4fec-ac9e-585e4b439726	Arborophila cambodiana	eBird counts it as a form of this species
af4e8413-c78d-4aac-916f-978e146b490d	Pteruthius ripleyi	6e78d5f9-67d6-4734-aaf4-8261ba8b8a1d	Pteruthius aeralatus	eBird counts it as a form of this species
75e94397-7e0e-46d3-9b66-d0b7aca0191f	Colaptes aeruginosus	798e6c51-5478-4d84-ad43-00e2274ba19d	Colaptes rubiginosus	eBird counts it as a form of this species
7e0eb52b-0405-44bb-8b35-71b458ffd035	Otidiphaps aruensis	4e05092d-7af7-4543-987e-fd4c3bbd6f7a	Otidiphaps nobilis	eBird counts it as a form of this species
5608c842-aecd-4483-bc2e-bd0a916eefa6	Monarcha erythrostictus	9df66bc2-f3af-49cb-bd10-de8e79221b7d	Monarcha castaneiventris	eBird counts it as a form of this species
8d72494d-e763-473a-88be-704f0d373086	Turdus debilis	b9f14c92-d0f2-4426-abb5-cc1bcd692a31	Turdus ignobilis	eBird counts it as a form of this species
357721c9-ee29-41d3-993c-dbd7e28194cc	Cacicus pacificus	29501ec3-8d53-466b-aa1c-91c0c53e3db6	Cacicus uropygialis	eBird counts it as a form of this species
bfe44e96-1905-4ba3-b1ce-6535c8f34ccd	Eremomela salvadorii	6183c1f8-6876-4eb9-a956-1d2aa10a6619	Eremomela icteropygialis	eBird counts it as a form of this species
7c6f3fdc-5d16-44b0-9ab6-58070c025854	Phylloscopus emilsalimi	21275989-b30c-4886-859d-3ff706f30094	Phylloscopus poliocephalus	eBird counts it as a form of this species
cac58eb1-5883-4682-904d-90ebc13cb279	Myzomela annabellae	a656509a-c7c7-4195-a958-61dd8173a32d	Myzomela boiei	eBird counts it as a form of this species
f158b9ce-0b51-41c6-8c6b-76db4a2cf2c4	Larus kamtschatschensis	a04936f0-bd03-4644-9ee4-4b0c5c72e6d2	Larus canus	eBird counts it as a form of this species
7b152881-cc4f-4fa4-86eb-81d142787c4e	Upupa africana	56b8cfd1-d0c6-47a8-82a4-d0f99dc84b63	Upupa epops	eBird counts it as a form of this species
1fb4d093-05cd-4af0-8b21-834e8b45d63b	Nesillas longicaudata	d611ab98-626b-4479-9848-5b2ff6eb07a4	Nesillas typica	eBird counts it as a form of this species
66768e17-d014-4468-b598-1cded4086069	Prunella fagani	d4e01287-56dd-4d71-898e-a3cbe61506e2	Prunella ocularis	eBird counts it as a form of this species
ab3d1175-ab85-4db5-a317-e11df2589e25	Phylloscopus occisinensis	c5fccf79-8ab3-4c37-864d-ce1ad901dfc1	Phylloscopus affinis	eBird counts it as a form of this species
1169ca8c-eed9-473b-a32a-210e57451dac	Ramphocelus icteronotus	2207b145-ff29-4275-a571-5e4584819bcb	Ramphocelus flammigerus	eBird counts it as a form of this species
ce450995-9b8b-4ed5-9e2d-df15ef319cf6	Leucocarbo verrucosus	19d545cd-ec67-4110-a38e-9819f46ca1d0	Leucocarbo atriceps	eBird counts it as a form of this species
8819f3ac-a0c7-4075-b8c7-8ad53b826a3f	Phylloscopus tristis	87733fef-c63a-416a-8459-cb07635eeb91	Phylloscopus collybita	eBird counts it as a form of this species
7a2d7702-ea55-4825-9ed3-63ca5b9d3705	Strepera melanoptera	94668a50-7852-4bc4-8af5-047e1a0e6ed0	Strepera versicolor	eBird counts it as a form of this species
aa4c53f4-26f9-465a-8c52-c81fd13591a5	Zosterops kulalensis	6fb08c85-488e-415f-9445-2ee4384b031e	Zosterops kaffensis	eBird counts it as a form of this species
e93d9a67-031b-4376-b801-54845aa1efa0	Centropus spilopterus	39256ee6-5b0a-4ce7-b2eb-ed3297c01ecd	Centropus phasianinus	eBird counts it as a form of this species
c32e407e-fe96-4333-a7cb-7a6bcecadce2	Coracina ingens	91cc8ff3-6e10-4449-a8d0-4bf64e913d27	Coracina papuensis	eBird counts it as a form of this species
45599f13-980e-4f94-a4a1-8616ee02e7ac	Ramphastos citreolaemus	291bbdca-f7eb-48c0-9f1d-2b33b05a166a	Ramphastos vitellinus	eBird counts it as a form of this species
49380954-3c65-4f55-8b00-1dfeb1a4f5aa	Pternistis atrifrons	b6d2c400-10e9-41e5-b329-cc980964179b	Pternistis castaneicollis	eBird counts it as a form of this species
4620d840-468f-4bb0-b3d9-0e7fb765a38d	Ceyx malaitae	5be0b3fc-c37d-434a-82bd-40630a7da494	Ceyx nigromaxilla	eBird counts it as a form of this species
a8386099-5ac0-4c7a-ab99-1d7053f9f73b	Ailuroedus jobiensis	f0a905ef-c422-4ada-88e5-d3740e7dca4e	Ailuroedus melanotis	eBird counts it as a form of this species
15837b8b-833d-41be-9843-f527b84cfb5c	Pampa excellens	fbaaaab1-a63d-4878-9fc6-0624c77218e1	Pampa curvipennis	eBird counts it as a form of this species
fb94b203-9c55-45f3-bb92-6c55be2388b1	Certhilauda brevirostris	b2cc7882-31c9-4649-b46c-ad18758489aa	Certhilauda curvirostris	eBird counts it as a form of this species
c9e88a76-13e1-44b5-b1cc-be942b93ee7a	Setophaga auduboni	4bda3581-531c-4624-9163-d17d7ee5585a	Setophaga coronata	eBird counts it as a form of this species
f7cdf96e-16ca-45b4-976f-e1ec7ba75f63	Foudia consobrina	c39c7dae-4354-4d13-aa51-9266765084df	Foudia eminentissima	eBird counts it as a form of this species
db3a2e94-1c2e-4c47-b54d-5dae0955bd77	Buteo bannermani	fc6092ea-6137-4079-a0d4-1f8a250c8494	Buteo buteo	eBird counts it as a form of this species
d03e5e9c-2a30-4a3a-8da8-ee7203291bd7	Ailuroedus astigmaticus	f0a905ef-c422-4ada-88e5-d3740e7dca4e	Ailuroedus melanotis	eBird counts it as a form of this species
bc61bd43-29f8-4915-94c9-5b8a2e334b0c	Molothrus armenti	269ae3c3-57ad-4707-8c6a-0e50f5ab7222	Molothrus aeneus	eBird counts it as a form of this species
dd480b60-9263-421e-a4da-6088aa1dccef	Myrmotherula luctuosa	1b06ecd9-4c27-460c-a956-04827c6c09d0	Myrmotherula axillaris	eBird counts it as a form of this species
c716f599-5c79-4b62-9754-b19fd29dd5f9	Todiramphus gertrudae	f1fcdb2b-1653-4681-ac3d-19556ba8606f	Todiramphus gambieri	eBird counts it as a form of this species
4181f072-5d09-4f65-a96c-1d66725ef8c6	Philemon yorki	d080e457-ba15-4405-8087-dcc39d2b03c4	Philemon buceroides	eBird counts it as a form of this species
fbe67b27-0196-46fc-8fb6-b9e8244e1a61	Glaucidium hoskinsii	0c07ab31-0598-4070-b65b-b3693ee5ec86	Glaucidium gnoma	eBird counts it as a form of this species
95b98457-87cf-4501-a674-ac33b665c75c	Rhipidura rufilateralis	2b71c4ea-94b4-4202-a37a-966bed358579	Rhipidura layardi	eBird counts it as a form of this species
6c420cba-fd91-4ef4-a959-9169ef513025	Scepomycter rubehoensis	87e30bf9-ba30-42e6-82e6-94f4494bc3cd	Scepomycter winifredae	eBird counts it as a form of this species
72053c09-addf-41b4-837f-f40660cd8a07	Aulacorhynchus wagleri	09a5410c-d1c6-41f7-a173-12f04c4d2364	Aulacorhynchus prasinus	eBird counts it as a form of this species
bc4e29a0-85d2-4601-ab6c-c2d59d20c38e	Edolisoma pygmaeum	acee4c0e-6adb-420c-beec-6e755637379d	Edolisoma holopolium	eBird counts it as a form of this species
eeaa42b3-9698-48b2-94b0-625cf9622e23	Dicrurus meeki	c55eab8f-1079-4c3c-95e9-627f4aec4903	Dicrurus bracteatus	eBird counts it as a form of this species
56d5a904-d0dd-4d77-b587-bd3ef5212315	Aplonis circumscripta	c6d206e0-4ab5-4b30-bcbe-81b30de24adf	Aplonis metallica	eBird counts it as a form of this species
cb9a1e02-2d38-41a5-8a39-d520377e5451	Pterorhinus monachus	e0eee12b-3dd3-4312-b0f3-ca2b47066b49	Garrulax chinensis	eBird counts it as a form of this species
7fe699ea-1acf-459a-8e9b-979cb6087703	Sphenopsis ochracea	350620e8-4626-45bb-941d-cf348c2bd14d	Sphenopsis melanotis	eBird counts it as a form of this species
96c4b77c-d07a-4573-aba3-effc6fa7e6c7	Trogon muriciensis	f54fbf8a-be0d-4d12-a468-5d2cbc707036	Trogon chrysochloros	eBird counts it as a form of this species
4a69e4de-3571-44e0-a00c-0eed18b1934b	Atlapetes meridae	5f5129ec-8c93-459e-af88-0aa289dee172	Atlapetes albofrenatus	eBird counts it as a form of this species
783fec13-2725-4205-9d8c-306cfd082690	Phylloscopus suaramerdu	21275989-b30c-4886-859d-3ff706f30094	Phylloscopus poliocephalus	eBird counts it as a form of this species
017b6fa6-6be6-4bd6-b12b-8ff7f0c7c6da	Dicrurus suluensis	e6241db3-e51e-49bb-9eef-9008f7391141	Dicrurus hottentottus	eBird counts it as a form of this species
b30fb0e9-e31e-4d40-9fa3-6519dfb160d5	Pteruthius annamensis	6e78d5f9-67d6-4734-aaf4-8261ba8b8a1d	Pteruthius aeralatus	eBird counts it as a form of this species
3395b344-867b-4041-a7e9-c9edcc5c1f0a	Geokichla tanganjicae	4792a4f2-90f7-4cb5-975d-ab7d5e2ad899	Geokichla piaggiae	eBird counts it as a form of this species
7a4090fa-2e70-4ce4-80df-2e1a2f80a50d	Lampornis cinereicauda	b001fec2-d71b-4ea3-9bb6-19ddcfb5875c	Lampornis castaneoventris	eBird counts it as a form of this species
99e1c41d-e37f-4f3c-ad64-5621024c713a	Corvus levaillantii	59ba3119-047b-406b-89e1-0dde0735f7a5	Corvus macrorhynchos	eBird counts it as a form of this species
268c2b7c-c3f7-4d83-a6f3-55dec38ddbef	Psilopogon chrysopsis	57ec8b4f-948b-4ff6-aadc-61047882cc2a	Psilopogon chrysopogon	eBird counts it as a form of this species
b5dfc42a-39ff-4502-9e00-e14137394e5e	Pachycephala johni	34e32c93-5f77-4bf7-bb2c-4447ec650831	Pachycephala griseonota	eBird counts it as a form of this species
a9369c1c-f06b-460d-b076-fed5083cf763	Kleinothraupis auricularis	ae8e749f-1abb-4728-bf3a-79634891dc71	Kleinothraupis atropileus	eBird counts it as a form of this species
b4e34e50-1796-4c8d-bf1f-e4fe36f46377	Glaucidium cobanense	0c07ab31-0598-4070-b65b-b3693ee5ec86	Glaucidium gnoma	eBird counts it as a form of this species
bcacf513-b88a-431c-9733-9d9ff832e77f	Pampa pampa	fbaaaab1-a63d-4878-9fc6-0624c77218e1	Pampa curvipennis	eBird counts it as a form of this species
36b250aa-1c4f-4f54-83fb-53e25d39c65e	Dicrurus occidentalis	08958f7d-315a-4174-abe3-58180613872f	Dicrurus sharpei	eBird counts it as a form of this species
0c46cff5-f2ea-4571-9381-58f66709a372	Pachysylvia minor	34cb40f7-1cc8-4bf6-884f-db3c534a6017	Hylophilus decurtatus	eBird counts it as a form of this species
17532b3d-c1e4-46b8-9469-5b8cc7224fc4	Aethopyga decorosa	45b346a2-7600-43d2-bbec-e70ae20b61e2	Aethopyga pulcherrima	eBird counts it as a form of this species
7d11fe62-8359-46e7-b753-e0b8b0982f71	Lanius lahtora	301f3bf6-ce21-44d5-b9ca-12f2de0c28e8	Lanius excubitor	eBird counts it as a form of this species
dec6dcab-bd48-4864-b571-098e25551852	Phibalura boliviana	48ced2a9-9bb5-4d09-951a-4dfd3ead257e	Phibalura flavirostris	eBird counts it as a form of this species
41bbd1e2-7ad7-4ba5-8518-652b3d73a7e7	Cinnyris hofmanni	d1f443f0-ba33-41b4-91b0-263e2c9ecb3a	Cinnyris shelleyi	eBird counts it as a form of this species
3967580c-abbb-4161-8cac-066da25d847a	Locustella timorensis	c7277314-5527-4e56-94ad-b48e5360d9ae	Locustella montis	eBird counts it as a form of this species
ea7ec602-6694-4038-bf38-bf98c9515b0e	Phyllastrephus alfredi	9206cd94-69ae-45e6-ba08-c00c142edd96	Phyllastrephus flavostriatus	eBird counts it as a form of this species
3cc09ac7-d07d-4e3b-a691-e736834dad16	Chrysophlegma humii	0490963a-209f-41ed-8b06-0ed13106864d	Chrysophlegma mentale	eBird counts it as a form of this species
fd5e21c0-c1f4-4d91-9776-a9e4740dbcbd	Aulacorhynchus caeruleogularis	09a5410c-d1c6-41f7-a173-12f04c4d2364	Aulacorhynchus prasinus	eBird counts it as a form of this species
95c3113a-de06-4ded-a23a-214c91108123	Thalassarche impavida	e522c0b9-92ba-4fa2-ba91-89ebdaf114e7	Thalassarche melanophris	eBird counts it as a form of this species
b231e8cf-8a4c-4f06-a0cc-2c6808848a8c	Pogoniulus makawai	3497a58b-4ecf-4d7f-aa18-3324d27709f6	Pogoniulus bilineatus	eBird counts it as a form of this species
cce12345-3aa0-43fd-9a9d-6409f06650a0	Ailuroedus melanocephalus	f0a905ef-c422-4ada-88e5-d3740e7dca4e	Ailuroedus melanotis	eBird counts it as a form of this species
c38b8270-fe3a-4e99-82b3-e62c66b9cefa	Egretta dimorpha	ea07546a-9a75-4959-a9f5-52ad4ebe91f6	Egretta garzetta	eBird counts it as a form of this species
ec88b29b-43ce-46b3-a563-d1182a441cb4	Cyornis djampeanus	716fc770-a2b2-4bd1-9916-e1ae176d5a28	Cyornis omissus	eBird counts it as a form of this species
61a391b2-6e17-47e9-980a-25bf160309c3	Gracula robusta	c6720805-afbd-4906-b8ea-89b5d2d579fc	Gracula religiosa	eBird counts it as a form of this species
aadd2757-102e-4e01-aede-3f05d18f7143	Rhodopechys alienus	b71ed84c-7106-4c77-9c14-7f7fcb842720	Rhodopechys sanguineus	eBird counts it as a form of this species
9ec4f798-9bd5-45f9-9cdb-a9b59257c8c6	Oenanthe warriae	999885d7-aeb6-4ebb-a09b-869e61924ff6	Oenanthe lugens	eBird counts it as a form of this species
0f28bd67-f798-465f-88b1-5f6e3d95f13f	Aulacorhynchus cyanolaemus	10229523-ff9b-4cc4-b34d-74ce2becbb15	Aulacorhynchus albivitta	eBird counts it as a form of this species
fed60ea4-5035-427d-9eb3-a21ea1a4935b	Cisticola lepe	e7364996-4330-459a-8609-60637d1e05ea	Cisticola erythrops	eBird counts it as a form of this species
4d122144-ca19-448f-afb0-0ff7935a4099	Corvus culminatus	59ba3119-047b-406b-89e1-0dde0735f7a5	Corvus macrorhynchos	eBird counts it as a form of this species
86ddbf84-5590-44bb-a3ce-be23c7f5de73	Phoeniculus granti	b47f50e4-8dfb-4f44-9ed2-f21cb9351173	Phoeniculus damarensis	eBird counts it as a form of this species
a85fce29-223d-42f9-9459-e40677cb18d2	Zoothera iriomotensis	d21006bc-59d3-4fc5-8188-ef821b8c18d0	Zoothera dauma	eBird counts it as a form of this species
13a2fc78-ec18-40ae-ac88-181cd5463159	Accipiter ventralis	a12cd0a3-918a-46ff-b33d-9b905056a811	Accipiter striatus	eBird counts it as a form of this species
158362bc-d6b5-404c-ae11-eccb674ab696	Xenoperdix obscuratus	63aa5bd7-d7bf-47bf-b22b-78bded8664a3	Xenoperdix udzungwensis	eBird counts it as a form of this species
6988880f-cccb-4a17-8bd2-9aca03195f3a	Emberiza vincenti	84737ffc-9469-416d-9130-6f834f9a6b55	Emberiza capensis	eBird counts it as a form of this species
2b0fa4df-514a-42c3-bba8-853235bd55bb	Saxicola sibilla	698d2475-938a-4c1f-a3fb-1f456b7b8e36	Saxicola torquatus	eBird counts it as a form of this species
9f86116c-9a1c-4c67-aab5-df442e26840e	Campephilus splendens	ca591911-b1c6-4c0b-9375-47ad311e2573	Campephilus haematogaster	eBird counts it as a form of this species
892e4953-edae-4902-b5f5-32f4bf0ea96b	Himantopus melanurus	8aa4c4bb-dcad-411c-862d-0d37c3486b12	Himantopus mexicanus	eBird counts it as a form of this species
57b90ad1-0f97-4c3d-8663-95440ade87cf	Philemon novaeguineae	d080e457-ba15-4405-8087-dcc39d2b03c4	Philemon buceroides	eBird counts it as a form of this species
a5e435aa-d52b-4f34-a51d-d27e536517a4	Elaenia chilensis	dae21915-de2d-471f-b29f-98d7db841363	Elaenia albiceps	eBird counts it as a form of this species
05b0ac98-39fe-47da-b4b4-7bc518107b70	Tyto multipunctata	6e725bc9-2457-4c47-b91f-c2b08f4d38e4	Tyto tenebricosa	eBird counts it as a form of this species
32b47803-c75a-4574-9dfa-8c7f0a69dad5	Copsychus pica	64e6cdc6-d996-4479-aa52-7ff41ea0570b	Copsychus albospecularis	eBird counts it as a form of this species
5d02127e-aa2b-429f-b595-44f7a0e3af14	Thalasseus acuflavidus	5ddf4cb7-b02b-47d4-85e3-b086d2c2140b	Thalasseus sandvicensis	eBird counts it as a form of this species
b9adaafc-44cb-4683-a751-db464ae03e33	Caprimulgus nigriscapularis	046e6907-f7c0-415e-badc-d4942bf234c8	Caprimulgus pectoralis	eBird counts it as a form of this species
803218f8-c8bf-4750-9442-9b23d92851ee	Nystalus striatipectus	80a53413-862e-4026-8710-33c9a6bb9813	Nystalus maculatus	eBird counts it as a form of this species
269cbbfb-8cd0-4c27-bbba-dedb438e10b9	Pyrrhura eisenmanni	2b695561-1880-49e4-974d-896542bebf71	Pyrrhura subandina	eBird counts it as a form of this species
